CreditScore,Age,Balance,NumOfProducts,IsActiveMember,Exited,ZeroBalance,ProductActivity,BalanceSalaryRatio,TenureAgeRatio,Gender_Encoded,Geography_Germany,Geography_Spain
619,42,0.0,1,1,1,1,1,0.0,0.05952380952380952,0,0.0,0.0
608,41,83807.86,1,1,0,0,1,0.7446702868346644,0.036585365853658534,0,0.0,1.0
502,42,159660.8,3,0,1,0,0,1.401362226797833,0.20238095238095238,0,0.0,0.0
699,39,0.0,2,0,0,1,0,0.0,0.038461538461538464,0,0.0,0.0
850,43,125510.82,1,1,0,0,1,1.5870349787760274,0.05813953488372093,0,0.0,1.0
645,44,113755.78,2,0,1,0,0,0.7595988213227887,0.19318181818181818,1,0.0,1.0
822,50,0.0,2,1,0,1,2,0.0,0.15,1,0.0,0.0
376,29,115046.74,4,0,1,0,0,0.9639613204692031,0.15517241379310345,0,1.0,0.0
501,44,142051.07,2,1,0,0,2,1.8954927510124564,0.10227272727272728,1,0.0,0.0
684,27,134603.88,1,1,0,0,1,1.8766208915421072,0.09259259259259259,1,0.0,0.0
528,31,102016.72,2,0,0,0,0,1.2723125804106952,0.20967741935483872,1,0.0,0.0
497,24,0.0,2,0,0,1,0,0.0,0.14583333333333334,1,0.0,1.0
476,34,0.0,2,0,0,1,0,0.0,0.3088235294117647,0,0.0,0.0
549,25,0.0,2,0,0,1,0,0.0,0.22,0,0.0,0.0
635,35,0.0,2,1,0,1,2,0.0,0.21428571428571427,0,0.0,1.0
616,45,143129.41,2,1,0,0,2,2.224984944408569,0.07777777777777778,1,1.0,0.0
653,58,132602.88,1,0,1,0,0,26.00734701402523,0.02586206896551724,1,1.0,0.0
549,24,0.0,2,1,0,1,2,0.0,0.3958333333333333,0,0.0,1.0
587,45,0.0,1,0,0,1,0,0.0,0.14444444444444443,1,0.0,1.0
726,24,0.0,2,1,0,1,2,0.0,0.2708333333333333,0,0.0,0.0
732,41,0.0,2,1,0,1,2,0.0,0.2073170731707317,1,0.0,0.0
636,32,0.0,2,0,0,1,0,0.0,0.265625,0,0.0,1.0
510,38,0.0,1,0,1,1,0,0.0,0.11842105263157894,0,0.0,1.0
669,46,0.0,2,1,0,1,2,0.0,0.07608695652173914,1,0.0,0.0
846,38,0.0,1,1,0,1,1,0.0,0.14473684210526316,0,0.0,0.0
577,25,0.0,2,1,0,1,2,0.0,0.14,1,0.0,0.0
756,36,136815.64,1,1,0,0,1,0.8045946038927224,0.06944444444444445,1,1.0,0.0
571,44,0.0,2,0,0,1,0,0.0,0.2159090909090909,1,0.0,0.0
574,43,141349.43,1,1,0,0,1,1.4108358619852612,0.08139534883720931,0,1.0,0.0
411,29,59697.17,2,1,0,0,2,1.116164378234249,0.017241379310344827,1,0.0,0.0
591,39,0.0,3,0,1,1,0,0.0,0.08974358974358974,0,0.0,1.0
533,36,85311.7,1,1,0,0,1,0.5443126143705237,0.20833333333333334,1,0.0,0.0
553,41,110112.54,2,0,0,0,0,1.3444785769344276,0.23170731707317074,1,1.0,0.0
520,42,0.0,2,1,0,1,2,0.0,0.15476190476190477,0,0.0,1.0
722,29,0.0,2,1,0,1,2,0.0,0.3275862068965517,0,0.0,1.0
475,45,134264.04,1,0,1,0,0,4.825477582474692,0.011111111111111112,0,0.0,0.0
490,31,145260.23,1,1,0,0,1,1.2734555080720873,0.11290322580645161,1,0.0,1.0
804,33,76548.6,1,1,0,0,1,0.7775026928696469,0.22727272727272727,1,0.0,1.0
850,36,0.0,1,1,0,1,1,0.0,0.20833333333333334,1,0.0,0.0
582,41,70349.48,2,1,0,0,2,0.3950552531112726,0.15853658536585366,1,1.0,0.0
472,40,0.0,1,0,0,1,0,0.0,0.1125,1,0.0,1.0
465,51,122522.32,1,0,1,0,0,0.6758038187267252,0.16666666666666666,0,0.0,0.0
556,61,117419.35,1,1,0,0,1,1.2470879082889321,0.040983606557377046,0,0.0,0.0
834,49,131394.56,1,0,1,0,0,0.6760135323550178,0.05102040816326531,0,0.0,0.0
660,61,155931.11,1,1,0,0,1,0.9847903923338341,0.09016393442622951,0,0.0,1.0
776,32,109421.13,2,1,0,0,2,0.8648629614998475,0.140625,0,1.0,0.0
829,27,112045.67,1,1,1,0,1,0.9359820351333034,0.35185185185185186,0,1.0,0.0
637,39,137843.8,1,1,1,0,1,1.171903985417917,0.24358974358974358,0,1.0,0.0
550,38,103391.38,1,1,0,0,1,1.137680125238875,0.06578947368421052,1,1.0,0.0
776,37,103769.22,2,0,0,0,0,0.5346169801440618,0.06756756756756757,0,1.0,0.0
698,44,116363.37,2,0,0,0,0,0.5875152781861834,0.23863636363636365,1,1.0,0.0
585,36,146050.97,2,0,0,0,0,1.6899046196629075,0.1527777777777778,1,1.0,0.0
788,33,0.0,2,0,0,1,0,0.0,0.16666666666666666,0,0.0,0.0
655,41,125561.97,1,0,1,0,0,0.76542602458859,0.2073170731707317,1,1.0,0.0
601,42,98495.72,1,0,1,0,0,2.4614231992594915,0.03571428571428571,1,1.0,0.0
619,43,125211.92,1,1,0,0,1,1.1040496866763676,0.03488372093023256,1,0.0,0.0
656,45,127864.4,1,0,0,0,0,1.4678739416799058,0.12222222222222222,1,0.0,0.0
725,19,75888.2,1,0,0,0,0,1.6636767712198357,0.02631578947368421,1,1.0,0.0
511,66,0.0,1,0,1,1,0,0.0,0.06818181818181818,0,0.0,1.0
614,51,40685.92,1,1,0,0,1,0.8697981113504537,0.08823529411764706,1,0.0,0.0
742,35,136857.0,1,0,0,0,0,1.6194068978590488,0.15714285714285714,1,1.0,0.0
687,27,152328.88,2,0,0,0,0,1.2042206612044573,0.35185185185185186,0,1.0,0.0
555,33,56084.69,2,0,0,0,0,0.3136742891310489,0.045454545454545456,1,0.0,1.0
684,56,78707.16,1,1,0,0,1,0.7918276334978415,0.15178571428571427,1,0.0,1.0
603,26,109166.37,1,1,0,0,1,1.1758337608532892,0.17307692307692307,1,1.0,0.0
751,36,169831.46,2,1,0,0,2,6.117989031447411,0.18055555555555555,0,1.0,0.0
581,34,101633.04,1,0,0,0,0,0.9203181200898177,0.04411764705882353,0,1.0,0.0
735,43,123180.01,2,1,0,0,2,0.6263147880851527,0.2441860465116279,1,1.0,0.0
661,35,150725.53,2,1,0,0,2,1.3261339185986714,0.15714285714285714,0,1.0,0.0
675,21,98373.26,1,0,0,0,0,5.403936497473082,0.40476190476190477,0,0.0,0.0
738,58,133745.44,4,0,1,0,0,4.713518938948069,0.04310344827586207,1,1.0,0.0
813,29,0.0,1,0,0,1,0,0.0,0.22413793103448276,1,0.0,0.0
657,37,163607.18,1,1,0,0,1,3.701138909908595,0.013513513513513514,0,0.0,1.0
604,25,157780.84,2,1,0,0,2,2.7004407661351677,0.22,0,1.0,0.0
519,36,0.0,2,1,0,1,2,0.0,0.2638888888888889,1,0.0,0.0
735,21,178718.19,2,0,0,0,0,7.982410558756532,0.07142857142857142,0,0.0,0.0
664,55,0.0,2,1,0,1,2,0.0,0.15454545454545454,1,0.0,0.0
678,32,0.0,1,1,0,1,1,0.0,0.296875,0,0.0,0.0
757,33,77253.22,1,1,0,0,1,0.39771915896277726,0.16666666666666666,1,0.0,1.0
416,41,122189.66,2,0,0,0,0,1.2429950740880633,0.25609756097560976,0,1.0,0.0
665,34,96645.54,2,0,0,0,0,0.5638114032953774,0.04411764705882353,0,0.0,0.0
777,32,0.0,1,0,1,1,0,0.0,0.078125,0,0.0,0.0
543,36,0.0,2,0,0,1,0,0.0,0.09722222222222222,0,0.0,0.0
506,34,90307.62,1,1,0,0,1,0.567129641113844,0.1323529411764706,0,0.0,0.0
493,46,0.0,2,0,0,1,0,0.0,0.09782608695652174,0,0.0,0.0
652,75,0.0,2,1,0,1,2,0.0,0.14,0,0.0,1.0
750,22,121681.82,1,0,1,0,0,0.9458776852617313,0.1590909090909091,1,0.0,1.0
729,30,0.0,2,0,0,1,0,0.0,0.31666666666666665,1,0.0,0.0
646,46,0.0,3,0,1,1,0,0.0,0.09782608695652174,0,0.0,0.0
635,28,81623.67,2,1,0,0,2,0.520584485111392,0.125,0,1.0,0.0
647,44,0.0,3,1,1,1,3,0.0,0.125,0,0.0,1.0
808,45,118626.55,2,0,0,0,0,0.8062513448674422,0.16666666666666666,1,0.0,0.0
524,36,0.0,2,0,0,1,0,0.0,0.2916666666666667,0,0.0,0.0
769,29,0.0,2,1,0,1,2,0.0,0.29310344827586204,1,0.0,0.0
730,42,0.0,2,1,0,1,2,0.0,0.10714285714285714,1,0.0,1.0
515,35,176273.95,1,1,0,0,1,1.45346077854675,0.3,1,0.0,1.0
773,41,102827.44,1,1,0,0,1,1.591848443214583,0.23170731707317074,1,0.0,1.0
814,29,97086.4,2,1,0,0,2,0.49213205808498933,0.29310344827586204,1,1.0,0.0
710,22,0.0,2,0,0,1,0,0.0,0.38636363636363635,1,0.0,1.0
413,34,0.0,2,0,0,1,0,0.0,0.27941176470588236,1,0.0,0.0
665,40,0.0,1,1,0,1,1,0.0,0.1625,0,0.0,0.0
623,44,0.0,2,0,0,1,0,0.0,0.14772727272727273,0,0.0,0.0
738,31,82674.15,1,0,0,0,0,1.9697584468780405,0.3064516129032258,1,0.0,0.0
528,36,0.0,2,0,0,1,0,0.0,0.20833333333333334,1,0.0,1.0
670,65,0.0,1,1,1,1,1,0.0,0.023076923076923078,0,0.0,1.0
622,46,107073.27,2,1,1,0,2,3.455582740235058,0.09782608695652174,0,0.0,1.0
582,32,88938.62,1,1,0,0,1,8.844747119246822,0.046875,1,1.0,0.0
785,36,99806.85,1,1,0,0,1,2.6991223316220236,0.06944444444444445,0,1.0,0.0
605,33,150092.8,1,0,0,0,0,2.0885733969778104,0.16666666666666666,1,0.0,1.0
479,35,92833.89,1,0,1,0,0,0.9334649293128284,0.2714285714285714,1,1.0,0.0
685,30,90536.81,1,1,0,0,1,1.4351813807267404,0.11666666666666667,1,1.0,0.0
538,39,108055.1,2,0,0,0,0,3.9679079150977556,0.19230769230769232,1,1.0,0.0
562,42,100238.35,1,0,0,0,0,1.1548408548036768,0.05952380952380952,1,0.0,0.0
675,36,106190.55,1,1,0,0,1,4.617920081129552,0.2638888888888889,1,0.0,1.0
721,28,154475.54,2,1,1,0,2,1.524902089732931,0.3392857142857143,1,1.0,0.0
628,30,132351.29,2,1,0,0,2,1.7844284484872819,0.31666666666666665,0,1.0,0.0
668,37,167864.4,1,0,0,0,0,1.4516208115771032,0.17567567567567569,0,1.0,0.0
506,41,0.0,2,0,0,1,0,0.0,0.036585365853658534,0,0.0,0.0
524,31,107818.63,1,0,1,0,0,0.5398316667116448,0.27419354838709675,0,1.0,0.0
699,34,185173.81,2,0,0,0,0,1.5324456856545776,0.1323529411764706,1,1.0,0.0
828,34,129433.34,2,0,0,0,0,3.3942810868447273,0.25,1,0.0,0.0
674,39,120193.42,1,0,0,0,0,1.200350337729366,0.16666666666666666,1,0.0,1.0
656,39,0.0,2,0,0,1,0,0.0,0.16666666666666666,0,0.0,0.0
684,48,126384.42,1,1,0,0,1,0.6378851782230649,0.21875,0,1.0,0.0
625,28,0.0,1,0,0,1,0,0.0,0.125,0,0.0,0.0
432,42,152603.45,1,0,1,0,0,1.3839544179614722,0.2261904761904762,1,0.0,0.0
549,52,0.0,1,1,1,1,1,0.0,0.028846153846153848,0,0.0,0.0
625,56,148507.24,1,0,1,0,0,3.171532008060637,0.008928571428571428,1,1.0,0.0
828,41,0.0,2,0,0,1,0,0.0,0.18292682926829268,0,0.0,0.0
770,24,101827.07,1,0,0,0,0,0.608804755067565,0.3958333333333333,1,0.0,0.0
758,34,0.0,2,1,0,1,2,0.0,0.10294117647058823,0,0.0,0.0
795,33,130862.43,1,1,0,0,1,1.1385657313739508,0.2878787878787879,0,1.0,0.0
687,38,122570.87,1,1,0,0,1,3.4420467016457232,0.25,1,0.0,0.0
686,25,0.0,2,1,0,1,2,0.0,0.06,1,0.0,0.0
789,39,124828.46,2,1,0,0,2,1.0033467811164318,0.19230769230769232,1,1.0,0.0
589,50,144895.05,2,1,0,0,2,4.146703000924669,0.11,0,1.0,0.0
461,34,63663.93,1,1,0,0,1,0.3794369208073557,0.16176470588235295,0,1.0,0.0
637,40,133463.1,1,1,0,0,1,1.432524879693675,0.0625,1,0.0,0.0
584,48,213146.2,1,0,1,0,0,2.8358145212523573,0.052083333333333336,0,0.0,1.0
579,35,129490.36,2,1,1,0,2,15.071336374206659,0.04285714285714286,0,0.0,1.0
756,44,137452.09,1,0,0,0,0,0.7251690232762791,0.23863636363636365,1,1.0,0.0
663,34,0.0,2,1,0,1,2,0.0,0.22058823529411764,1,0.0,0.0
682,43,125851.93,1,1,0,0,1,0.6510054116161069,0.12790697674418605,0,0.0,0.0
793,52,0.0,1,0,1,1,0,0.0,0.04807692307692308,1,0.0,1.0
691,31,40915.55,1,0,1,0,0,0.3241738451674938,0.1774193548387097,0,0.0,0.0
485,21,113157.22,1,1,0,0,1,2.089988825783811,0.2619047619047619,0,0.0,1.0
635,29,138296.94,2,0,0,0,0,0.9802974286789486,0.29310344827586204,0,0.0,1.0
650,37,106967.18,1,0,0,0,0,4.366714932991183,0.14864864864864866,1,0.0,0.0
735,44,120681.63,1,0,0,0,0,1.6125857760310562,0.2159090909090909,1,0.0,0.0
416,32,0.0,2,1,0,1,2,0.0,0.015625,1,0.0,0.0
754,32,0.0,2,0,0,1,0,0.0,0.234375,0,0.0,1.0
535,48,0.0,1,0,1,1,0,0.0,0.19791666666666666,0,0.0,0.0
716,42,0.0,2,0,0,1,0,0.0,0.20238095238095238,1,0.0,1.0
539,37,127609.59,1,0,0,0,0,1.293595399850092,0.06756756756756757,1,0.0,0.0
614,43,0.0,2,1,0,1,2,0.0,0.1511627906976744,0,0.0,0.0
706,57,0.0,1,0,1,1,0,0.0,0.13157894736842105,1,0.0,1.0
758,33,0.0,2,0,0,1,0,0.0,0.22727272727272727,0,0.0,0.0
586,28,0.0,2,1,0,1,2,0.0,0.08928571428571429,0,0.0,1.0
646,73,97259.25,1,1,0,0,1,0.9287493986382438,0.08904109589041095,0,0.0,0.0
631,33,123246.7,1,0,0,0,0,1.0936929983227224,0.13636363636363635,0,1.0,0.0
717,22,101060.25,1,1,0,0,1,1.1931473652594504,0.29545454545454547,0,0.0,1.0
684,30,0.0,2,0,0,1,0,0.0,0.08333333333333333,1,0.0,0.0
800,49,108007.36,1,0,0,0,0,2.291879384909979,0.15306122448979592,0,0.0,0.0
721,36,0.0,2,1,0,1,2,0.0,0.06944444444444445,0,0.0,1.0
683,29,133702.89,1,0,1,0,0,2.4054403515860994,0.017241379310344827,1,0.0,1.0
660,31,125189.75,2,1,0,0,2,0.8950088661032177,0.3064516129032258,1,1.0,0.0
704,24,113034.22,1,0,1,0,0,0.6955760235040904,0.3125,0,1.0,0.0
615,41,109013.23,1,0,0,0,0,0.5547719970426608,0.23170731707317074,0,0.0,1.0
667,39,0.0,2,0,1,1,0,0.0,0.0641025641025641,0,0.0,1.0
682,24,57929.81,2,0,0,0,0,1.0902321055870579,0.3958333333333333,1,1.0,0.0
484,29,130114.39,1,0,0,0,0,0.7932890534742675,0.15517241379310345,0,0.0,0.0
628,27,95826.49,2,0,0,0,0,0.6142804046924717,0.2037037037037037,1,1.0,0.0
480,44,129608.57,1,0,1,0,0,23.6784204468641,0.23863636363636365,1,1.0,0.0
578,30,169462.09,1,0,0,0,0,1.5105173801394818,0.15,1,0.0,0.0
512,40,0.0,2,1,0,1,2,0.0,0.1375,1,0.0,0.0
484,35,133868.21,1,1,0,0,1,4.905915615803805,0.21428571428571427,0,0.0,1.0
510,30,0.0,2,1,0,1,2,0.0,0.016666666666666666,0,0.0,0.0
606,36,190479.48,2,0,0,0,0,1.0620374168489841,0.1527777777777778,1,1.0,0.0
597,40,101993.12,1,1,0,0,1,1.0761592282869175,0.2125,0,0.0,1.0
754,55,161608.81,1,0,1,0,0,19.99651193724209,0.06363636363636363,0,1.0,0.0
850,45,122311.21,1,1,0,0,1,6.277681628044243,0.05555555555555555,0,0.0,1.0
510,65,0.0,2,1,0,1,2,0.0,0.038461538461538464,1,0.0,0.0
778,45,162150.42,2,0,0,0,0,0.929056958922267,0.03333333333333333,0,1.0,0.0
636,42,0.0,2,1,0,1,2,0.0,0.05952380952380952,1,0.0,0.0
804,50,0.0,1,1,1,1,1,0.0,0.09,0,0.0,0.0
514,32,0.0,2,0,0,1,0,0.0,0.265625,1,0.0,0.0
730,39,99010.67,1,0,0,0,0,0.5078855872473926,0.038461538461538464,0,0.0,0.0
525,37,0.0,1,1,0,1,1,0.0,0.013513513513513514,0,0.0,1.0
616,30,0.0,2,1,0,1,2,0.0,0.18333333333333332,1,0.0,1.0
687,34,111388.18,2,0,0,0,0,0.7497567407187227,0.22058823529411764,0,1.0,0.0
715,41,56214.85,2,0,1,0,0,0.6045672995488129,0.2073170731707317,0,0.0,0.0
512,36,84327.77,2,0,0,0,0,4.770652442018606,0.09722222222222222,0,0.0,0.0
479,40,0.0,2,0,0,1,0,0.0,0.0375,1,0.0,0.0
601,32,93012.89,1,0,0,0,0,1.0696248850887586,0.265625,1,0.0,0.0
580,29,61710.44,2,0,0,0,0,0.48181619440531925,0.3275862068965517,1,0.0,1.0
807,35,174790.15,1,1,0,0,1,35.476218007762185,0.1,1,0.0,0.0
616,32,0.0,2,1,0,1,2,0.0,0.203125,0,0.0,1.0
721,37,107720.64,1,1,0,0,1,0.6792307209210647,0.0945945945945946,1,1.0,0.0
501,57,0.0,2,1,0,1,2,0.0,0.18421052631578946,1,0.0,0.0
521,35,96423.84,1,0,0,0,0,9.192467853383974,0.18571428571428572,1,0.0,0.0
850,30,141040.01,1,1,0,0,1,23.588441597538136,0.08333333333333333,1,0.0,1.0
759,42,105420.18,1,1,0,0,1,0.8682985577966109,0.10714285714285714,1,0.0,0.0
516,50,0.0,1,1,1,1,1,0.0,0.11,1,0.0,1.0
711,38,129022.06,2,1,1,0,2,8.974910718384848,0.06578947368421052,0,0.0,0.0
512,33,176666.62,1,0,0,0,0,1.8660960917916714,0.10606060606060606,1,0.0,1.0
550,37,0.0,1,1,0,1,1,0.0,0.0945945945945946,1,0.0,0.0
608,41,89763.84,1,0,1,0,0,0.45038261316507994,0.08536585365853659,0,0.0,1.0
618,34,134954.53,1,1,0,0,1,0.8881194013585171,0.16176470588235295,1,0.0,0.0
643,45,0.0,1,0,1,1,0,0.0,0.12222222222222222,1,0.0,0.0
671,45,106376.85,1,1,0,0,1,0.6721412395187282,0.05555555555555555,1,0.0,0.0
689,33,161814.64,2,0,0,0,0,0.9553186301568813,0.07575757575757576,1,1.0,0.0
603,31,0.0,2,1,0,1,2,0.0,0.27419354838709675,1,0.0,0.0
620,41,0.0,2,0,0,1,0,0.0,0.23170731707317074,0,0.0,0.0
676,34,63095.01,1,1,0,0,1,1.5522745819413628,0.04411764705882353,0,0.0,0.0
572,26,118287.01,2,0,0,0,0,1.9574770430410915,0.17307692307692307,1,1.0,0.0
668,47,106854.21,1,1,1,0,1,0.676463639343677,0.1595744680851064,1,1.0,0.0
695,46,49512.55,1,0,0,0,0,0.3722514693439524,0.16304347826086957,1,0.0,0.0
730,33,0.0,2,0,0,1,0,0.0,0.2878787878787879,0,0.0,1.0
807,43,105799.32,2,0,1,0,0,3.032451451802629,0.03488372093023256,1,0.0,0.0
592,54,0.0,1,1,1,1,1,0.0,0.1574074074074074,1,0.0,0.0
726,31,114722.05,2,1,0,0,2,1.1684920803788406,0.3064516129032258,0,0.0,0.0
514,30,0.0,1,1,0,1,1,0.0,0.25,1,0.0,1.0
567,42,0.0,2,1,0,1,2,0.0,0.05952380952380952,1,0.0,0.0
850,33,0.0,1,0,1,1,0,0.0,0.3181818181818182,1,0.0,0.0
671,45,99564.22,1,1,1,0,1,0.9144949480337033,0.14444444444444443,1,1.0,0.0
670,37,170557.91,2,0,0,0,0,0.8603004894532202,0.12162162162162163,1,0.0,0.0
694,30,0.0,2,1,0,1,2,0.0,0.31666666666666665,0,0.0,0.0
547,39,74596.15,3,1,1,0,3,0.8699511076238705,0.16666666666666666,0,1.0,0.0
751,50,96888.39,1,0,1,0,0,1.2549131072535287,0.05,1,1.0,0.0
594,29,130830.22,1,0,0,0,0,2.1430176448532854,0.1206896551724138,0,1.0,0.0
673,72,0.0,2,1,0,1,2,0.0,0.020833333333333332,1,0.0,0.0
610,40,0.0,2,0,0,1,0,0.0,0.0125,1,0.0,0.0
512,37,0.0,2,1,0,1,2,0.0,0.04054054054054054,0,0.0,0.0
767,20,119714.25,2,1,0,0,2,0.7973700311676624,0.175,1,1.0,0.0
585,67,113978.97,2,1,0,0,2,1.2236447271418298,0.08208955223880597,0,0.0,0.0
763,42,100160.75,1,0,1,0,0,2.9930949553459634,0.15476190476190477,1,1.0,0.0
712,29,0.0,1,1,0,1,1,0.0,0.08620689655172414,0,0.0,0.0
539,43,116220.5,3,0,1,0,0,2.082619537761518,0.08139534883720931,0,1.0,0.0
668,46,0.0,3,0,1,1,0,0.0,0.05434782608695652,0,0.0,0.0
703,28,81173.83,2,1,0,0,2,0.49857044725377236,0.08928571428571429,1,0.0,0.0
662,38,0.0,2,0,0,1,0,0.0,0.11842105263157894,1,0.0,1.0
725,39,116803.8,1,0,0,0,0,0.9415563242353309,0.14102564102564102,0,1.0,0.0
703,37,105961.68,2,1,0,0,2,1.4288290960870982,0.22972972972972974,1,0.0,0.0
659,67,117411.6,1,1,1,0,1,2.604973499121075,0.09701492537313433,1,1.0,0.0
523,34,0.0,2,0,0,1,0,0.0,0.22058823529411764,1,0.0,1.0
635,40,123497.58,1,0,1,0,0,0.9359122477543917,0.2625,0,0.0,0.0
772,26,152400.51,2,0,0,0,0,1.9190393502486938,0.28846153846153844,1,1.0,0.0
545,26,0.0,2,1,0,1,2,0.0,0.057692307692307696,0,0.0,0.0
634,24,103097.85,1,1,0,0,1,0.6542643025254303,0.3541666666666667,1,1.0,0.0
739,54,126418.14,1,0,1,0,0,0.9404589659039553,0.1574074074074074,1,1.0,0.0
771,36,77846.9,1,0,0,0,0,0.7799744286447271,0.1527777777777778,0,1.0,0.0
587,34,0.0,2,1,0,1,2,0.0,0.04411764705882353,0,0.0,1.0
681,79,0.0,2,1,0,1,2,0.0,0.006329113924050633,0,0.0,0.0
544,37,79731.91,1,1,0,0,1,1.385197693882639,0.06756756756756757,1,1.0,0.0
696,28,0.0,1,0,0,1,0,0.0,0.30357142857142855,1,0.0,1.0
766,41,0.0,2,1,0,1,2,0.0,0.012195121951219513,1,0.0,1.0
727,34,0.0,2,1,0,1,2,0.0,0.3088235294117647,1,0.0,0.0
671,34,37266.67,2,0,0,0,0,0.23749118329992738,0.19117647058823528,0,1.0,0.0
693,30,127992.25,1,1,0,0,1,2.5365996012541077,0.21666666666666667,0,0.0,0.0
850,38,54901.01,1,1,0,0,1,0.39193576655050405,0.09210526315789473,1,1.0,0.0
732,42,108748.08,2,1,0,0,2,1.6647464466029465,0.2261904761904762,1,1.0,0.0
726,48,99906.19,1,0,0,0,0,1.5531654940656898,0.13541666666666666,0,0.0,1.0
557,32,184686.41,2,0,0,0,0,12.347461196568396,0.203125,0,0.0,0.0
682,26,110654.02,1,1,0,0,1,0.9890401528563452,0.019230769230769232,0,0.0,0.0
738,31,79019.8,1,1,0,0,1,4.246725600747666,0.3064516129032258,1,0.0,1.0
531,36,99240.51,1,0,0,0,0,0.8059291359345502,0.2638888888888889,0,0.0,1.0
498,34,0.0,2,1,0,1,2,0.0,0.07352941176470588,1,0.0,0.0
651,36,0.0,2,0,0,1,0,0.0,0.20833333333333334,1,0.0,0.0
549,39,0.0,1,0,1,1,0,0.0,0.19230769230769232,0,0.0,1.0
791,35,52436.2,1,0,0,0,0,0.3255840089660065,0.21428571428571427,0,1.0,0.0
650,41,0.0,2,1,0,1,2,0.0,0.23170731707317074,1,0.0,1.0
733,34,100337.96,3,0,1,0,0,2.066259625425683,0.10294117647058823,1,1.0,0.0
811,34,149297.19,2,1,0,0,2,0.8012053080823872,0.04411764705882353,0,1.0,0.0
707,30,0.0,2,0,0,1,0,0.0,0.2833333333333333,1,0.0,0.0
712,28,145605.44,1,1,0,0,1,1.5508991736977327,0.16071428571428573,1,1.0,0.0
706,37,0.0,2,1,0,1,2,0.0,0.20270270270270271,0,0.0,1.0
756,62,0.0,1,1,1,1,1,0.0,0.056451612903225805,1,0.0,0.0
777,53,0.0,2,0,0,1,0,0.0,0.19811320754716982,0,0.0,0.0
646,35,84026.86,1,1,0,0,1,0.5115582202466152,0.18571428571428572,1,0.0,0.0
714,46,0.0,1,0,1,1,0,0.0,0.03260869565217391,1,0.0,0.0
782,39,0.0,2,1,0,1,2,0.0,0.21794871794871795,1,0.0,0.0
775,29,0.0,2,1,0,1,2,0.0,0.3620689655172414,1,0.0,1.0
479,35,138718.92,1,1,1,0,1,2.935676814003999,0.12857142857142856,1,1.0,0.0
807,42,118274.71,1,1,0,0,1,4.568933800805973,0.17857142857142858,1,0.0,0.0
799,22,174185.98,2,1,0,0,2,0.9042288038742731,0.38636363636363635,0,0.0,0.0
675,40,113208.86,2,0,0,0,0,3.2739800268144585,0.1875,1,0.0,0.0
602,29,103907.28,1,0,0,0,0,0.6444628087281565,0.1896551724137931,1,0.0,1.0
475,32,119023.28,1,0,0,0,0,1.1805840049856529,0.265625,0,0.0,0.0
744,26,166297.89,1,1,0,0,1,0.9152562662001865,0.21153846153846154,0,0.0,1.0
588,34,0.0,2,0,0,1,0,0.0,0.3088235294117647,1,0.0,1.0
703,42,63227.0,1,1,0,0,1,0.46044446541776374,0.2261904761904762,1,1.0,0.0
747,41,94521.17,2,0,0,0,0,0.4849033380862028,0.13414634146341464,0,0.0,1.0
583,27,0.0,2,0,0,1,0,0.0,0.2777777777777778,1,0.0,0.0
750,34,112822.26,1,0,1,0,0,0.750135386685317,0.27941176470588236,0,0.0,1.0
681,38,0.0,2,1,0,1,2,0.0,0.09210526315789473,1,0.0,0.0
773,25,135903.33,1,0,0,0,0,1.8450741799396067,0.1,1,0.0,0.0
714,31,125169.26,1,1,0,0,1,1.173778475924458,0.14516129032258066,0,0.0,0.0
687,44,0.0,3,0,1,1,0,0.0,0.17045454545454544,0,0.0,1.0
511,58,149117.31,1,1,0,0,1,0.917077750863143,0.008620689655172414,1,0.0,0.0
627,33,0.0,2,1,0,1,2,0.0,0.16666666666666666,1,0.0,0.0
694,31,0.0,2,0,0,1,0,0.0,0.3387096774193548,0,0.0,0.0
616,36,132311.71,1,0,0,0,0,8.556200141750043,0.18055555555555555,0,0.0,1.0
687,35,0.0,2,0,0,1,0,0.0,0.24285714285714285,1,0.0,0.0
712,33,0.0,2,1,0,1,2,0.0,0.19696969696969696,0,0.0,0.0
553,33,118082.89,1,0,0,0,0,1.250329066315691,0.13636363636363635,1,0.0,0.0
667,31,119266.69,1,1,0,0,1,4.22054041544123,0.04838709677419355,1,0.0,0.0
731,43,0.0,1,1,1,1,1,0.0,0.05813953488372093,1,0.0,0.0
629,35,156847.29,2,0,0,0,0,4.9283852558766945,0.21428571428571427,1,1.0,0.0
614,50,137104.47,1,0,1,0,0,1.0781408833342547,0.09,1,0.0,0.0
438,31,78398.69,1,0,0,0,0,1.7445963895597514,0.27419354838709675,1,1.0,0.0
652,80,0.0,2,1,0,1,2,0.0,0.05625,0,0.0,0.0
729,30,63669.42,1,0,0,0,0,0.4387594248512377,0.21666666666666667,1,1.0,0.0
642,38,0.0,2,0,0,1,0,0.0,0.09210526315789473,1,0.0,0.0
806,59,135296.33,1,0,0,0,0,0.7400379601090669,0.00847457627118644,0,1.0,0.0
744,36,153804.44,1,1,0,0,1,1.763522577081083,0.06944444444444445,1,0.0,1.0
474,37,0.0,2,0,0,1,0,0.0,0.0945945945945946,1,0.0,1.0
559,49,147069.78,1,0,1,0,0,1.2200725673403165,0.05102040816326531,1,0.0,0.0
706,42,0.0,2,1,0,1,2,0.0,0.2261904761904762,1,0.0,1.0
628,22,0.0,1,0,0,1,0,0.0,0.1590909090909091,0,0.0,1.0
429,24,95741.75,1,0,0,0,0,2.0736001992560387,0.1875,1,0.0,0.0
525,57,145965.33,1,1,0,0,1,2.26480650855183,0.043859649122807015,0,0.0,1.0
680,30,141441.75,1,1,0,0,1,8.688084191801337,0.2833333333333333,0,0.0,0.0
749,40,139290.41,1,0,1,0,0,0.7617474409703525,0.0375,1,0.0,0.0
763,31,0.0,2,0,0,1,0,0.0,0.14516129032258066,0,0.0,0.0
734,30,0.0,2,0,0,1,0,0.0,0.11666666666666667,1,0.0,0.0
716,35,144428.87,1,0,0,0,0,1.076753447028393,0.12857142857142856,1,0.0,0.0
594,35,0.0,2,0,0,1,0,0.0,0.07142857142857142,1,0.0,0.0
644,46,95441.27,1,0,1,0,0,0.877523639909325,0.20652173913043478,0,0.0,0.0
671,35,144848.74,1,1,0,0,1,0.8091507167344549,0.04285714285714286,1,1.0,0.0
664,26,116244.14,2,1,0,0,2,1.2217430996149712,0.28846153846153844,1,1.0,0.0
656,50,0.0,2,1,0,1,2,0.0,0.15,1,0.0,0.0
667,40,146502.07,1,0,0,0,0,7.644693744328527,0.0375,0,0.0,1.0
663,44,117028.6,2,1,0,0,2,0.8088723080638409,0.056818181818181816,1,1.0,0.0
584,30,112013.81,1,0,1,0,0,0.6300945087114733,0.2833333333333333,0,1.0,0.0
626,37,108269.37,1,0,0,0,0,19.33747637945754,0.17567567567567569,0,0.0,1.0
485,29,182123.79,1,0,1,0,0,1.5588851652292304,0.25862068965517243,1,0.0,0.0
659,32,150923.74,2,1,0,0,2,0.8641323040115253,0.109375,0,1.0,0.0
649,33,0.0,2,0,0,1,0,0.0,0.07575757575757576,1,0.0,0.0
805,39,165272.13,1,0,1,0,0,11.712414914764171,0.14102564102564102,0,0.0,1.0
716,39,115301.31,1,0,1,0,0,2.64887544683471,0.2692307692307692,0,1.0,0.0
642,40,129502.49,2,1,1,0,2,1.5040899426168781,0.1625,0,1.0,0.0
659,31,118342.26,1,0,0,0,0,0.7324284130502956,0.14516129032258066,1,0.0,0.0
545,47,0.0,2,1,0,1,2,0.0,0.11702127659574468,0,0.0,1.0
543,22,0.0,2,0,0,1,0,0.0,0.38636363636363635,1,0.0,0.0
718,25,0.0,2,0,0,1,0,0.0,0.3,0,0.0,0.0
840,43,0.0,2,0,0,1,0,0.0,0.1744186046511628,0,0.0,0.0
630,34,106937.05,2,0,0,0,0,0.7733593846105337,0.27941176470588236,0,1.0,0.0
643,59,170331.37,1,1,0,0,1,5.2942679201897,0.059322033898305086,1,1.0,0.0
654,32,114510.85,1,1,0,0,1,0.9077771531840974,0.046875,0,1.0,0.0
582,39,0.0,2,1,0,1,2,0.0,0.14102564102564102,1,0.0,0.0
659,32,107594.11,2,1,0,0,2,1.0505407065800256,0.109375,1,0.0,1.0
762,39,81273.13,1,1,0,0,1,4.34135797490154,0.0641025641025641,1,0.0,1.0
568,32,169399.6,1,0,0,0,0,2.735021042274742,0.234375,0,0.0,1.0
670,25,0.0,2,1,0,1,2,0.0,0.26,1,0.0,1.0
613,45,187841.99,2,1,0,0,2,1.2758814434505708,0.03333333333333333,0,0.0,0.0
539,30,0.0,2,0,0,1,0,0.0,0.016666666666666666,1,0.0,0.0
850,57,126776.3,2,1,0,0,2,0.9582523711920583,0.14912280701754385,0,0.0,1.0
522,34,126436.29,1,0,1,0,0,0.7256048108482595,0.27941176470588236,1,0.0,1.0
737,41,101960.74,1,1,0,0,1,0.8252704125059451,0.036585365853658534,1,0.0,0.0
520,58,0.0,2,1,0,1,2,0.0,0.0603448275862069,1,0.0,0.0
706,28,0.0,2,1,0,1,2,0.0,0.125,1,0.0,1.0
643,45,150842.93,1,1,1,0,1,35.476218007762185,0.05555555555555555,0,1.0,0.0
648,50,102535.57,1,1,0,0,1,0.5409586545491054,0.19,0,0.0,0.0
443,29,99027.61,2,0,0,0,0,9.050725684098927,0.3275862068965517,0,1.0,0.0
640,68,0.0,2,1,0,1,2,0.0,0.13970588235294118,1,0.0,0.0
628,33,0.0,1,1,0,1,1,0.0,0.10606060606060606,0,0.0,1.0
540,42,87271.41,2,0,0,0,0,0.5057053325177587,0.2261904761904762,0,1.0,0.0
460,35,102742.91,2,1,0,0,2,0.5426353882896748,0.24285714285714285,0,1.0,0.0
636,34,40105.51,2,1,0,0,2,0.7494513499109378,0.07352941176470588,1,1.0,0.0
593,29,152265.43,1,0,0,0,0,4.477678571428571,0.08620689655172414,0,0.0,0.0
801,42,141947.67,1,1,0,0,1,13.392186646464056,0.10714285714285714,1,0.0,1.0
640,75,106307.91,2,1,0,0,2,0.9372134846081412,0.02,0,1.0,0.0
611,31,107884.81,2,1,0,0,2,0.5879634297383962,0.016129032258064516,1,1.0,0.0
802,31,125013.72,1,1,0,0,1,0.6661746041718523,0.04838709677419355,1,1.0,0.0
717,35,58469.37,2,1,0,0,2,0.3390307188798541,0.21428571428571427,1,1.0,0.0
769,39,0.0,1,1,0,1,1,0.0,0.21794871794871795,0,0.0,0.0
745,45,117231.63,3,1,1,0,3,0.9579154683016345,0.23333333333333334,1,1.0,0.0
572,35,152390.26,1,0,0,0,0,1.1893905513583412,0.12857142857142856,1,0.0,1.0
629,30,34013.63,1,0,0,0,0,1.73790481426432,0.08333333333333333,0,0.0,1.0
687,39,0.0,3,0,1,1,0,0.0,0.0641025641025641,0,0.0,1.0
483,50,0.0,2,1,0,1,2,0.0,0.19,0,0.0,0.0
690,36,101583.11,2,0,0,0,0,0.820700191434295,0.20833333333333334,1,0.0,0.0
492,30,77168.87,2,1,0,0,2,0.5260274590763457,0.35,0,1.0,0.0
709,28,124695.72,2,0,0,0,0,0.8584764377306116,0.30357142857142855,1,1.0,0.0
705,44,105934.96,1,0,0,0,0,1.2846099342639863,0.07954545454545454,1,1.0,0.0
560,66,0.0,1,1,0,1,1,0.0,0.14393939393939395,0,0.0,0.0
611,46,0.0,2,0,0,1,0,0.0,0.14130434782608695,1,0.0,1.0
730,62,0.0,2,1,0,1,2,0.0,0.04032258064516129,1,0.0,1.0
709,45,0.0,2,1,0,1,2,0.0,0.05555555555555555,0,0.0,1.0
544,21,161525.96,2,0,0,0,0,17.436309407509036,0.5,0,0.0,0.0
712,29,147199.07,1,1,0,0,1,1.7331117087035255,0.25862068965517243,0,1.0,0.0
752,38,183102.29,1,1,0,0,1,2.5587912315192187,0.09210526315789473,1,1.0,0.0
648,46,127209.0,2,0,1,0,0,1.6433795673385918,0.20652173913043478,1,0.0,1.0
556,38,0.0,2,0,1,1,0,0.0,0.2236842105263158,1,0.0,1.0
594,24,97378.54,1,1,0,0,1,1.3637272521408164,0.020833333333333332,0,0.0,1.0
645,37,136925.09,2,1,0,0,2,0.8925944144910433,0.06756756756756757,0,1.0,0.0
557,33,54503.55,1,1,0,0,1,35.476218007762185,0.10606060606060606,1,0.0,0.0
547,32,155726.85,1,0,0,0,0,2.2971614664426645,0.265625,1,1.0,0.0
701,39,0.0,2,1,0,1,2,0.0,0.24358974358974358,0,0.0,0.0
616,66,135842.41,1,0,1,0,0,0.7389104343192133,0.022727272727272728,0,0.0,0.0
605,52,63349.75,1,0,0,0,0,0.5817858167496935,0.028846153846153848,1,0.0,0.0
593,38,129499.42,1,1,0,0,1,0.8405108849243281,0.11842105263157894,0,1.0,0.0
751,52,0.0,2,1,0,1,2,0.0,0.16346153846153846,1,0.0,1.0
443,36,70438.01,2,1,0,0,2,1.2370908365404525,0.18055555555555555,1,0.0,1.0
685,23,0.0,2,1,0,1,2,0.0,0.3695652173913043,1,0.0,0.0
718,36,0.0,1,0,0,1,0,0.0,0.2638888888888889,1,0.0,0.0
538,49,141434.04,1,0,1,0,0,0.8138671684498096,0.19387755102040816,0,0.0,1.0
611,37,0.0,2,0,0,1,0,0.0,0.12162162162162163,0,0.0,1.0
668,37,152958.29,2,1,0,0,2,0.9584656883180864,0.28378378378378377,1,1.0,0.0
537,41,138306.34,1,0,0,0,0,1.2954584134293632,0.08536585365853659,0,1.0,0.0
709,23,0.0,2,0,0,1,0,0.0,0.45652173913043476,1,0.0,1.0
850,38,0.0,2,1,0,1,2,0.0,0.039473684210526314,1,0.0,0.0
745,31,124328.84,1,1,0,0,1,0.8852019173454488,0.11290322580645161,0,0.0,1.0
693,41,181461.48,3,1,1,0,3,0.9655779535011974,0.23170731707317074,0,1.0,0.0
795,35,0.0,2,0,0,1,0,0.0,0.24285714285714285,1,0.0,1.0
626,26,0.0,2,0,0,1,0,0.0,0.3269230769230769,1,0.0,1.0
487,61,110368.03,1,0,1,0,0,9.693778462862689,0.09016393442622951,0,1.0,0.0
556,39,89588.35,1,1,0,0,1,0.9440379308128317,0.24358974358974358,0,0.0,0.0
643,46,0.0,2,0,0,1,0,0.0,0.14130434782608695,0,0.0,0.0
605,28,0.0,2,0,0,1,0,0.0,0.23214285714285715,0,0.0,0.0
756,60,115924.89,1,0,1,0,0,1.2395044586383626,0.058333333333333334,0,1.0,0.0
586,38,0.0,2,0,0,1,0,0.0,0.06578947368421052,0,0.0,0.0
535,40,111756.5,1,0,1,0,0,13.74733680061801,0.1875,1,1.0,0.0
678,35,0.0,1,0,0,1,0,0.0,0.12857142857142856,0,0.0,0.0
596,39,0.0,1,0,0,1,0,0.0,0.24358974358974358,1,0.0,0.0
648,26,162923.85,1,0,0,0,0,1.6562479287224339,0.36538461538461536,1,0.0,0.0
492,39,124576.65,2,0,0,0,0,0.8384166542103236,0.2692307692307692,1,1.0,0.0
702,45,80793.58,1,1,0,0,1,2.9405349651202277,0.011111111111111112,1,0.0,0.0
486,40,71340.09,1,0,0,0,0,0.9363050854531525,0.2375,0,1.0,0.0
568,40,99282.63,1,0,1,0,0,0.7376017760219504,0.0375,1,1.0,0.0
619,57,137946.39,1,1,1,0,1,1.90352301032483,0.06140350877192982,1,1.0,0.0
724,41,127892.57,2,1,0,0,2,0.6405952622748864,0.06097560975609756,1,1.0,0.0
548,33,101084.36,1,0,0,0,0,2.3644994193097917,0.015151515151515152,0,1.0,0.0
545,37,114754.08,1,0,1,0,0,0.8434609732906906,0.22972972972972974,0,1.0,0.0
683,33,0.0,1,0,0,1,0,0.0,0.25757575757575757,1,0.0,0.0
762,51,99286.98,1,1,0,0,1,1.1601707088474207,0.06862745098039216,0,0.0,0.0
627,30,79871.02,2,0,0,0,0,0.6152069482142859,0.15,0,1.0,0.0
516,35,104088.59,2,0,0,0,0,0.8698186634577619,0.3,1,0.0,0.0
800,38,168190.33,2,0,0,0,0,2.4714580148319514,0.06578947368421052,0,0.0,0.0
464,42,85679.25,1,1,0,0,1,0.5220978254630216,0.08333333333333333,0,1.0,0.0
626,35,0.0,1,0,0,1,0,0.0,0.1,0,0.0,0.0
790,31,0.0,2,0,0,1,0,0.0,0.3064516129032258,0,0.0,0.0
534,34,121551.58,2,1,0,0,2,1.7319974351667142,0.22058823529411764,0,0.0,0.0
745,46,122220.19,1,1,0,0,1,1.0355440495284478,0.05434782608695652,1,0.0,0.0
553,47,116528.15,1,0,1,0,0,0.7997529120273615,0.07446808510638298,1,0.0,1.0
748,26,77780.29,1,1,0,0,1,0.42491185897917405,0.057692307692307696,0,0.0,0.0
722,37,0.0,1,0,0,1,0,0.0,0.06756756756756757,1,0.0,0.0
501,40,125832.2,1,1,0,0,1,1.2528741274316888,0.1125,1,0.0,0.0
675,38,68065.8,1,0,1,0,0,0.49046534753347076,0.17105263157894737,0,0.0,0.0
778,47,127299.34,2,0,0,0,0,1.0208775759348796,0.13829787234042554,0,0.0,1.0
494,38,174937.64,1,0,0,0,0,4.364132305791746,0.19736842105263158,0,1.0,0.0
850,40,0.0,2,1,0,1,2,0.0,0.2375,1,0.0,0.0
592,31,110071.1,1,0,0,0,0,2.506037926923781,0.24193548387096775,1,0.0,1.0
590,44,139432.37,1,0,0,0,0,2.240820194070405,0.07954545454545454,0,0.0,1.0
758,39,127357.76,1,1,0,0,1,2.2510120541553253,0.16666666666666666,0,0.0,0.0
506,36,0.0,2,0,0,1,0,0.0,0.1527777777777778,1,0.0,0.0
733,33,0.0,1,1,0,1,1,0.0,0.10606060606060606,1,0.0,0.0
711,38,0.0,2,0,0,1,0,0.0,0.09210526315789473,1,0.0,0.0
514,43,95556.31,1,1,1,0,1,0.47951985743518827,0.03488372093023256,1,1.0,0.0
637,37,0.0,1,1,0,1,1,0.0,0.22972972972972974,1,0.0,1.0
468,29,111681.98,2,1,0,0,2,0.5706440519587541,0.05172413793103448,1,1.0,0.0
539,39,0.0,2,0,0,1,0,0.0,0.08974358974358974,1,0.0,0.0
509,25,108738.71,2,0,0,0,0,1.0169950740528781,0.14,0,0.0,1.0
662,32,133950.37,1,1,1,0,1,2.749014913390364,0.140625,0,0.0,0.0
818,26,0.0,2,1,0,1,2,0.0,0.17307692307692307,1,0.0,1.0
608,33,89968.69,1,0,0,0,0,1.308097791366051,0.2878787878787879,1,0.0,0.0
850,32,0.0,2,1,0,1,2,0.0,0.296875,0,0.0,1.0
816,38,130878.75,3,0,1,0,0,1.8201172156668974,0.14473684210526316,0,1.0,0.0
536,35,0.0,2,0,0,1,0,0.0,0.24285714285714285,1,0.0,0.0
753,35,0.0,2,1,0,1,2,0.0,0.1,1,0.0,0.0
631,27,134169.62,1,1,0,0,1,0.7591741393220047,0.3888888888888889,1,0.0,1.0
703,37,149762.08,1,0,1,0,0,7.2592911431673635,0.04054054054054054,1,0.0,0.0
774,26,93844.69,1,0,0,0,0,3.302488073771588,0.09615384615384616,1,0.0,0.0
785,28,0.0,2,0,0,1,0,0.0,0.30357142857142855,1,0.0,0.0
571,33,0.0,2,0,0,1,0,0.0,0.045454545454545456,0,0.0,0.0
621,46,141078.37,1,0,1,0,0,4.079555430891393,0.14130434782608695,1,1.0,0.0
605,31,117992.59,1,1,0,0,1,0.6426619706549741,0.04838709677419355,0,1.0,0.0
611,40,100812.33,2,0,0,0,0,0.6841261496477283,0.2125,0,0.0,0.0
569,38,0.0,1,1,0,1,1,0.0,0.19736842105263158,1,0.0,0.0
658,29,80262.6,1,1,0,0,1,3.893630583754006,0.15517241379310345,1,0.0,0.0
788,34,156478.62,1,1,0,0,1,0.8635792186393474,0.19117647058823528,1,0.0,1.0
525,23,0.0,2,0,0,1,0,0.0,0.2391304347826087,0,0.0,0.0
798,37,0.0,3,0,0,1,0,0.0,0.22972972972972974,1,0.0,0.0
486,37,115217.99,2,0,0,0,0,0.7946269398680643,0.25675675675675674,1,1.0,0.0
615,61,0.0,2,0,1,1,0,0.0,0.1557377049180328,1,0.0,1.0
730,35,155470.55,1,1,0,0,1,2.8941294447729007,0.014285714285714285,0,0.0,0.0
641,37,0.0,2,0,0,1,0,0.0,0.20270270270270271,1,0.0,0.0
542,39,135096.77,1,1,1,0,1,9.41150362640662,0.08974358974358974,1,0.0,0.0
692,30,0.0,2,1,0,1,2,0.0,0.08333333333333333,1,0.0,0.0
714,55,180075.22,1,1,0,0,1,1.798437431182325,0.17272727272727273,0,1.0,0.0
591,29,97541.24,1,1,0,0,1,0.4967541546865846,0.05172413793103448,1,0.0,1.0
710,41,156067.05,1,1,0,0,1,15.6303380711636,0.06097560975609756,0,0.0,0.0
639,38,81550.94,2,1,0,0,2,0.6854415819288247,0.11842105263157894,0,0.0,0.0
531,47,0.0,1,0,1,1,0,0.0,0.13829787234042554,0,0.0,0.0
673,38,170061.92,2,0,1,0,0,1.260629874915439,0.06578947368421052,0,0.0,0.0
765,36,92310.54,2,1,0,0,2,1.2658187335140108,0.2361111111111111,1,1.0,0.0
622,32,169089.38,2,0,0,0,0,1.6731757058627663,0.203125,0,0.0,0.0
806,40,80613.93,1,1,0,0,1,0.5643666562027179,0.1375,1,0.0,0.0
757,26,121581.56,2,1,0,0,2,0.9568827461411157,0.3269230769230769,1,1.0,0.0
570,58,0.0,1,1,1,1,1,0.0,0.14655172413793102,0,0.0,0.0
555,32,0.0,2,1,0,1,2,0.0,0.140625,1,0.0,1.0
692,54,0.0,2,1,0,1,2,0.0,0.10185185185185185,1,0.0,0.0
774,60,85891.55,1,0,1,0,0,1.1585598614878938,0.09166666666666666,1,0.0,0.0
638,44,77637.35,2,1,0,0,2,0.6972544981365498,0.2159090909090909,1,0.0,1.0
543,41,0.0,1,0,0,1,0,0.0,0.10975609756097561,0,0.0,1.0
584,31,0.0,2,0,0,1,0,0.0,0.1774193548387097,1,0.0,0.0
691,30,116927.89,1,0,0,0,0,5.515625213744358,0.25,1,1.0,0.0
684,40,137326.65,1,0,0,0,0,0.734455089807549,0.1625,0,1.0,0.0
733,22,0.0,2,1,0,1,2,0.0,0.25,1,0.0,0.0
599,37,0.0,2,1,0,1,2,0.0,0.06756756756756757,0,0.0,1.0
524,31,67238.98,2,1,0,0,2,0.4155370703438176,0.3387096774193548,0,1.0,0.0
632,38,86569.76,2,0,0,0,0,0.8825372041384452,0.17105263157894737,0,1.0,0.0
735,34,0.0,2,0,0,1,0,0.0,0.16176470588235295,1,0.0,1.0
734,34,133598.4,1,1,0,0,1,10.19194033676527,0.19117647058823528,1,0.0,0.0
605,51,136188.78,1,1,1,0,1,2.0292885327258676,0.06862745098039216,0,0.0,0.0
793,38,0.0,2,0,0,1,0,0.0,0.25,1,0.0,1.0
468,56,0.0,3,1,1,1,3,0.0,0.1875,0,0.0,0.0
779,37,120092.52,2,0,0,0,0,0.8835092908885023,0.20270270270270271,1,1.0,0.0
698,48,101238.24,2,1,1,0,2,0.5693399057131081,0.09375,1,0.0,0.0
707,58,89685.92,1,1,0,0,1,0.7091358388603085,0.11206896551724138,1,0.0,0.0
850,35,211774.31,1,0,1,0,0,1.1230235992956017,0.04285714285714286,0,0.0,0.0
850,56,131317.48,1,1,0,0,1,1.1018744055557956,0.13392857142857142,1,0.0,0.0
527,37,93722.73,2,1,0,0,2,0.6738050391988251,0.14864864864864866,1,0.0,1.0
696,32,101160.99,1,1,0,0,1,0.8726977925258083,0.265625,1,1.0,0.0
661,48,120320.54,1,0,0,0,0,1.247307059351003,0.07291666666666667,1,0.0,0.0
776,31,0.0,2,1,0,1,2,0.0,0.08064516129032258,0,0.0,0.0
701,43,0.0,2,1,0,1,2,0.0,0.05813953488372093,1,0.0,0.0
610,26,0.0,2,0,0,1,0,0.0,0.3269230769230769,1,0.0,0.0
572,48,152827.99,1,0,1,0,0,3.9785704188630917,0.07291666666666667,0,1.0,0.0
673,30,64097.75,1,1,0,0,1,0.8240442968283466,0.05,1,0.0,0.0
519,57,119035.35,2,1,0,0,2,3.9847416327701564,0.043859649122807015,0,0.0,1.0
702,26,135219.57,1,1,0,0,1,2.2631409289217177,0.17307692307692307,0,0.0,1.0
729,32,93694.42,1,1,0,0,1,1.1723506956257452,0.203125,1,0.0,0.0
543,35,59408.63,1,0,0,0,0,0.7738064954614505,0.3,1,0.0,1.0
550,40,114354.95,1,0,0,0,0,2.1169029652574523,0.1875,0,0.0,0.0
608,59,0.0,1,0,1,1,0,0.0,0.025423728813559324,1,0.0,0.0
639,35,128173.9,2,0,0,0,0,2.168969000272276,0.3,1,1.0,0.0
686,34,0.0,2,0,0,1,0,0.0,0.27941176470588236,1,0.0,1.0
564,62,114931.35,3,1,1,0,3,6.293476939521345,0.08870967741935484,0,1.0,0.0
745,28,111071.36,1,0,1,0,0,1.515774671875034,0.05357142857142857,0,1.0,0.0
833,37,151226.18,2,1,0,0,2,1.1108913219955354,0.22972972972972974,1,0.0,0.0
622,26,0.0,2,1,0,1,2,0.0,0.36538461538461536,1,0.0,0.0
597,42,64740.12,1,1,0,0,1,0.6059419262740201,0.10714285714285714,0,0.0,0.0
721,51,169312.13,1,0,1,0,0,1.5521923260452137,0.00980392156862745,1,0.0,1.0
504,49,0.0,3,1,1,1,3,0.0,0.15306122448979592,0,0.0,0.0
842,44,112652.08,2,0,0,0,0,0.8895037963305271,0.056818181818181816,0,0.0,1.0
587,38,0.0,2,0,0,1,0,0.0,0.013157894736842105,1,0.0,0.0
479,30,143964.36,2,0,0,0,0,3.437463154524284,0.25,0,1.0,0.0
508,49,122451.46,2,1,0,0,2,1.6152607008921092,0.15306122448979592,1,0.0,0.0
749,24,0.0,3,1,0,1,3,0.0,0.0625,1,0.0,0.0
721,36,65253.07,2,0,0,0,0,2.2705581099824004,0.09722222222222222,0,1.0,0.0
674,47,106901.94,1,1,1,0,1,35.476218007762185,0.13829787234042554,1,1.0,0.0
685,25,128509.63,1,0,0,0,0,1.0571414093378324,0.42,0,0.0,1.0
417,34,0.0,2,0,0,1,0,0.0,0.22058823529411764,1,0.0,0.0
574,33,129834.67,1,0,0,0,0,0.6722572523038856,0.10606060606060606,1,1.0,0.0
590,51,154962.99,3,1,1,0,3,0.8073795126816732,0.06862745098039216,0,0.0,1.0
587,40,138241.9,2,0,0,0,0,0.8671602085321017,0.1375,1,1.0,0.0
598,41,91536.93,1,0,1,0,0,0.4780750779574719,0.08536585365853659,1,1.0,0.0
741,53,0.0,2,1,0,1,2,0.0,0.0660377358490566,1,0.0,1.0
850,70,0.0,1,1,0,1,1,0.0,0.07857142857142857,0,0.0,1.0
584,29,105204.01,1,1,0,0,1,0.7596449387371875,0.25862068965517243,0,1.0,0.0
650,61,152968.73,1,1,0,0,1,1.843625578796816,0.02459016393442623,1,0.0,1.0
607,36,158261.68,1,1,0,0,1,2.062156430352077,0.2361111111111111,1,0.0,1.0
509,46,0.0,1,0,1,1,0,0.0,0.03260869565217391,0,0.0,0.0
689,38,121021.05,1,1,0,0,1,9.9334777951515,0.17105263157894737,0,0.0,1.0
543,36,0.0,2,1,0,1,2,0.0,0.125,1,0.0,0.0
438,54,0.0,1,0,1,1,0,0.0,0.046296296296296294,0,0.0,1.0
687,63,137715.66,1,1,0,0,1,3.6298524976713074,0.023809523809523808,0,0.0,1.0
737,31,121192.22,2,1,0,0,2,1.6182355880327268,0.1774193548387097,1,1.0,0.0
761,31,0.0,3,1,0,1,3,0.0,0.24193548387096775,1,0.0,0.0
601,44,100486.18,2,1,0,0,2,1.603173795336372,0.03409090909090909,1,0.0,0.0
651,45,0.0,1,0,1,1,0,0.0,0.03333333333333333,1,0.0,0.0
745,35,92566.53,2,0,0,0,0,0.5730936646723515,0.2714285714285714,1,0.0,0.0
648,49,0.0,2,1,1,1,2,0.0,0.21428571428571427,0,0.0,1.0
848,40,110929.96,1,1,0,0,1,3.5925427426270753,0.0875,1,0.0,1.0
546,27,0.0,2,1,0,1,2,0.0,0.3148148148148148,0,0.0,0.0
439,32,138901.61,1,0,0,0,0,1.83521166192807,0.109375,0,0.0,1.0
755,30,123217.66,2,1,0,0,2,0.8545856304543982,0.15,1,0.0,0.0
593,41,0.0,1,0,0,1,0,0.0,0.15853658536585366,0,0.0,0.0
701,39,0.0,2,1,0,1,2,0.0,0.0641025641025641,1,0.0,0.0
701,36,0.0,2,0,0,1,0,0.0,0.2361111111111111,1,0.0,1.0
607,33,108431.87,2,1,1,0,2,0.9921264417403627,0.07575757575757576,0,0.0,1.0
586,57,0.0,2,1,0,1,2,0.0,0.06140350877192982,0,0.0,1.0
547,30,72392.41,1,0,0,0,0,0.9392080556173256,0.31666666666666665,0,1.0,0.0
647,51,119741.77,2,0,1,0,0,2.1788856112881128,0.029411764705882353,0,1.0,0.0
760,51,100946.71,1,0,1,0,0,0.5620146445914002,0.049019607843137254,0,0.0,0.0
621,53,170491.84,1,0,1,0,0,4.790567441071093,0.1792452830188679,1,0.0,1.0
725,44,0.0,1,1,0,1,1,0.0,0.125,1,0.0,0.0
526,36,0.0,1,0,0,1,0,0.0,0.041666666666666664,1,0.0,0.0
519,47,157296.02,2,0,1,0,0,1.068010787385584,0.13829787234042554,0,0.0,1.0
713,38,144606.22,1,1,1,0,1,2.5550896751959877,0.19736842105263158,0,1.0,0.0
700,38,134811.3,1,0,0,0,0,35.476218007762185,0.2236842105263158,1,0.0,0.0
666,34,115897.12,1,1,0,0,1,4.6181455792011725,0.27941176470588236,0,0.0,0.0
630,32,82034.0,1,0,0,0,0,0.5606193506413184,0.140625,1,0.0,1.0
779,26,174318.13,2,1,0,0,2,4.551718780558688,0.17307692307692307,0,0.0,1.0
611,41,114206.84,1,0,0,0,0,0.6961174576045972,0.06097560975609756,0,1.0,0.0
685,43,0.0,2,0,0,1,0,0.0,0.22093023255813954,1,0.0,1.0
646,39,111574.41,1,1,0,0,1,3.61790475918716,0.24358974358974358,1,1.0,0.0
683,57,162448.69,1,0,1,0,0,17.613852872994908,0.09649122807017543,0,1.0,0.0
484,34,148249.54,1,1,0,0,1,4.3939759218264065,0.1323529411764706,0,1.0,0.0
601,43,0.0,3,1,1,1,3,0.0,0.19767441860465115,0,0.0,0.0
762,26,123709.46,2,1,0,0,2,0.72918006759224,0.28846153846153844,0,0.0,1.0
687,72,0.0,1,1,0,1,1,0.0,0.13194444444444445,0,0.0,0.0
566,30,0.0,1,0,1,1,0,0.0,0.18333333333333332,1,0.0,0.0
702,37,150525.8,1,1,0,0,1,1.589006760196851,0.28378378378378377,1,0.0,0.0
601,29,0.0,1,1,0,1,1,0.0,0.3275862068965517,1,0.0,0.0
699,53,0.0,2,1,0,1,2,0.0,0.08490566037735849,1,0.0,0.0
584,28,0.0,2,0,0,1,0,0.0,0.375,1,0.0,0.0
699,35,0.0,2,1,0,1,2,0.0,0.15714285714285714,1,0.0,0.0
698,51,111018.98,1,0,0,0,0,1.2847741637434371,0.049019607843137254,0,1.0,0.0
495,30,129755.99,1,0,0,0,0,0.7511172316862484,0.35,1,0.0,0.0
650,27,0.0,2,0,0,1,0,0.0,0.24074074074074073,0,0.0,0.0
605,64,129555.7,1,1,0,0,1,9.52420055003422,0.0390625,0,0.0,0.0
667,38,87202.38,1,1,0,0,1,1.1198756971902804,0.039473684210526314,1,0.0,1.0
688,26,146133.39,1,1,0,0,1,0.8336295341138416,0.3269230769230769,1,1.0,0.0
727,31,0.0,1,0,1,1,0,0.0,0.016129032258064516,0,0.0,1.0
754,39,170184.99,2,0,0,0,0,1.899507736321501,0.16666666666666666,1,0.0,1.0
612,62,140745.33,1,0,1,0,0,0.7275958314276926,0.13709677419354838,0,1.0,0.0
546,42,139070.51,1,1,0,0,1,1.5995044050330092,0.17857142857142858,1,0.0,1.0
673,37,0.0,2,1,0,1,2,0.0,0.22972972972972974,0,0.0,1.0
593,35,114193.24,1,0,0,0,0,1.6048496875136147,0.2714285714285714,1,0.0,0.0
656,40,167878.5,1,1,0,0,1,1.1052770670208922,0.2625,0,0.0,1.0
535,53,141616.55,2,1,0,0,2,1.8660851644460081,0.10377358490566038,0,1.0,0.0
678,36,145747.67,2,1,0,0,2,1.6272339795555855,0.09722222222222222,1,1.0,0.0
477,48,129120.64,1,1,0,0,1,4.87674827650935,0.052083333333333336,0,0.0,1.0
850,35,110349.82,1,0,0,0,0,0.8733192040317578,0.21428571428571427,1,0.0,1.0
427,29,141325.56,1,1,0,0,1,1.5060220395714847,0.05172413793103448,1,0.0,0.0
752,49,78653.84,1,0,0,0,0,10.215315081302924,0.05102040816326531,1,0.0,0.0
649,47,0.0,2,1,0,1,2,0.0,0.031914893617021274,1,0.0,0.0
799,28,142253.65,1,0,0,0,0,3.1581351473995394,0.125,0,0.0,1.0
589,61,0.0,1,0,1,1,0,0.0,0.02459016393442623,0,0.0,0.0
583,54,115988.86,1,0,1,0,0,2.0152706160266236,0.12037037037037036,0,1.0,0.0
839,33,75592.43,1,0,0,0,0,1.2060937126548175,0.3181818181818182,0,0.0,1.0
540,44,164113.04,2,1,0,0,2,13.538680343414628,0.07954545454545454,1,1.0,0.0
850,31,67996.23,2,0,1,0,0,1.3563744255784906,0.20967741935483872,1,0.0,0.0
696,51,0.0,2,0,0,1,0,0.0,0.10784313725490197,0,0.0,1.0
660,33,0.0,2,0,0,1,0,0.0,0.045454545454545456,0,0.0,1.0
682,48,138778.15,1,1,0,0,1,0.8219446754800352,0.03125,1,0.0,0.0
744,43,147832.15,1,1,0,0,1,6.099916608589769,0.2441860465116279,0,0.0,0.0
785,36,135438.4,1,0,0,0,0,0.7104853059107106,0.125,0,0.0,0.0
752,48,116060.08,1,0,1,0,0,0.7410326870148509,0.11458333333333333,1,0.0,1.0
706,29,112564.62,1,0,0,0,0,2.65887822431262,0.1896551724137931,0,0.0,0.0
583,27,125406.58,1,1,0,0,1,1.1319772944851407,0.05555555555555555,0,0.0,0.0
660,39,135134.99,1,0,1,0,0,0.7780508855162248,0.14102564102564102,0,1.0,0.0
819,39,133102.92,1,0,1,0,0,4.921087599353138,0.24358974358974358,0,0.0,0.0
673,34,42157.08,1,0,1,0,0,2.046500925503857,0.25,0,0.0,0.0
752,30,0.0,2,1,0,1,2,0.0,0.11666666666666667,0,0.0,0.0
578,38,82259.29,1,0,0,0,0,9.141983136196275,0.19736842105263158,1,0.0,0.0
438,36,0.0,2,0,0,1,0,0.0,0.125,0,0.0,0.0
652,38,0.0,2,1,0,1,2,0.0,0.17105263157894737,1,0.0,0.0
629,49,0.0,2,1,0,1,2,0.0,0.09183673469387756,0,0.0,0.0
720,52,0.0,1,1,0,1,1,0.0,0.14423076923076922,1,0.0,0.0
668,42,150461.07,1,0,0,0,0,1.3913514887105383,0.08333333333333333,1,0.0,0.0
459,48,133994.52,1,1,1,0,1,6.947019036647542,0.09375,1,1.0,0.0
729,31,164870.81,2,1,0,0,2,17.23077863674035,0.27419354838709675,1,0.0,1.0
498,25,121702.73,1,1,0,0,1,0.9205155315926021,0.34,1,1.0,0.0
549,25,193858.2,1,1,0,0,1,8.9744554793712,0.26,1,0.0,1.0
601,54,131039.97,2,1,0,0,2,0.6563073686846553,0.027777777777777776,0,1.0,0.0
544,64,113829.45,1,1,0,0,1,0.915450945207869,0.1484375,1,0.0,0.0
751,30,0.0,2,0,0,1,0,0.0,0.21666666666666667,0,0.0,0.0
632,41,81877.38,1,1,0,0,1,2.433697022370933,0.08536585365853659,0,1.0,0.0
694,57,116326.07,1,1,0,0,1,0.9882794071482551,0.14912280701754385,1,0.0,1.0
678,31,0.0,2,1,0,1,2,0.0,0.08064516129032258,1,0.0,0.0
695,46,0.0,2,1,0,1,2,0.0,0.09782608695652174,1,0.0,0.0
661,41,0.0,2,1,0,1,2,0.0,0.036585365853658534,0,0.0,0.0
661,33,0.0,2,1,0,1,2,0.0,0.2878787878787879,1,0.0,0.0
559,31,127070.73,1,1,0,0,1,0.7895397979331537,0.11290322580645161,0,0.0,0.0
503,29,0.0,2,1,0,1,2,0.0,0.1206896551724138,1,0.0,0.0
695,46,122549.64,1,1,0,0,1,2.176769862972334,0.07608695652173914,1,0.0,1.0
640,42,176099.13,1,1,0,0,1,20.94989132413247,0.13095238095238096,0,0.0,0.0
624,48,122388.38,2,0,0,0,0,4.076746713726917,0.07291666666666667,0,1.0,0.0
667,42,0.0,2,1,0,1,2,0.0,0.2261904761904762,1,0.0,0.0
642,26,0.0,1,0,0,1,0,0.0,0.019230769230769232,1,0.0,0.0
640,32,118879.35,2,1,0,0,2,6.213408868895207,0.203125,0,0.0,1.0
529,35,0.0,2,1,0,1,2,0.0,0.15714285714285714,1,0.0,1.0
563,39,0.0,2,1,0,1,2,0.0,0.14102564102564102,0,0.0,0.0
593,38,88736.44,2,0,0,0,0,1.3240088969089254,0.11842105263157894,0,0.0,1.0
739,45,102703.62,1,1,1,0,1,0.6948638852252518,0.16666666666666666,1,1.0,0.0
788,70,0.0,2,1,0,1,2,0.0,0.02142857142857143,0,0.0,1.0
684,38,0.0,2,0,0,1,0,0.0,0.09210526315789473,0,0.0,1.0
482,55,97318.25,1,1,0,0,1,1.2410328915336621,0.1,1,0.0,0.0
591,58,128468.69,1,1,0,0,1,0.9359817508290194,0.09482758620689655,1,0.0,1.0
651,41,133432.59,1,1,0,0,1,0.8818812899657696,0.10975609756097561,0,1.0,0.0
749,40,141782.57,2,0,0,0,0,1.642244485208311,0.2125,0,1.0,0.0
583,24,135125.28,1,0,0,0,0,1.5046872651105923,0.3958333333333333,1,0.0,0.0
661,42,178820.91,1,0,1,0,0,6.090719652910448,0.05952380952380952,1,0.0,1.0
715,31,112212.14,2,1,0,0,2,0.6179024075322634,0.08064516129032258,0,0.0,0.0
769,45,126674.81,1,0,1,0,0,1.0205857715909905,0.12222222222222222,0,1.0,0.0
625,51,136294.97,1,0,1,0,0,3.50656985123671,0.14705882352941177,0,0.0,0.0
641,36,66392.64,1,0,0,0,0,2.1342852100462686,0.1527777777777778,0,0.0,0.0
716,27,122552.34,2,0,0,0,0,1.8125730265886295,0.05555555555555555,1,1.0,0.0
767,43,76408.85,2,0,0,0,0,0.9816314855490134,0.03488372093023256,1,0.0,0.0
745,36,145071.24,1,0,0,0,0,23.862520684402888,0.2361111111111111,1,1.0,0.0
589,34,0.0,2,1,0,1,2,0.0,0.19117647058823528,1,0.0,0.0
796,45,109730.22,1,1,0,0,1,0.8857516640805052,0.05555555555555555,0,0.0,0.0
664,57,0.0,2,1,0,1,2,0.0,0.11403508771929824,1,0.0,0.0
445,62,64119.38,1,1,1,0,1,0.8373885865391748,0.024193548387096774,1,0.0,1.0
543,57,106138.33,2,1,1,0,2,0.879660267107979,0.02631578947368421,0,1.0,0.0
746,36,0.0,2,1,0,1,2,0.0,0.06944444444444445,1,0.0,1.0
742,33,181656.51,1,1,0,0,1,1.68717701330867,0.015151515151515152,1,1.0,0.0
750,32,0.0,2,0,0,1,0,0.0,0.171875,0,0.0,0.0
669,30,95128.86,1,0,0,0,0,4.804424790381541,0.25,1,0.0,0.0
594,49,126615.94,2,1,0,0,2,1.027595500380065,0.05102040816326531,0,0.0,1.0
574,36,0.0,2,1,0,1,2,0.0,0.041666666666666664,1,0.0,1.0
659,36,76190.48,2,1,0,0,2,0.5111151927916507,0.06944444444444445,1,1.0,0.0
750,40,168286.81,3,0,1,0,0,8.227980847788025,0.1375,1,1.0,0.0
626,35,88109.81,1,1,0,0,1,2.68410613376388,0.12857142857142856,1,1.0,0.0
620,42,0.0,2,0,0,1,0,0.0,0.10714285714285714,1,0.0,0.0
580,35,0.0,2,1,0,1,2,0.0,0.24285714285714285,0,0.0,0.0
686,34,123971.51,2,0,0,0,0,0.8388036236254075,0.10294117647058823,0,0.0,0.0
540,48,148116.48,1,0,0,0,0,1.2662290099515725,0.010416666666666666,1,0.0,0.0
634,35,116269.01,1,0,0,0,0,0.8946113881837041,0.18571428571428572,1,1.0,0.0
632,38,120599.21,1,0,0,0,0,1.299310391340632,0.039473684210526314,1,0.0,1.0
501,41,144260.5,1,0,0,0,0,0.8381601744919565,0.08536585365853659,0,0.0,0.0
650,25,86605.5,3,0,1,0,0,5.201434688002806,0.14,0,0.0,1.0
786,34,0.0,2,0,0,1,0,0.0,0.27941176470588236,1,0.0,0.0
554,37,58629.97,1,0,0,0,0,0.32207261496949013,0.12162162162162163,0,1.0,0.0
701,42,0.0,2,0,0,1,0,0.0,0.13095238095238096,0,0.0,1.0
474,45,0.0,2,0,0,1,0,0.0,0.23333333333333334,1,0.0,0.0
621,43,0.0,1,1,0,1,1,0.0,0.12790697674418605,0,0.0,0.0
672,56,209767.31,2,1,1,0,2,1.3919952577191794,0.044642857142857144,0,0.0,1.0
459,42,129634.25,2,1,1,0,2,0.7295774262648943,0.15476190476190477,0,0.0,1.0
669,23,0.0,2,0,0,1,0,0.0,0.06521739130434782,1,0.0,0.0
776,38,169824.46,1,0,0,0,0,1.003141068693452,0.06578947368421052,0,0.0,0.0
694,36,97530.25,1,1,0,0,1,0.8325855903561344,0.09722222222222222,1,0.0,0.0
787,42,145988.65,2,1,0,0,2,1.8360726270972316,0.25,0,0.0,0.0
580,37,0.0,2,1,0,1,2,0.0,0.25675675675675674,1,0.0,0.0
711,25,0.0,3,1,0,1,3,0.0,0.3,0,0.0,0.0
673,40,137494.28,1,0,0,0,0,1.681786001380712,0.1375,0,0.0,0.0
499,57,0.0,1,0,1,1,0,0.0,0.02631578947368421,0,0.0,0.0
591,24,147360.0,1,1,0,0,1,5.8217860272394475,0.2708333333333333,1,0.0,0.0
769,25,0.0,2,0,0,1,0,0.0,0.42,0,0.0,0.0
657,31,125167.02,1,0,0,0,0,1.2665984560630041,0.11290322580645161,1,0.0,1.0
738,43,121152.05,2,0,1,0,0,1.8880534910866371,0.22093023255813954,1,1.0,0.0
545,60,128981.07,1,1,1,0,1,0.729014649749462,0.125,0,1.0,0.0
497,47,0.0,1,1,0,1,1,0.0,0.13829787234042554,1,0.0,0.0
816,67,151858.98,1,1,0,0,1,2.0855364071099887,0.09701492537313433,1,0.0,1.0
525,36,114628.4,1,1,0,0,1,0.6811318438424477,0.06944444444444445,1,0.0,0.0
725,46,0.0,2,0,0,1,0,0.0,0.14130434782608695,1,0.0,0.0
692,28,95059.02,2,0,0,0,0,2.139948105836,0.30357142857142855,0,0.0,0.0
618,24,128736.39,1,1,0,0,1,3.465442986965057,0.3125,0,0.0,0.0
546,24,156325.38,1,1,0,0,1,1.2467926421986182,0.3541666666666667,1,0.0,0.0
635,29,105405.97,1,1,0,0,1,0.7033869231761473,0.25862068965517243,1,0.0,0.0
611,49,88915.37,3,0,1,0,0,0.55077776322781,0.05102040816326531,0,0.0,0.0
650,60,0.0,2,1,0,1,2,0.0,0.14166666666666666,1,0.0,0.0
606,40,0.0,2,1,0,1,2,0.0,0.1375,1,0.0,0.0
844,18,160980.03,1,0,0,0,0,1.1030768149166545,0.1388888888888889,1,0.0,0.0
450,46,177619.71,1,0,0,0,0,3.2754206954849576,0.11956521739130435,0,0.0,1.0
727,38,62276.99,1,1,0,0,1,1.0505247901590016,0.06578947368421052,1,0.0,1.0
460,46,127559.97,2,1,0,0,2,1.004777103427633,0.09782608695652174,1,1.0,0.0
649,41,0.0,2,1,0,1,2,0.0,0.012195121951219513,1,0.0,0.0
758,47,95523.16,1,0,0,0,0,1.3032612652239948,0.20212765957446807,0,1.0,0.0
490,35,107749.03,1,1,0,0,1,27.358788026518585,0.21428571428571427,0,0.0,0.0
815,37,110777.26,2,0,0,0,0,35.476218007762185,0.06756756756756757,1,1.0,0.0
838,39,166733.92,2,0,0,0,0,11.675685062925233,0.14102564102564102,0,0.0,1.0
803,31,157120.86,2,0,0,0,0,1.1119544140817157,0.3064516129032258,1,0.0,0.0
664,36,127160.78,2,0,0,0,0,1.627309088931333,0.06944444444444445,0,1.0,0.0
736,28,0.0,2,1,0,1,2,0.0,0.08928571428571429,0,0.0,1.0
633,37,156091.97,1,0,0,0,0,2.167654706087146,0.25675675675675674,0,0.0,0.0
664,58,98668.18,1,1,0,0,1,1.6204710308566892,0.09482758620689655,1,0.0,0.0
600,43,134022.06,1,0,0,0,0,0.6881189580328336,0.12790697674418605,0,0.0,0.0
693,35,124151.09,1,0,1,0,0,1.3995771882307133,0.15714285714285714,0,0.0,0.0
663,36,77253.5,1,0,1,0,0,2.1567761440376425,0.18055555555555555,0,1.0,0.0
742,21,114292.48,1,0,0,0,0,3.625869409353645,0.07142857142857142,0,1.0,0.0
710,43,140080.32,3,1,1,0,3,0.8870941583577245,0.05813953488372093,1,1.0,0.0
710,27,135277.96,1,0,0,0,0,0.951314106812779,0.09259259259259259,0,0.0,1.0
700,82,0.0,2,1,0,1,2,0.0,0.03048780487804878,0,0.0,0.0
720,60,115920.62,2,0,1,0,0,0.7357559750656731,0.15833333333333333,1,1.0,0.0
684,41,119782.72,2,0,0,0,0,0.9958187039237508,0.06097560975609756,1,0.0,1.0
531,63,114715.71,1,1,1,0,1,4.680755020309737,0.023809523809523808,0,0.0,0.0
742,36,129748.54,2,0,1,0,0,2.7446874627823594,0.06944444444444445,0,1.0,0.0
717,31,129722.57,1,0,0,0,0,3.150318862682624,0.14516129032258066,1,0.0,0.0
589,32,0.0,2,1,0,1,2,0.0,0.078125,1,0.0,0.0
767,36,139180.2,1,0,0,0,0,1.123497441379115,0.09722222222222222,1,0.0,0.0
636,49,113599.74,2,0,1,0,0,0.7149669934354426,0.1326530612244898,1,1.0,0.0
648,33,134944.0,1,1,0,0,1,1.1529991529202037,0.22727272727272727,1,0.0,0.0
622,58,116922.25,1,0,1,0,0,0.9709810797696431,0.12931034482758622,0,1.0,0.0
692,28,118945.09,1,0,1,0,0,7.40387420052598,0.3392857142857143,1,0.0,1.0
754,28,0.0,2,1,0,1,2,0.0,0.30357142857142855,1,0.0,0.0
679,35,119182.73,1,0,0,0,0,0.983265887634539,0.24285714285714285,0,0.0,1.0
639,27,0.0,2,0,0,1,0,0.0,0.3148148148148148,1,0.0,0.0
774,28,71264.02,2,1,0,0,2,1.0364082205833953,0.05357142857142857,0,0.0,0.0
517,41,0.0,2,1,0,1,2,0.0,0.06097560975609756,1,0.0,0.0
571,35,0.0,2,0,0,1,0,0.0,0.24285714285714285,0,0.0,0.0
747,58,116313.57,1,1,1,0,1,0.6099380510531478,0.12931034482758622,1,1.0,0.0
792,36,92140.15,1,1,0,0,1,1.365652892625679,0.1527777777777778,1,0.0,1.0
688,26,0.0,2,1,0,1,2,0.0,0.057692307692307696,1,0.0,0.0
714,42,177640.09,1,1,0,0,1,3.7661504572529205,0.05952380952380952,1,1.0,0.0
562,35,0.0,2,0,0,1,0,0.0,0.014285714285714285,0,0.0,1.0
704,48,167997.6,1,1,0,0,1,0.9682889484664072,0.17708333333333334,1,0.0,1.0
698,36,82275.35,2,1,0,0,2,0.8823069233265409,0.06944444444444445,1,0.0,0.0
611,49,0.0,2,1,0,1,2,0.0,0.07142857142857142,1,0.0,0.0
850,48,111962.99,1,0,0,0,0,1.0018449884033902,0.13541666666666666,0,1.0,0.0
743,34,131736.88,1,1,0,0,1,1.2136702639413008,0.04411764705882353,0,1.0,0.0
654,29,0.0,1,0,0,1,0,0.0,0.05172413793103448,1,0.0,0.0
761,36,108239.11,2,0,0,0,0,1.0884316781272707,0.2361111111111111,1,1.0,0.0
702,46,98444.19,1,1,0,0,1,0.8985062467439205,0.20652173913043478,0,0.0,0.0
488,32,114540.38,1,0,0,0,0,1.2373504454565656,0.109375,1,1.0,0.0
683,35,187530.66,2,1,0,0,2,4.937959352624827,0.18571428571428572,0,0.0,0.0
601,42,133636.16,1,1,0,0,1,1.293460866070687,0.2261904761904762,0,1.0,0.0
605,52,0.0,2,1,0,1,2,0.0,0.14423076923076922,1,0.0,0.0
671,44,84745.03,2,1,0,0,2,2.443982087372509,0.011363636363636364,0,1.0,0.0
614,31,120599.38,2,1,0,0,2,2.61238693678511,0.24193548387096775,0,1.0,0.0
511,29,0.0,2,1,0,1,2,0.0,0.3275862068965517,0,0.0,1.0
850,39,127771.35,2,1,0,0,2,0.8420438733371671,0.11538461538461539,1,0.0,0.0
790,46,0.0,1,0,1,1,0,0.0,0.20652173913043478,0,0.0,1.0
793,33,0.0,1,0,0,1,0,0.0,0.015151515151515152,0,0.0,0.0
628,69,0.0,2,1,0,1,2,0.0,0.07971014492753623,1,0.0,0.0
598,53,167772.96,1,1,0,0,1,1.2256233679158985,0.19811320754716982,1,1.0,0.0
657,37,95845.6,1,0,0,0,0,0.7842104716254554,0.17567567567567569,0,0.0,0.0
618,35,0.0,2,0,0,1,0,0.0,0.3,0,0.0,0.0
681,65,134714.7,2,1,0,0,2,0.7074578666060711,0.11538461538461539,1,0.0,1.0
516,33,0.0,2,1,0,1,2,0.0,0.10606060606060606,0,0.0,1.0
421,28,122384.22,3,1,1,0,3,1.374819672072217,0.30357142857142855,1,1.0,0.0
700,26,0.0,2,0,0,1,0,0.0,0.09615384615384616,0,0.0,0.0
745,25,157993.15,2,0,0,0,0,1.0818303171440906,0.22,1,0.0,0.0
696,29,0.0,2,0,0,1,0,0.0,0.29310344827586204,1,0.0,0.0
580,42,123331.36,1,0,1,0,0,1.1914107314464435,0.05952380952380952,0,1.0,0.0
497,27,75263.16,1,1,0,0,1,0.4566217813641582,0.35185185185185186,1,0.0,1.0
720,43,137824.03,2,0,0,0,0,0.7987077677941261,0.1511627906976744,0,0.0,0.0
659,36,132578.92,2,0,0,0,0,1.572294470454546,0.125,1,1.0,0.0
841,36,156021.31,1,0,0,0,0,1.2719407115275405,0.1527777777777778,0,0.0,0.0
642,34,0.0,1,0,0,1,0,0.0,0.25,1,0.0,1.0
732,69,137453.43,1,1,1,0,1,1.2390644138763096,0.13768115942028986,0,0.0,1.0
600,36,0.0,2,0,0,1,0,0.0,0.125,1,0.0,1.0
464,33,164284.72,2,1,0,0,2,35.476218007762185,0.25757575757575757,1,1.0,0.0
680,47,0.0,2,1,0,1,2,0.0,0.11702127659574468,0,0.0,0.0
758,56,0.0,2,1,0,1,2,0.0,0.026785714285714284,1,0.0,1.0
630,31,112373.49,2,1,0,0,2,0.8567078130820259,0.08064516129032258,0,1.0,0.0
577,39,0.0,2,0,0,1,0,0.0,0.2692307692307692,0,0.0,0.0
684,34,0.0,2,1,0,1,2,0.0,0.19117647058823528,0,0.0,0.0
708,41,0.0,1,1,0,1,1,0.0,0.13414634146341464,0,0.0,1.0
732,29,154333.82,1,1,0,0,1,1.11409387349439,0.05172413793103448,0,1.0,0.0
634,37,111432.77,2,1,0,0,2,0.6671283106160328,0.0945945945945946,1,1.0,0.0
633,30,0.0,2,0,0,1,0,0.0,0.21666666666666667,0,0.0,0.0
559,34,137390.11,2,0,0,0,0,14.196126265757387,0.07352941176470588,1,0.0,0.0
694,37,0.0,2,1,0,1,2,0.0,0.0945945945945946,0,0.0,1.0
686,56,111642.08,1,1,0,0,1,1.3859134773602144,0.09821428571428571,0,1.0,0.0
553,48,0.0,1,1,1,1,1,0.0,0.07291666666666667,0,0.0,1.0
507,36,83543.37,1,0,0,0,0,0.5961616559067182,0.125,1,0.0,0.0
732,50,145338.76,1,0,1,0,0,1.5808499506727969,0.13,1,1.0,0.0
818,31,186796.37,1,0,0,0,0,1.0479246341294703,0.04838709677419355,0,0.0,0.0
660,35,58641.43,1,1,0,0,1,0.2951624833874485,0.24285714285714285,1,1.0,0.0
773,41,0.0,1,0,1,1,0,0.0,0.13414634146341464,0,0.0,1.0
640,44,137148.68,1,0,0,0,0,1.484582117232565,0.07954545454545454,1,0.0,0.0
505,49,80001.23,1,0,0,0,0,0.5918077607144963,0.15306122448979592,1,0.0,0.0
714,21,86402.52,2,0,0,0,0,3.1612694321845165,0.30952380952380953,1,1.0,0.0
468,42,0.0,2,0,0,1,0,0.0,0.13095238095238096,0,0.0,0.0
611,51,122874.74,1,1,0,0,1,0.8210838061883956,0.029411764705882353,1,0.0,1.0
705,25,97544.29,1,1,0,0,1,1.6287744737481453,0.02,1,0.0,0.0
646,46,170826.55,2,0,0,0,0,3.7925788458498584,0.03260869565217391,1,1.0,0.0
667,48,97133.92,2,0,1,0,0,0.8571817112179316,0.03125,0,1.0,0.0
511,41,153895.65,1,1,0,0,1,3.937116158698663,0.2073170731707317,0,1.0,0.0
653,43,0.0,2,1,0,1,2,0.0,0.1511627906976744,0,0.0,0.0
675,57,0.0,2,1,0,1,2,0.0,0.14912280701754385,0,0.0,0.0
523,32,0.0,2,0,0,1,0,0.0,0.140625,1,0.0,1.0
567,49,134956.02,1,0,1,0,0,1.4363924200179574,0.11224489795918367,0,1.0,0.0
741,39,143637.58,2,1,0,0,2,0.8244199318298148,0.19230769230769232,1,0.0,1.0
456,32,147506.25,1,1,0,0,1,1.089409314800915,0.296875,1,0.0,1.0
598,64,0.0,2,0,1,1,0,0.0,0.0234375,1,0.0,0.0
667,43,190227.46,1,0,1,0,0,1.9508699911310787,0.19767441860465115,1,0.0,0.0
548,32,172448.77,1,0,1,0,0,0.9168672721347932,0.078125,0,0.0,0.0
725,41,113980.21,1,1,0,0,1,0.9766502363861095,0.18292682926829268,1,0.0,0.0
717,53,0.0,2,1,0,1,2,0.0,0.12264150943396226,1,0.0,0.0
594,38,0.0,2,0,0,1,0,0.0,0.11842105263157894,1,0.0,0.0
678,25,76968.12,2,1,0,0,2,0.5852967908192317,0.42,0,1.0,0.0
545,38,88293.13,2,1,0,0,2,3.6328716114047306,0.039473684210526314,1,0.0,0.0
636,48,170833.46,1,0,1,0,0,1.5458463606611017,0.03125,0,0.0,0.0
603,44,108122.39,2,0,1,0,0,0.9966177319004551,0.14772727272727273,1,1.0,0.0
435,36,0.0,1,1,0,1,1,0.0,0.125,1,0.0,0.0
535,40,0.0,1,1,0,1,1,0.0,0.2125,0,0.0,0.0
629,45,129818.39,3,0,1,0,0,14.082300361770562,0.16666666666666666,0,1.0,0.0
722,35,163943.89,2,1,0,0,2,10.879416796401664,0.07142857142857142,0,0.0,0.0
561,28,0.0,2,0,0,1,0,0.0,0.26785714285714285,1,0.0,0.0
645,38,101430.3,2,1,0,0,2,23.04542728090664,0.14473684210526316,0,0.0,0.0
501,39,117301.66,1,0,0,0,0,0.6444191917735258,0.24358974358974358,0,0.0,0.0
502,32,173340.83,1,1,0,0,1,1.4119732871638035,0.046875,0,1.0,0.0
652,42,0.0,2,1,0,1,2,0.0,0.10714285714285714,0,0.0,1.0
574,33,134348.57,1,0,0,0,0,2.1269467469242063,0.10606060606060606,0,0.0,0.0
518,45,105525.65,2,1,0,0,2,1.4373014231001144,0.2111111111111111,0,0.0,0.0
749,60,0.0,1,0,1,1,0,0.0,0.10833333333333334,0,0.0,0.0
679,43,0.0,3,0,1,1,0,0.0,0.10465116279069768,0,0.0,0.0
565,36,106192.1,1,0,0,0,0,0.7099513366363013,0.18055555555555555,1,0.0,0.0
643,45,45144.43,1,0,1,0,0,0.7410658942215008,0.1,0,0.0,0.0
515,65,92113.61,1,1,0,0,1,0.6461876039683947,0.11538461538461539,1,0.0,0.0
521,25,0.0,2,1,0,1,2,0.0,0.3,1,0.0,0.0
739,38,128366.44,1,0,0,0,0,10.030642089857103,0.013157894736842105,1,0.0,1.0
585,42,0.0,2,1,0,1,2,0.0,0.05952380952380952,1,0.0,0.0
733,74,106545.53,1,1,0,0,1,0.7916269474431272,0.0472972972972973,1,1.0,0.0
542,43,145618.37,1,1,0,0,1,14.067042835310778,0.19767441860465115,0,0.0,0.0
788,37,141541.25,1,0,0,0,0,2.144100813354446,0.22972972972972974,1,0.0,1.0
435,32,57017.06,2,1,0,0,2,9.65064292980327,0.078125,1,1.0,0.0
577,42,0.0,1,0,0,1,0,0.0,0.2261904761904762,1,0.0,0.0
703,51,0.0,3,1,1,1,3,0.0,0.06862745098039216,0,0.0,0.0
728,35,125884.95,2,0,1,0,0,2.3157634967757557,0.24285714285714285,0,1.0,0.0
728,32,61825.5,1,1,0,0,1,0.39599764113494795,0.171875,1,1.0,0.0
718,35,0.0,2,0,0,1,0,0.0,0.24285714285714285,1,0.0,0.0
621,40,0.0,1,0,0,1,0,0.0,0.1625,0,0.0,0.0
523,40,102967.41,1,0,1,0,0,0.8000383052156474,0.0625,0,0.0,0.0
657,25,171770.55,1,0,0,0,0,7.551515617787351,0.1,1,1.0,0.0
727,40,93051.64,2,0,1,0,0,1.2947880585492701,0.0375,1,1.0,0.0
643,36,161064.64,2,1,0,0,2,1.9107073162109343,0.20833333333333334,1,0.0,0.0
645,48,90612.34,1,1,0,0,1,0.6075651134272178,0.15625,0,0.0,0.0
568,28,145105.64,2,0,0,0,0,0.7822823545686615,0.19642857142857142,1,0.0,0.0
599,58,0.0,1,0,1,1,0,0.0,0.07758620689655173,1,0.0,0.0
672,45,0.0,1,1,1,1,1,0.0,0.2111111111111111,0,0.0,0.0
685,33,174912.72,1,1,0,0,1,3.9813026676202283,0.19696969696969696,1,0.0,0.0
516,46,104947.72,1,0,1,0,0,0.9063605959914587,0.03260869565217391,0,0.0,0.0
685,31,135213.71,1,1,0,0,1,1.075016370075978,0.3387096774193548,1,0.0,1.0
806,25,0.0,2,0,0,1,0,0.0,0.3,1,0.0,1.0
604,36,116229.85,2,1,0,0,2,1.459543604156898,0.18055555555555555,1,0.0,0.0
648,53,111201.41,1,1,0,0,1,0.9149119626431045,0.12264150943396226,0,0.0,1.0
545,32,0.0,1,0,0,1,0,0.0,0.140625,0,0.0,1.0
756,27,131899.0,1,0,0,0,0,1.4136586180401571,0.05555555555555555,1,1.0,0.0
569,35,124525.52,1,1,0,0,1,0.6425638502750177,0.3,1,0.0,0.0
596,47,0.0,1,0,0,1,0,0.0,0.13829787234042554,1,0.0,0.0
475,39,0.0,1,1,1,1,1,0.0,0.16666666666666666,1,0.0,0.0
646,45,47134.75,1,1,0,0,1,0.823495075950287,0.07777777777777778,0,0.0,0.0
784,35,0.0,2,0,0,1,0,0.0,0.1,1,0.0,1.0
552,45,0.0,2,0,0,1,0,0.0,0.2111111111111111,1,0.0,1.0
729,44,0.0,2,1,0,1,2,0.0,0.125,1,0.0,0.0
609,61,0.0,1,0,1,1,0,0.0,0.02459016393442623,1,0.0,1.0
555,51,0.0,3,0,1,1,0,0.0,0.10784313725490197,1,0.0,0.0
572,19,138657.08,1,1,0,0,1,8.578767814032451,0.07894736842105263,0,1.0,0.0
785,34,70302.48,1,1,0,0,1,1.0247971760326617,0.27941176470588236,0,0.0,0.0
714,36,101609.01,2,1,0,0,2,35.476218007762185,0.041666666666666664,0,1.0,0.0
738,35,0.0,1,1,0,1,1,0.0,0.1,1,0.0,1.0
639,38,130170.82,1,1,0,0,1,0.8701221960176369,0.14473684210526316,1,1.0,0.0
520,61,133802.29,2,1,0,0,2,1.4816707290104947,0.13934426229508196,1,1.0,0.0
764,24,106234.02,1,0,0,0,0,0.9183646794213355,0.3125,0,0.0,0.0
661,39,132628.98,1,0,0,0,0,3.41706878014885,0.16666666666666666,1,0.0,1.0
564,41,103522.75,2,1,0,0,2,3.014709715220589,0.23170731707317074,1,1.0,0.0
708,42,192390.52,2,0,0,0,0,35.476218007762185,0.20238095238095238,0,1.0,0.0
512,36,0.0,1,1,1,1,1,0.0,0.041666666666666664,1,0.0,1.0
592,37,0.0,3,1,0,1,3,0.0,0.25675675675675674,1,0.0,1.0
619,38,0.0,2,1,0,1,2,0.0,0.09210526315789473,0,0.0,0.0
775,52,109922.61,1,1,1,0,1,1.1352789257905451,0.16346153846153846,1,0.0,0.0
850,44,128605.32,1,1,0,0,1,0.7516506406884508,0.125,0,1.0,0.0
577,37,0.0,1,1,0,1,1,0.0,0.12162162162162163,0,0.0,0.0
724,37,68598.56,1,0,0,0,0,0.4345426330111611,0.28378378378378377,0,0.0,0.0
710,35,106518.52,1,1,0,0,1,0.8324828505134042,0.04285714285714286,1,0.0,1.0
696,31,0.0,2,0,0,1,0,0.0,0.27419354838709675,0,0.0,0.0
376,46,0.0,1,0,1,1,0,0.0,0.14130434782608695,0,0.0,0.0
675,29,121326.42,1,0,0,0,0,0.9090946010790469,0.29310344827586204,0,1.0,0.0
745,36,67226.37,1,0,0,0,0,0.514000012233295,0.2361111111111111,1,0.0,0.0
697,25,82931.85,2,1,0,0,2,0.646013067353987,0.22,0,0.0,1.0
599,39,0.0,1,0,1,1,0,0.0,0.11538461538461539,0,0.0,1.0
715,38,118590.41,1,1,1,0,1,20.85960666083864,0.14473684210526316,0,0.0,0.0
659,67,145981.87,1,1,0,0,1,1.1139895546693406,0.06716417910447761,1,0.0,0.0
684,48,73309.38,1,0,1,0,0,3.4532105096060453,0.07291666666666667,0,0.0,0.0
635,48,130796.33,2,1,0,0,2,3.0241017033014037,0.17708333333333334,0,0.0,0.0
789,33,151607.56,1,0,0,0,0,34.53160532069971,0.25757575757575757,1,1.0,0.0
571,66,111577.01,1,1,0,0,1,0.589503357321624,0.14393939393939395,0,1.0,0.0
694,39,107042.74,1,1,0,0,1,1.0465124964315464,0.01282051282051282,1,0.0,1.0
665,42,156371.61,2,1,1,0,2,0.9974209690594105,0.05952380952380952,0,0.0,1.0
706,44,129605.99,1,0,0,0,0,1.855052257527178,0.10227272727272728,0,0.0,0.0
807,43,0.0,2,1,0,1,2,0.0,0.011627906976744186,0,0.0,1.0
771,67,0.0,2,1,0,1,2,0.0,0.12686567164179105,0,0.0,1.0
531,27,132576.25,1,0,0,0,0,18.352397313370027,0.3148148148148148,1,0.0,1.0
629,37,129101.3,1,1,0,0,1,5.385429785089726,0.17567567567567569,0,0.0,0.0
850,31,108822.4,1,1,0,0,1,0.8233248957380598,0.04838709677419355,0,1.0,0.0
685,35,137948.51,1,0,0,0,0,1.2139012064697983,0.12857142857142856,1,0.0,1.0
642,32,100433.8,1,1,0,0,1,2.525391888626461,0.234375,1,0.0,1.0
529,63,96134.11,3,0,1,0,0,0.8841222190381,0.07142857142857142,1,0.0,1.0
683,43,115888.04,1,1,1,0,1,0.9875402843404002,0.10465116279069768,0,1.0,0.0
663,42,124626.07,1,1,0,0,1,1.5976574728705029,0.13095238095238096,0,0.0,0.0
563,34,139810.34,1,1,0,0,1,0.9172775876255151,0.19117647058823528,0,0.0,0.0
637,34,0.0,2,0,0,1,0,0.0,0.27941176470588236,0,0.0,1.0
544,37,84496.71,1,0,0,0,0,1.0565642768086116,0.0945945945945946,1,0.0,0.0
649,70,116854.71,2,1,0,0,2,1.0908075374983233,0.1357142857142857,1,1.0,0.0
638,48,138333.03,1,1,0,0,1,2.901271472776716,0.21875,0,0.0,0.0
723,25,0.0,2,1,0,1,2,0.0,0.14,1,0.0,0.0
635,43,78992.75,2,0,0,0,0,0.5153953925034145,0.12790697674418605,1,1.0,0.0
750,38,97257.41,2,1,0,0,2,0.5406672543044952,0.19736842105263158,0,0.0,1.0
730,34,122453.37,2,0,0,0,0,0.8816954266431591,0.16176470588235295,1,0.0,0.0
750,36,112940.07,1,1,0,0,1,11.458075178480666,0.2361111111111111,0,0.0,1.0
586,43,132558.26,1,0,1,0,0,1.97707010055359,0.19767441860465115,0,0.0,0.0
520,38,0.0,2,0,0,1,0,0.0,0.11842105263157894,0,0.0,0.0
652,48,133297.24,1,0,0,0,0,1.7140951042861365,0.17708333333333334,0,0.0,0.0
550,46,0.0,2,0,0,1,0,0.0,0.16304347826086957,0,0.0,0.0
594,27,197041.8,1,0,0,0,0,1.2970658497806877,0.018518518518518517,1,0.0,0.0
749,44,71497.79,2,0,0,0,0,0.4732295373194391,0.011363636363636364,0,1.0,0.0
668,32,0.0,2,1,0,1,2,0.0,0.234375,1,0.0,0.0
614,35,128100.28,1,0,1,0,0,1.8443573155891477,0.18571428571428572,0,1.0,0.0
773,25,124532.78,2,1,0,0,2,10.621522153904152,0.06,1,0.0,0.0
551,31,82293.82,2,1,0,0,2,0.8987352872919881,0.3064516129032258,1,1.0,0.0
566,36,142120.91,1,0,0,0,0,1.785049041434049,0.041666666666666664,1,0.0,0.0
569,34,151839.26,1,0,1,0,0,1.4842429888873805,0.014705882352941176,1,0.0,1.0
659,31,149620.88,2,1,0,0,2,1.4313060825558948,0.24193548387096775,1,0.0,1.0
722,49,168197.66,1,0,1,0,0,1.19486935001684,0.07142857142857142,0,0.0,0.0
655,37,93147.0,2,0,0,0,0,1.4067328720792363,0.14864864864864866,1,0.0,0.0
615,35,97440.02,2,1,0,0,2,0.6969106067855791,0.07142857142857142,0,0.0,0.0
752,42,65046.08,2,1,0,0,2,0.46414977906423477,0.08333333333333333,0,1.0,0.0
661,28,95357.49,1,0,0,0,0,0.9321526342362986,0.26785714285714285,0,0.0,1.0
838,43,123105.88,2,0,0,0,0,0.8445397351372738,0.22093023255813954,1,0.0,1.0
610,29,0.0,3,1,0,1,3,0.0,0.3275862068965517,1,0.0,1.0
811,44,0.0,2,1,0,1,2,0.0,0.07954545454545454,1,0.0,1.0
587,62,121286.27,1,1,0,0,1,17.89432008639819,0.12096774193548387,1,0.0,1.0
811,28,167738.82,2,1,0,0,2,16.93575393612145,0.16071428571428573,0,1.0,0.0
759,38,104091.29,1,0,0,0,0,1.136828110858425,0.039473684210526314,0,0.0,0.0
648,42,121980.56,2,0,0,0,0,30.28300753223668,0.20238095238095238,0,1.0,0.0
788,43,0.0,2,1,0,1,2,0.0,0.2441860465116279,0,0.0,0.0
725,39,50880.98,2,1,0,0,2,0.27649018984098533,0.038461538461538464,1,1.0,0.0
646,42,175159.9,2,0,1,0,0,2.6094398133167913,0.08333333333333333,0,0.0,0.0
601,26,105514.69,2,0,0,0,0,2.10727660136217,0.28846153846153844,0,1.0,0.0
521,52,116497.31,3,0,1,0,0,2.165615002388738,0.10576923076923077,1,1.0,0.0
561,33,0.0,2,0,0,1,0,0.0,0.19696969696969696,0,0.0,1.0
564,42,99824.45,1,1,0,0,1,2.7183531032830097,0.17857142857142858,1,0.0,0.0
444,45,0.0,1,0,1,1,0,0.0,0.14444444444444443,1,0.0,0.0
650,71,0.0,1,1,0,1,1,0.0,0.007042253521126761,1,0.0,1.0
724,40,0.0,1,0,1,1,0,0.0,0.2625,1,0.0,0.0
719,35,122964.88,1,1,0,0,1,0.8895498677230496,0.1,1,0.0,1.0
548,29,0.0,2,1,0,1,2,0.0,0.15517241379310345,0,0.0,0.0
635,24,0.0,2,1,0,1,2,0.0,0.1875,1,0.0,1.0
496,43,0.0,2,1,0,1,2,0.0,0.08139534883720931,0,0.0,1.0
676,37,89634.69,1,1,1,0,1,0.5285557296677085,0.14864864864864866,0,0.0,0.0
541,40,95710.11,2,0,0,0,0,1.9507029737638804,0.1875,1,1.0,0.0
778,41,139706.31,1,0,0,0,0,2.205719961369278,0.18292682926829268,1,1.0,0.0
850,45,103909.86,1,0,1,0,0,1.7294066600969873,0.12222222222222222,0,1.0,0.0
633,31,0.0,1,0,0,1,0,0.0,0.04838709677419355,1,0.0,0.0
625,49,173434.9,1,0,1,0,0,1.0474264915259774,0.1326530612244898,1,0.0,0.0
485,32,102238.01,2,1,0,0,2,0.5269698458521347,0.203125,1,0.0,1.0
547,48,179380.74,2,1,0,0,2,2.5898082845225736,0.03125,0,0.0,0.0
642,32,0.0,2,1,0,1,2,0.0,0.109375,1,0.0,0.0
718,25,108691.95,1,0,0,0,0,1.7243939860994348,0.18,0,0.0,0.0
582,32,0.0,2,0,0,1,0,0.0,0.140625,0,0.0,0.0
628,33,0.0,2,0,0,1,0,0.0,0.19696969696969696,1,0.0,0.0
737,35,133377.8,1,1,0,0,1,2.082362560320893,0.014285714285714285,1,1.0,0.0
828,34,0.0,2,1,0,1,2,0.0,0.27941176470588236,1,0.0,1.0
609,53,0.0,1,1,0,1,1,0.0,0.19811320754716982,1,0.0,1.0
730,39,116537.6,1,0,0,0,0,0.7999527733960459,0.038461538461538464,1,0.0,0.0
631,22,0.0,2,0,0,1,0,0.0,0.1590909090909091,0,0.0,0.0
830,40,0.0,2,1,0,1,2,0.0,0.1125,1,0.0,1.0
645,29,130131.08,2,1,0,0,2,0.6623277678344891,0.05172413793103448,1,0.0,0.0
663,46,0.0,2,1,0,1,2,0.0,0.07608695652173914,1,0.0,0.0
678,30,0.0,1,0,0,1,0,0.0,0.016666666666666666,1,0.0,1.0
521,30,107316.09,1,0,0,0,0,1.668969229319315,0.08333333333333333,1,0.0,0.0
625,24,0.0,2,1,0,1,2,0.0,0.0625,0,0.0,0.0
523,30,83181.29,1,1,0,0,1,0.6019874541333635,0.05,1,0.0,0.0
714,72,0.0,1,1,0,1,1,0.0,0.04861111111111111,0,0.0,0.0
580,67,153946.14,1,1,0,0,1,20.74768191570799,0.05223880597014925,1,0.0,1.0
722,30,0.0,2,0,0,1,0,0.0,0.18333333333333332,1,0.0,0.0
630,39,135483.17,1,0,1,0,0,0.9616769897119721,0.19230769230769232,0,0.0,1.0
579,35,0.0,2,0,0,1,0,0.0,0.04285714285714286,1,0.0,0.0
670,38,119624.54,2,1,0,0,2,1.082838431647445,0.11842105263157894,0,0.0,0.0
588,34,121132.26,2,0,0,0,0,1.4010000777226521,0.19117647058823528,1,0.0,1.0
807,42,0.0,1,0,1,1,0,0.0,0.03571428571428571,0,0.0,1.0
726,48,0.0,1,0,1,1,0,0.0,0.09375,0,0.0,0.0
812,25,54817.55,1,0,0,0,0,0.4163527614908283,0.22,1,1.0,0.0
631,40,107949.45,1,0,1,0,0,2.0581158049228017,0.0875,1,1.0,0.0
682,30,0.0,1,1,0,1,1,0.0,0.15,1,0.0,0.0
625,49,80816.45,1,1,0,0,1,4.0368280586359795,0.05102040816326531,0,0.0,1.0
607,38,98205.77,1,0,0,0,0,0.5569769543623905,0.09210526315789473,1,1.0,0.0
600,50,94684.27,1,1,0,0,1,1.8753107304013812,0.13,0,0.0,1.0
602,22,141604.76,1,0,0,0,0,4.661025786192505,0.3409090909090909,0,0.0,1.0
545,74,0.0,2,1,0,1,2,0.0,0.0472972972972973,0,0.0,1.0
675,33,0.0,2,0,0,1,0,0.0,0.10606060606060606,1,0.0,1.0
581,47,122949.14,1,0,1,0,0,0.6820932704024151,0.031914893617021274,0,0.0,0.0
640,33,81677.22,2,0,0,0,0,2.338541785964607,0.25757575757575757,1,1.0,0.0
850,38,80293.98,1,0,0,0,0,0.6344504449150633,0.19736842105263158,1,0.0,0.0
490,48,155413.06,1,0,0,0,0,0.827007013004843,0.17708333333333334,0,0.0,1.0
710,38,0.0,2,1,0,1,2,0.0,0.11842105263157894,0,0.0,1.0
613,38,67111.65,1,0,1,0,0,0.8541894601899713,0.25,1,1.0,0.0
812,34,103818.43,1,1,0,0,1,0.6252643124725855,0.16176470588235295,1,0.0,0.0
723,20,0.0,2,1,0,1,2,0.0,0.225,0,0.0,0.0
512,36,152169.12,2,0,1,0,0,3.9391130796292027,0.125,1,0.0,0.0
731,52,0.0,1,1,1,1,1,0.0,0.20192307692307693,0,0.0,0.0
650,26,214346.96,2,0,0,0,0,1.6639735039804346,0.17307692307692307,1,1.0,0.0
594,57,0.0,1,0,1,1,0,0.0,0.11403508771929824,1,0.0,0.0
844,40,113348.14,1,0,1,0,0,3.5526418643166293,0.1875,1,0.0,0.0
686,47,170935.94,1,0,1,0,0,0.9870375345902972,0.11702127659574468,0,1.0,0.0
695,52,103023.26,1,1,0,0,1,4.581531967425992,0.16346153846153846,1,1.0,0.0
624,23,0.0,2,1,0,1,2,0.0,0.2826086956521739,0,0.0,1.0
503,37,0.0,2,0,0,1,0,0.0,0.17567567567567569,1,0.0,1.0
535,31,111855.04,2,1,0,0,2,3.0831140888244146,0.24193548387096775,0,0.0,0.0
743,32,140348.56,2,1,0,0,2,0.8596871441733102,0.203125,0,1.0,0.0
702,39,0.0,2,0,0,1,0,0.0,0.21794871794871795,1,0.0,1.0
658,29,145512.84,1,0,0,0,0,7.200747030139518,0.1206896551724138,1,0.0,0.0
677,41,146720.98,2,1,0,0,2,34.95986980680703,0.2073170731707317,0,1.0,0.0
664,32,107209.73,1,1,0,0,1,0.954322456943668,0.328125,1,0.0,0.0
766,38,130933.74,1,1,0,0,1,35.476218007762185,0.19736842105263158,0,1.0,0.0
461,35,0.0,1,0,0,1,0,0.0,0.24285714285714285,0,0.0,1.0
688,36,89772.3,1,0,1,0,0,0.5060882371577974,0.013888888888888888,1,0.0,1.0
678,32,0.0,2,0,0,1,0,0.0,0.171875,0,0.0,0.0
796,24,0.0,2,0,0,1,0,0.0,0.3541666666666667,1,0.0,0.0
803,42,0.0,1,0,1,1,0,0.0,0.13095238095238096,1,0.0,0.0
712,36,100749.5,3,0,1,0,0,1.4238326316359233,0.06944444444444445,1,0.0,0.0
498,31,0.0,2,0,0,1,0,0.0,0.3387096774193548,0,0.0,0.0
850,22,0.0,2,1,0,1,2,0.0,0.11363636363636363,1,0.0,1.0
628,51,123981.31,2,1,0,0,2,3.057707138479523,0.06862745098039216,0,0.0,0.0
539,34,91622.42,1,1,0,0,1,0.6707134366516104,0.1323529411764706,0,1.0,0.0
732,36,126195.81,1,1,0,0,1,0.9476046582247456,0.20833333333333334,1,0.0,0.0
715,41,94267.9,1,1,1,0,1,0.6168472208080872,0.10975609756097561,1,0.0,0.0
651,40,0.0,2,1,0,1,2,0.0,0.1125,1,0.0,0.0
813,34,0.0,2,0,0,1,0,0.0,0.014705882352941176,1,0.0,0.0
692,29,0.0,1,0,1,1,0,0.0,0.15517241379310345,1,0.0,0.0
756,39,100717.85,3,1,1,0,3,1.3720461961141603,0.08974358974358974,0,1.0,0.0
543,36,0.0,2,0,0,1,0,0.0,0.18055555555555555,1,0.0,0.0
790,26,141581.71,2,0,0,0,0,1.4401517766149965,0.17307692307692307,0,0.0,0.0
494,38,0.0,2,1,0,1,2,0.0,0.19736842105263158,1,0.0,1.0
850,39,148586.64,1,1,0,0,1,0.8404589182547406,0.0641025641025641,0,0.0,0.0
703,29,0.0,2,0,0,1,0,0.0,0.3275862068965517,1,0.0,1.0
432,38,0.0,2,0,0,1,0,0.0,0.19736842105263158,1,0.0,1.0
512,32,123403.85,2,0,0,0,0,1.5402148919655338,0.078125,0,1.0,0.0
589,28,0.0,2,0,0,1,0,0.0,0.26785714285714285,1,0.0,0.0
514,46,106511.85,1,0,0,0,0,1.934000891901923,0.07608695652173914,0,0.0,0.0
678,38,0.0,2,0,0,1,0,0.0,0.06578947368421052,0,0.0,0.0
420,34,135549.9,1,0,1,0,0,0.9068573519357755,0.04411764705882353,0,1.0,0.0
679,38,110555.37,2,0,0,0,0,2.3763247017432843,0.19736842105263158,1,1.0,0.0
595,31,0.0,2,0,0,1,0,0.0,0.14516129032258066,1,0.0,0.0
713,52,185891.54,1,1,1,0,1,4.008825856572391,0.009615384615384616,0,0.0,0.0
833,59,130854.59,1,1,1,0,1,4.259101496182729,0.025423728813559324,1,1.0,0.0
690,42,92578.14,2,0,0,0,0,1.307386642866423,0.08333333333333333,0,0.0,0.0
731,21,132312.06,1,0,1,0,0,1.2404512243347032,0.40476190476190477,0,1.0,0.0
608,62,144976.5,1,0,1,0,0,0.8244935665712734,0.13709677419354838,0,0.0,0.0
479,48,87070.23,1,1,0,0,1,1.0166125280379172,0.11458333333333333,1,0.0,1.0
519,42,0.0,2,1,0,1,2,0.0,0.20238095238095238,1,0.0,0.0
731,47,115414.19,3,0,1,0,0,0.6019442808946296,0.031914893617021274,0,0.0,0.0
617,61,91070.43,1,1,0,0,1,0.8942433369268515,0.12295081967213115,1,0.0,1.0
756,29,117412.19,2,0,0,0,0,24.011114723992875,0.08620689655172414,1,0.0,1.0
848,31,90018.45,2,0,0,0,0,0.4660932788730393,0.14516129032258066,1,1.0,0.0
809,24,0.0,2,0,0,1,0,0.0,0.1875,0,0.0,0.0
698,56,112414.81,2,0,1,0,0,1.1961182988161052,0.026785714285714284,1,1.0,0.0
779,33,158456.76,1,1,1,0,1,0.804341196268544,0.045454545454545456,1,1.0,0.0
606,35,0.0,1,0,1,1,0,0.0,0.21428571428571427,1,0.0,1.0
612,58,149641.53,1,1,0,0,1,1.2993970768901066,0.02586206896551724,0,1.0,0.0
663,33,122528.18,1,0,0,0,0,0.6243114663970941,0.25757575757575757,0,0.0,1.0
549,45,143734.01,2,1,0,0,2,1.4909334935456922,0.07777777777777778,0,1.0,0.0
675,32,155663.31,1,0,0,0,0,1.5939366366829455,0.078125,0,0.0,0.0
669,35,0.0,1,1,1,1,1,0.0,0.21428571428571427,0,0.0,0.0
571,34,101736.66,1,1,0,0,1,0.519986081456802,0.04411764705882353,0,1.0,0.0
500,37,125822.21,1,0,0,0,0,1.1264398965075784,0.25675675675675674,1,0.0,1.0
628,37,0.0,2,1,0,1,2,0.0,0.013513513513513514,1,0.0,0.0
559,34,0.0,2,1,0,1,2,0.0,0.1323529411764706,1,0.0,0.0
769,27,0.0,1,1,0,1,1,0.0,0.09259259259259259,0,0.0,0.0
733,31,157791.07,2,0,0,0,0,0.8864875527126173,0.20967741935483872,1,1.0,0.0
750,22,0.0,2,1,0,1,2,0.0,0.25,1,0.0,0.0
583,42,0.0,2,0,0,1,0,0.0,0.10714285714285714,0,0.0,0.0
468,42,181627.14,2,0,0,0,0,1.0518780427729548,0.2261904761904762,1,1.0,0.0
727,57,109679.72,1,1,0,0,1,35.476218007762185,0.02631578947368421,0,0.0,1.0
618,37,96652.86,1,0,1,0,0,0.979383994309304,0.14864864864864866,0,0.0,0.0
617,40,190008.32,2,1,0,0,2,1.7749671832280047,0.1375,1,0.0,0.0
793,41,0.0,2,0,0,1,0,0.0,0.23170731707317074,1,0.0,1.0
630,43,0.0,2,1,0,1,2,0.0,0.22093023255813954,1,0.0,0.0
765,43,148962.76,1,1,1,0,1,0.8566992832465311,0.10465116279069768,1,1.0,0.0
546,28,0.0,1,0,0,1,0,0.0,0.30357142857142855,1,0.0,0.0
614,30,131344.52,2,0,0,0,0,2.3977761729055866,0.11666666666666667,0,1.0,0.0
593,29,101713.84,3,0,0,0,0,0.7556974022777351,0.1896551724137931,0,1.0,0.0
613,34,0.0,1,1,0,1,1,0.0,0.10294117647058823,1,0.0,1.0
655,38,0.0,2,0,0,1,0,0.0,0.11842105263157894,1,0.0,0.0
700,27,137963.07,1,0,0,0,0,15.332995102130633,0.24074074074074073,0,0.0,0.0
826,29,129938.07,1,1,0,0,1,0.6831599619624511,0.15517241379310345,0,0.0,1.0
652,45,151421.44,1,1,0,0,1,1.3128901751194333,0.05555555555555555,1,1.0,0.0
755,45,135643.0,1,0,1,0,0,0.944454176882245,0.16666666666666666,0,1.0,0.0
538,39,122773.5,2,1,0,0,2,2.0998380654880404,0.0641025641025641,1,0.0,1.0
729,34,152303.8,1,0,0,0,0,12.556281322935705,0.10294117647058823,1,0.0,0.0
615,49,0.0,2,1,0,1,2,0.0,0.07142857142857142,1,0.0,0.0
700,54,79415.67,1,1,0,0,1,0.568324290840463,0.027777777777777776,1,0.0,1.0
434,58,125801.03,2,0,1,0,0,2.065942607336171,0.16379310344827586,0,1.0,0.0
729,37,0.0,2,0,0,1,0,0.0,0.28378378378378377,1,0.0,1.0
513,35,0.0,1,0,1,1,0,0.0,0.24285714285714285,1,0.0,0.0
755,41,104817.41,1,0,1,0,0,0.8317879565999426,0.15853658536585366,1,0.0,0.0
615,30,0.0,1,0,0,1,0,0.0,0.31666666666666665,0,0.0,0.0
747,32,67495.04,2,1,0,0,2,0.8723516205025191,0.171875,0,1.0,0.0
850,36,164850.54,1,1,0,0,1,2.6282126745599412,0.013888888888888888,0,0.0,0.0
712,49,154776.42,2,0,0,0,0,0.7886347752873912,0.11224489795918367,0,1.0,0.0
622,28,143124.63,2,0,0,0,0,1.7512998502290615,0.05357142857142857,0,1.0,0.0
548,35,0.0,1,1,0,1,1,0.0,0.3,0,0.0,0.0
607,27,0.0,2,0,0,1,0,0.0,0.09259259259259259,0,0.0,0.0
653,38,102133.38,1,1,0,0,1,0.6133328000703331,0.2236842105263158,0,0.0,0.0
699,26,79932.41,1,0,0,0,0,0.5320193014749929,0.25,1,0.0,1.0
693,40,120711.73,1,0,1,0,0,4.414208127058331,0.0125,1,1.0,0.0
647,43,122717.53,2,1,0,0,2,1.4105237858843405,0.08139534883720931,0,1.0,0.0
478,36,92363.3,2,0,0,0,0,2.0564616141622714,0.09722222222222222,0,0.0,1.0
705,40,203715.15,1,0,1,0,0,1.1318786098519567,0.1375,0,0.0,1.0
719,39,0.0,2,0,0,1,0,0.0,0.14102564102564102,1,0.0,1.0
726,34,0.0,2,0,0,1,0,0.0,0.27941176470588236,1,0.0,0.0
626,21,0.0,2,0,0,1,0,0.0,0.07142857142857142,1,0.0,0.0
552,49,0.0,1,1,1,1,1,0.0,0.09183673469387756,1,0.0,0.0
807,31,93460.47,2,0,0,0,0,0.5409102560548394,0.04838709677419355,0,1.0,0.0
621,34,0.0,2,1,0,1,2,0.0,0.19117647058823528,1,0.0,0.0
651,24,40224.7,1,1,0,0,1,0.2255476868559472,0.3125,0,1.0,0.0
673,43,168069.73,1,1,1,0,1,1.1433840767099224,0.12790697674418605,0,0.0,0.0
652,36,0.0,2,1,0,1,2,0.0,0.041666666666666664,1,0.0,0.0
584,47,130538.77,1,0,0,0,0,1.4048989397400946,0.1595744680851064,1,1.0,0.0
756,37,132623.6,1,1,0,0,1,2.2488105129292073,0.0945945945945946,1,0.0,0.0
670,35,103465.02,2,1,0,0,2,0.5924879426593871,0.1,0,0.0,0.0
765,50,126547.8,1,1,1,0,1,1.590177245958643,0.19,0,0.0,0.0
528,30,128262.72,2,0,0,0,0,2.526241152631678,0.08333333333333333,1,0.0,0.0
701,40,169742.64,1,1,1,0,1,1.1055375995149104,0.1375,1,0.0,0.0
797,29,0.0,2,1,0,1,2,0.0,0.05172413793103448,0,0.0,0.0
639,27,150795.81,1,1,0,0,1,1.7696976162285312,0.12962962962962962,1,1.0,0.0
785,61,129855.72,2,0,1,0,0,0.7628886668700947,0.07377049180327869,0,0.0,1.0
363,28,146098.43,3,0,1,0,0,1.452037714823884,0.23214285714285715,0,0.0,1.0
764,24,0.0,2,0,0,1,0,0.0,0.3125,0,0.0,0.0
676,43,0.0,1,1,0,1,1,0.0,0.05813953488372093,0,0.0,0.0
718,28,65643.3,1,0,0,0,0,2.2822934018126007,0.16071428571428573,1,1.0,0.0
590,34,0.0,2,0,0,1,0,0.0,0.19117647058823528,0,0.0,1.0
584,38,104584.16,1,0,0,0,0,0.5919420746195432,0.25,1,0.0,0.0
645,41,0.0,1,1,0,1,1,0.0,0.18292682926829268,1,0.0,0.0
772,30,99785.28,2,0,0,0,0,0.5059104174260034,0.21666666666666667,1,1.0,0.0
399,46,127655.22,1,0,1,0,0,0.9118511371208027,0.05434782608695652,1,1.0,0.0
529,22,0.0,1,0,0,1,0,0.0,0.25,1,0.0,0.0
463,35,101257.16,1,1,0,0,1,0.8572786574128322,0.07142857142857142,1,0.0,0.0
630,40,0.0,2,1,0,1,2,0.0,0.1875,0,0.0,0.0
780,76,121313.88,1,1,0,0,1,1.870011605693742,0.13815789473684212,1,0.0,0.0
584,32,0.0,2,0,0,1,0,0.0,0.171875,1,0.0,1.0
752,30,81523.38,1,1,0,0,1,2.210093298831427,0.15,1,1.0,0.0
697,47,128252.66,1,1,0,0,1,0.7631615714911363,0.13829787234042554,0,0.0,0.0
850,32,0.0,2,0,0,1,0,0.0,0.234375,0,0.0,0.0
711,51,0.0,3,0,1,1,0,0.0,0.14705882352941177,1,0.0,0.0
452,32,0.0,2,1,0,1,2,0.0,0.171875,0,0.0,0.0
610,42,0.0,2,0,1,1,0,0.0,0.15476190476190477,1,0.0,1.0
694,22,0.0,2,1,0,1,2,0.0,0.20454545454545456,0,0.0,0.0
579,33,0.0,1,0,1,1,0,0.0,0.19696969696969696,1,0.0,1.0
745,54,0.0,1,0,1,1,0,0.0,0.1574074074074074,0,0.0,1.0
572,33,0.0,1,1,0,1,1,0.0,0.16666666666666666,1,0.0,0.0
505,29,145541.56,2,1,0,0,2,2.5084311787380247,0.1206896551724138,1,1.0,0.0
706,23,0.0,1,0,1,1,0,0.0,0.2391304347826087,0,0.0,0.0
693,44,124601.58,2,1,1,0,2,2.65114652122284,0.125,1,1.0,0.0
725,33,115182.84,2,1,0,0,2,0.6497211959290933,0.22727272727272727,0,1.0,0.0
791,37,163789.49,2,0,0,0,0,2.1598558052091206,0.06756756756756757,1,0.0,0.0
536,46,65733.41,1,0,0,0,0,1.0759119366015812,0.03260869565217391,1,0.0,0.0
699,47,0.0,2,1,0,1,2,0.0,0.031914893617021274,1,0.0,1.0
500,47,128486.11,1,0,0,0,0,0.71688588821888,0.18085106382978725,0,0.0,1.0
707,53,109663.47,1,1,0,0,1,2.1044025833094264,0.12264150943396226,0,0.0,1.0
531,42,88324.31,2,0,0,0,0,1.173748882886654,0.15476190476190477,0,1.0,0.0
557,28,146445.24,2,0,0,0,0,0.7945217073424005,0.26785714285714285,0,0.0,0.0
659,38,0.0,2,0,0,1,0,0.0,0.09210526315789473,0,0.0,0.0
575,31,0.0,2,1,0,1,2,0.0,0.20967741935483872,0,0.0,1.0
775,36,109949.05,2,1,0,0,2,1.53381166722514,0.06944444444444445,1,1.0,0.0
772,30,78653.05,1,0,0,0,0,35.476218007762185,0.15,1,0.0,1.0
587,46,107850.82,1,0,1,0,0,0.7735012048884045,0.20652173913043478,1,1.0,0.0
667,39,83765.35,2,0,0,0,0,0.7077194622419115,0.11538461538461539,0,1.0,0.0
771,66,143773.07,1,1,0,0,1,1.0989398518125355,0.11363636363636363,0,0.0,0.0
523,63,116227.27,1,1,0,0,1,0.9733818246258572,0.10317460317460317,1,1.0,0.0
662,33,103471.52,1,1,0,0,1,0.6359494542236208,0.015151515151515152,1,1.0,0.0
717,42,0.0,2,0,0,1,0,0.0,0.13095238095238096,1,0.0,0.0
746,24,137492.35,2,1,0,0,2,0.808098348278499,0.14583333333333334,1,0.0,0.0
569,28,0.0,2,0,0,1,0,0.0,0.26785714285714285,1,0.0,0.0
579,36,129829.59,1,1,0,0,1,2.131599556833421,0.2638888888888889,1,0.0,0.0
519,21,146329.57,2,1,0,0,2,0.7509153234644101,0.07142857142857142,0,0.0,0.0
696,30,114027.7,1,1,0,0,1,0.5886286199351262,0.15,1,1.0,0.0
693,25,146580.69,1,1,0,0,1,10.016207757775371,0.26,1,1.0,0.0
587,38,132122.42,2,0,0,0,0,4.163785811620822,0.013157894736842105,0,1.0,0.0
626,44,81553.93,1,0,1,0,0,4.0645618683225155,0.23863636363636365,0,0.0,0.0
666,66,0.0,2,1,0,1,2,0.0,0.11363636363636363,0,0.0,0.0
512,24,0.0,2,0,0,1,0,0.0,0.2708333333333333,1,0.0,0.0
689,28,0.0,2,1,0,1,2,0.0,0.125,0,0.0,1.0
803,26,0.0,2,1,0,1,2,0.0,0.17307692307692307,0,0.0,0.0
548,32,175214.71,1,1,0,0,1,1.129203699172135,0.171875,1,1.0,0.0
588,40,125534.51,1,0,1,0,0,1.0331617960649908,0.2625,0,1.0,0.0
693,68,97705.99,1,1,0,0,1,1.5869072424312658,0.0661764705882353,1,0.0,0.0
499,55,126817.65,2,0,0,0,0,1.028773582954134,0.08181818181818182,0,1.0,0.0
628,46,46870.43,4,0,1,0,0,1.4987439700650462,0.03260869565217391,0,0.0,0.0
624,46,0.0,2,1,0,1,2,0.0,0.07608695652173914,1,0.0,1.0
733,42,120094.93,1,0,0,0,0,0.6524861123524203,0.2261904761904762,1,0.0,0.0
628,38,0.0,2,1,0,1,2,0.0,0.09210526315789473,0,0.0,0.0
633,33,0.0,2,0,0,1,0,0.0,0.10606060606060606,0,0.0,0.0
559,36,104356.94,2,1,0,0,2,1.9259356730434554,0.041666666666666664,0,1.0,0.0
704,27,147004.34,1,0,1,0,0,2.2833025769648287,0.2037037037037037,1,1.0,0.0
744,38,73023.17,2,0,0,0,0,0.9270210199429085,0.17105263157894737,1,1.0,0.0
665,40,173432.55,1,1,0,0,1,1.4852773183426697,0.0375,0,0.0,1.0
638,42,165679.92,1,0,0,0,0,5.03321871271906,0.17857142857142858,0,0.0,0.0
837,31,104678.62,1,1,0,0,1,2.0535849930159924,0.3064516129032258,1,0.0,1.0
534,55,116973.26,3,0,1,0,0,0.958267024392242,0.15454545454545454,0,0.0,0.0
548,36,0.0,1,0,0,1,0,0.0,0.09722222222222222,0,0.0,0.0
837,38,126732.85,1,1,0,0,1,1.592553781567305,0.06578947368421052,1,1.0,0.0
658,44,148481.09,1,0,0,0,0,1.1375234974484434,0.14772727272727273,0,0.0,0.0
554,38,137654.05,2,1,0,0,2,0.7973904636991792,0.11842105263157894,0,0.0,0.0
724,30,115315.04,1,0,0,0,0,7.577776419694917,0.25,1,1.0,0.0
723,42,99095.73,1,1,0,0,1,5.65823851616436,0.05952380952380952,1,0.0,0.0
585,39,165610.41,2,0,0,0,0,1.256022975888074,0.19230769230769232,0,1.0,0.0
474,33,0.0,2,0,1,1,0,0.0,0.16666666666666666,1,0.0,0.0
562,32,161628.66,1,0,0,0,0,1.7667520372526193,0.203125,1,0.0,1.0
719,32,146605.27,1,1,0,0,1,1.9009908526208028,0.296875,1,0.0,0.0
635,37,113488.68,1,0,1,0,0,1.1869619048674893,0.14864864864864866,1,1.0,0.0
743,42,77002.2,2,1,0,0,2,0.9573884779972304,0.17857142857142858,1,0.0,0.0
681,67,0.0,2,1,0,1,2,0.0,0.11194029850746269,1,0.0,1.0
521,39,0.0,2,1,0,1,2,0.0,0.16666666666666666,0,0.0,0.0
741,25,0.0,2,1,0,1,2,0.0,0.18,1,0.0,1.0
790,46,182364.53,1,0,1,0,0,1.3094552296056479,0.18478260869565216,1,0.0,1.0
622,35,0.0,2,1,0,1,2,0.0,0.24285714285714285,1,0.0,0.0
669,45,149364.58,1,1,0,0,1,0.8611139472602327,0.16666666666666666,1,0.0,0.0
583,59,127450.14,1,1,0,0,1,1.8866490086184753,0.1271186440677966,1,0.0,0.0
520,63,162278.32,1,1,0,0,1,4.667686235504294,0.0873015873015873,0,0.0,1.0
579,37,152212.88,2,0,0,0,0,1.2661179732447492,0.14864864864864866,1,0.0,1.0
698,39,161993.89,1,0,0,0,0,1.7956747657609105,0.24358974358974358,0,0.0,1.0
548,39,131468.44,1,0,0,0,0,0.7968903752660526,0.19230769230769232,1,0.0,1.0
672,40,102980.44,1,0,1,0,0,35.476218007762185,0.2625,1,1.0,0.0
653,31,143321.97,1,0,0,0,0,1.712729232128982,0.3064516129032258,1,1.0,0.0
734,37,130404.92,1,0,0,0,0,3.774411037536028,0.06756756756756757,0,0.0,1.0
794,41,0.0,2,1,0,1,2,0.0,0.18292682926829268,0,0.0,0.0
641,30,87505.47,2,1,0,0,2,12.020692156267472,0.08333333333333333,1,0.0,0.0
824,30,133634.02,1,1,0,0,1,0.824621801053618,0.016666666666666666,1,0.0,0.0
534,33,151233.62,1,0,0,0,0,0.758680736798165,0.10606060606060606,0,0.0,1.0
653,55,70263.83,1,1,0,0,1,1.126949218355921,0.045454545454545456,1,0.0,1.0
498,34,0.0,2,1,0,1,2,0.0,0.16176470588235295,1,0.0,0.0
683,30,57657.49,1,0,0,0,0,0.727613674078991,0.35,1,0.0,0.0
618,42,153572.31,2,1,0,0,2,2.0027531083481347,0.20238095238095238,1,1.0,0.0
538,37,134752.08,1,0,0,0,0,0.8291795310577552,0.04054054054054054,1,0.0,0.0
643,34,83132.09,1,1,0,0,1,3.8916092591101528,0.10294117647058823,1,0.0,1.0
428,31,0.0,2,0,0,1,0,0.0,0.08064516129032258,0,0.0,0.0
593,32,134096.53,2,0,1,0,0,2.4863977912947863,0.296875,0,1.0,0.0
718,31,118100.59,2,0,0,0,0,1.1447610480763313,0.016129032258064516,0,0.0,0.0
811,52,76915.4,1,0,1,0,0,0.525519092166817,0.20192307692307693,1,1.0,0.0
823,46,81576.75,1,1,1,0,1,2.8752606006989296,0.07608695652173914,0,0.0,1.0
645,49,0.0,2,0,0,1,0,0.0,0.05102040816326531,1,0.0,1.0
710,33,118327.17,2,1,0,0,2,0.6133171637230574,0.3181818181818182,1,0.0,0.0
591,30,124857.69,2,0,0,0,0,2.4730808311892045,0.2833333333333333,1,0.0,1.0
748,27,90971.85,1,1,0,0,1,0.6909422180654968,0.09259259259259259,0,1.0,0.0
850,37,153147.75,1,1,0,0,1,1.0059870740421306,0.20270270270270271,0,0.0,0.0
542,38,65942.26,1,1,1,0,1,0.9683971755022415,0.2236842105263158,1,0.0,0.0
809,38,0.0,2,1,0,1,2,0.0,0.09210526315789473,1,0.0,0.0
675,54,0.0,1,0,1,1,0,0.0,0.046296296296296294,1,0.0,0.0
607,27,100912.19,1,0,0,0,0,13.221779365771912,0.2037037037037037,0,0.0,1.0
850,31,0.0,2,1,0,1,2,0.0,0.14516129032258066,0,0.0,0.0
789,37,0.0,1,0,1,1,0,0.0,0.0945945945945946,1,0.0,0.0
598,43,0.0,3,1,1,1,3,0.0,0.12790697674418605,0,0.0,0.0
756,41,124439.49,2,1,0,0,2,2.6423578235155096,0.06097560975609756,1,1.0,0.0
687,47,0.0,2,1,0,1,2,0.0,0.1595744680851064,0,0.0,0.0
724,40,0.0,2,0,0,1,0,0.0,0.1625,1,0.0,0.0
700,44,58781.76,1,0,0,0,0,3.483173658087974,0.056818181818181816,0,0.0,0.0
635,50,159453.64,2,0,1,0,0,2.922441510808205,0.15,1,0.0,1.0
687,26,142721.52,1,1,0,0,1,0.9291357313399313,0.09615384615384616,1,1.0,0.0
613,46,167795.6,1,1,0,0,1,3.779914028354154,0.18478260869565216,0,0.0,0.0
781,38,128345.69,2,0,0,0,0,2.0301486004791216,0.09210526315789473,0,0.0,0.0
703,20,165260.98,1,1,0,0,1,3.9699686123064937,0.175,1,0.0,1.0
593,62,118233.81,1,1,1,0,1,4.7739352262912895,0.056451612903225805,0,1.0,0.0
743,40,0.0,1,0,1,1,0,0.0,0.1625,0,0.0,0.0
640,46,0.0,2,0,0,1,0,0.0,0.18478260869565216,0,0.0,1.0
849,37,143452.74,2,1,0,0,2,8.294405589553586,0.20270270270270271,1,1.0,0.0
778,38,145018.49,2,1,0,0,2,1.1445508056965474,0.09210526315789473,1,0.0,0.0
539,38,82407.51,1,0,0,0,0,6.278949682309528,0.2236842105263158,0,1.0,0.0
489,28,79460.98,2,1,0,0,2,0.47305346051365016,0.05357142857142857,1,1.0,0.0
568,43,0.0,1,0,1,1,0,0.0,0.22093023255813954,0,0.0,1.0
618,38,126473.99,1,0,0,0,0,1.3751135245601749,0.14473684210526316,1,0.0,1.0
710,30,133537.1,2,0,0,0,0,0.8582365959157746,0.35,0,1.0,0.0
625,52,164978.01,1,1,0,0,1,2.4336812387879005,0.10576923076923077,1,0.0,0.0
682,46,128029.72,1,1,0,0,1,2.0446691638845125,0.16304347826086957,1,0.0,1.0
727,43,97403.18,1,1,1,0,1,0.9067844814954044,0.05813953488372093,1,0.0,1.0
794,41,176845.41,3,0,1,0,0,1.061960726430015,0.18292682926829268,0,0.0,0.0
652,71,0.0,1,1,0,1,1,0.0,0.06338028169014084,1,0.0,1.0
670,42,81589.04,1,0,0,0,0,0.4334567292571594,0.08333333333333333,1,0.0,1.0
460,40,119507.58,2,0,1,0,0,1.3052146406742648,0.1625,0,1.0,0.0
568,26,0.0,2,0,0,1,0,0.0,0.25,0,0.0,1.0
643,30,94443.77,1,1,0,0,1,0.5702595893860113,0.18333333333333332,1,0.0,0.0
521,37,0.0,2,1,0,1,2,0.0,0.06756756756756757,1,0.0,0.0
615,32,92199.84,1,1,0,0,1,33.44779124478964,0.234375,1,0.0,0.0
575,43,0.0,1,0,0,1,0,0.0,0.08139534883720931,1,0.0,1.0
717,41,135756.96,1,1,0,0,1,1.309038187338783,0.08536585365853659,0,0.0,0.0
648,54,120633.42,1,0,1,0,0,20.35876517624186,0.17592592592592593,0,0.0,0.0
535,48,134542.73,1,1,1,0,1,2.3115452763498188,0.11458333333333333,1,1.0,0.0
626,29,0.0,2,0,0,1,0,0.0,0.25862068965517243,1,0.0,1.0
611,52,0.0,1,1,1,1,1,0.0,0.14423076923076922,1,0.0,1.0
734,39,0.0,1,1,0,1,1,0.0,0.16666666666666666,1,0.0,1.0
709,49,154344.49,2,1,0,0,2,3.9784050086130964,0.09183673469387756,1,0.0,0.0
591,43,0.0,2,1,0,1,2,0.0,0.08139534883720931,1,0.0,0.0
664,43,189026.53,2,1,0,0,2,3.3694052105440093,0.22093023255813954,1,0.0,0.0
431,37,120764.08,1,1,0,0,1,1.0319592343729598,0.013513513513513514,1,0.0,0.0
647,22,97975.82,2,1,0,0,2,1.5781170671992786,0.1590909090909091,0,1.0,0.0
578,32,0.0,2,1,0,1,2,0.0,0.140625,1,0.0,0.0
555,41,113270.2,2,1,0,0,2,0.61098946243271,0.25609756097560976,1,1.0,0.0
775,30,0.0,2,1,0,1,2,0.0,0.15,1,0.0,1.0
850,39,124548.99,2,1,0,0,2,1.0346222896082045,0.08974358974358974,1,1.0,0.0
625,43,201696.07,1,0,1,0,0,1.516262134280145,0.19767441860465115,1,0.0,0.0
645,37,0.0,2,0,0,1,0,0.0,0.20270270270270271,0,0.0,1.0
608,44,114203.47,1,1,1,0,1,1.4673194712259943,0.17045454545454544,1,1.0,0.0
689,31,0.0,2,1,0,1,2,0.0,0.14516129032258066,0,0.0,1.0
652,50,125437.64,1,1,1,0,1,7.309059465305205,0.17,1,1.0,0.0
769,26,0.0,2,0,0,1,0,0.0,0.28846153846153844,0,0.0,0.0
611,43,64897.75,1,0,0,0,0,0.5643413634038286,0.19767441860465115,0,0.0,0.0
489,38,0.0,2,1,0,1,2,0.0,0.2236842105263158,1,0.0,0.0
528,46,135555.66,1,0,1,0,0,1.0180900017071355,0.20652173913043478,0,1.0,0.0
632,44,107764.75,1,0,0,0,0,0.5804141376102555,0.07954545454545454,1,0.0,0.0
429,27,117307.44,2,1,0,0,2,4.883437288860932,0.24074074074074073,0,0.0,0.0
457,41,73700.12,3,1,1,0,3,0.396768319226457,0.2073170731707317,1,0.0,0.0
768,44,60603.4,1,1,0,0,1,0.34037872141266995,0.14772727272727273,0,0.0,1.0
715,35,40169.88,2,1,0,0,2,0.20099163172819245,0.12857142857142856,0,0.0,1.0
668,32,92041.87,1,1,0,0,1,2.11120217263154,0.328125,0,1.0,0.0
625,26,130483.95,1,0,0,0,0,1.062473124469665,0.1346153846153846,1,1.0,0.0
846,41,0.0,3,0,1,1,0,0.0,0.13414634146341464,0,0.0,0.0
661,42,0.0,2,0,0,1,0,0.0,0.08333333333333333,0,0.0,1.0
571,23,151097.28,1,1,0,0,1,8.802766134082932,0.45652173913043476,0,0.0,0.0
582,46,67563.31,1,0,1,0,0,1.518034767044981,0.18478260869565216,0,0.0,1.0
716,35,112808.18,1,1,0,0,1,6.320033838862028,0.24285714285714285,0,0.0,0.0
758,42,0.0,2,1,0,1,2,0.0,0.17857142857142858,0,0.0,0.0
725,66,86459.8,1,1,0,0,1,0.6111202370185067,0.06818181818181818,1,0.0,0.0
630,40,118633.08,1,1,1,0,1,1.976115985985149,0.0125,0,0.0,0.0
627,55,159441.27,1,0,1,0,0,1.583532092638273,0.045454545454545456,0,0.0,0.0
653,27,0.0,2,0,0,1,0,0.0,0.35185185185185186,0,0.0,0.0
775,38,125212.65,2,1,1,0,2,7.926416482242063,0.11842105263157894,0,1.0,0.0
794,45,88656.37,2,0,0,0,0,0.7606834453455396,0.18888888888888888,1,0.0,1.0
831,32,146033.62,1,0,0,0,0,0.7635276140434569,0.078125,0,0.0,0.0
561,29,120268.13,1,1,0,0,1,0.6917074166140846,0.3275862068965517,1,0.0,0.0
705,46,0.0,2,0,0,1,0,0.0,0.16304347826086957,1,0.0,1.0
636,33,0.0,1,0,1,1,0,0.0,0.015151515151515152,0,0.0,1.0
487,46,135070.58,2,1,1,0,2,3.0527536252847463,0.09782608695652174,0,1.0,0.0
693,38,0.0,2,0,1,1,0,0.0,0.09210526315789473,0,0.0,0.0
517,29,0.0,2,0,0,1,0,0.0,0.1896551724137931,0,0.0,1.0
684,27,122550.05,2,1,0,0,2,0.889095163396834,0.35185185185185186,0,0.0,0.0
620,43,0.0,2,0,0,1,0,0.0,0.05813953488372093,0,0.0,1.0
757,29,130306.49,1,0,0,0,0,1.6820169205314341,0.29310344827586204,1,0.0,0.0
739,27,0.0,1,1,0,1,1,0.0,0.24074074074074073,0,0.0,0.0
662,41,90350.77,1,0,1,0,0,1.1906173301539884,0.10975609756097561,0,0.0,1.0
359,44,128747.69,1,0,1,0,0,0.8760926261890322,0.14772727272727273,0,0.0,0.0
572,23,126873.52,1,1,0,0,1,1.8924731567730373,0.10869565217391304,1,0.0,1.0
721,69,108424.19,1,1,0,0,1,0.6076929996662358,0.036231884057971016,1,0.0,0.0
707,32,0.0,2,0,0,1,0,0.0,0.296875,1,0.0,0.0
444,40,84350.07,1,0,0,0,0,0.586429157608945,0.1375,0,0.0,0.0
523,73,0.0,2,0,1,1,0,0.0,0.10273972602739725,0,0.0,0.0
685,30,84958.6,2,1,0,0,2,0.4371541454792289,0.15,0,1.0,0.0
673,29,99097.36,1,1,0,0,1,10.114359609254834,0.15517241379310345,0,1.0,0.0
503,30,136622.55,2,0,0,0,0,2.8877397844571395,0.35,1,1.0,0.0
485,30,156771.68,1,1,0,0,1,1.1106805344500335,0.18333333333333332,0,1.0,0.0
799,28,167658.33,2,1,0,0,2,1.5085429315025969,0.26785714285714285,1,1.0,0.0
585,33,0.0,2,0,0,1,0,0.0,0.25757575757575757,0,0.0,1.0
607,24,109483.54,2,1,0,0,2,0.8582786206243452,0.10416666666666667,0,1.0,0.0
521,40,134504.78,1,0,0,0,0,7.438164779633535,0.2375,0,1.0,0.0
535,44,114427.86,1,1,0,0,1,0.8393369209673555,0.056818181818181816,0,0.0,0.0
724,45,83888.54,1,1,0,0,1,2.458430006204061,0.12222222222222222,1,0.0,1.0
520,32,110029.77,1,0,0,0,0,1.9561651331814693,0.171875,1,1.0,0.0
696,41,127523.75,1,1,0,0,1,0.6662041719913893,0.23170731707317074,1,0.0,1.0
657,30,139762.13,2,1,0,0,2,5.993518127800306,0.05,1,1.0,0.0
603,42,91611.12,1,0,1,0,0,0.6332144242007848,0.20238095238095238,0,0.0,1.0
726,42,109471.79,1,1,0,0,1,0.6249743594574282,0.05952380952380952,0,0.0,0.0
591,39,150500.64,1,0,0,0,0,10.080552987983765,0.11538461538461539,0,0.0,0.0
792,59,101609.77,1,0,1,0,0,0.6292398466957464,0.16101694915254236,0,1.0,0.0
550,57,0.0,1,1,0,1,1,0.0,0.09649122807017543,1,0.0,0.0
601,26,78892.23,1,1,0,0,1,3.3281513399132314,0.3269230769230769,0,0.0,0.0
820,29,82344.84,1,1,0,0,1,0.7099526685805695,0.1206896551724138,0,0.0,0.0
667,48,0.0,1,0,0,1,0,0.0,0.052083333333333336,1,0.0,0.0
573,44,0.0,1,1,0,1,1,0.0,0.10227272727272728,0,0.0,1.0
755,62,127706.33,2,1,0,0,2,0.8969483424801844,0.024193548387096774,1,0.0,0.0
552,41,124349.34,1,0,0,0,0,0.916785446368504,0.23170731707317074,0,0.0,0.0
598,44,0.0,2,0,0,1,0,0.0,0.19318181818181818,1,0.0,1.0
576,28,119336.29,2,1,0,0,2,2.023408618659378,0.05357142857142857,1,1.0,0.0
670,31,0.0,1,1,0,1,1,0.0,0.3064516129032258,0,0.0,0.0
504,56,104217.3,1,0,1,0,0,1.8657382012543127,0.16964285714285715,1,1.0,0.0
778,65,0.0,1,1,0,1,1,0.0,0.11538461538461539,0,0.0,0.0
558,39,144757.02,1,0,1,0,0,6.327025118055033,0.2692307692307692,1,1.0,0.0
627,44,0.0,1,1,0,1,1,0.0,0.14772727272727273,1,0.0,1.0
683,43,0.0,1,0,0,1,0,0.0,0.19767441860465115,1,0.0,0.0
556,43,0.0,3,0,1,1,0,0.0,0.1511627906976744,0,0.0,0.0
583,38,0.0,2,1,0,1,2,0.0,0.27631578947368424,0,0.0,0.0
705,24,100169.51,1,0,0,0,0,0.8250546188499998,0.3125,0,0.0,0.0
637,33,145731.83,1,1,0,0,1,1.3342909380598482,0.07575757575757576,1,0.0,0.0
697,56,110802.03,1,1,1,0,1,2.2058359616741035,0.09821428571428571,1,0.0,1.0
555,46,120392.99,1,0,1,0,0,0.6774273793827714,0.09782608695652174,0,1.0,0.0
594,26,135067.52,2,0,0,0,0,1.029377150989621,0.25,0,1.0,0.0
632,31,136556.44,1,0,1,0,0,1.662204184515804,0.11290322580645161,1,0.0,1.0
551,38,0.0,2,1,0,1,2,0.0,0.27631578947368424,0,0.0,0.0
687,35,99587.43,1,1,1,0,1,35.476218007762185,0.1,0,0.0,0.0
672,53,0.0,1,1,0,1,1,0.0,0.14150943396226415,0,0.0,0.0
521,34,70731.07,1,1,1,0,1,3.493760178454204,0.22058823529411764,0,0.0,1.0
686,35,109342.82,2,1,0,0,2,1.2707739864606906,0.07142857142857142,1,1.0,0.0
639,28,0.0,2,0,0,1,0,0.0,0.30357142857142855,1,0.0,1.0
850,66,0.0,2,1,0,1,2,0.0,0.06818181818181818,1,0.0,0.0
465,25,78247.31,2,1,0,0,2,7.471115626291975,0.1,1,0.0,0.0
817,55,117561.49,1,0,1,0,0,1.2253321388685208,0.19090909090909092,0,0.0,0.0
578,23,88980.32,1,1,0,0,1,0.7105728515829635,0.45652173913043476,1,0.0,0.0
611,34,0.0,2,0,0,1,0,0.0,0.1323529411764706,1,0.0,1.0
616,41,103560.57,1,0,1,0,0,35.476218007762185,0.036585365853658534,0,1.0,0.0
517,37,113308.84,1,1,0,0,1,3.5950334664206287,0.14864864864864866,1,0.0,0.0
637,40,0.0,2,1,0,1,2,0.0,0.1625,0,0.0,1.0
806,32,63763.49,1,0,0,0,0,0.4071896327632799,0.109375,0,0.0,0.0
633,29,169988.35,1,0,0,0,0,35.476218007762185,0.25862068965517243,0,0.0,0.0
624,35,180303.24,2,0,0,0,0,1.1021728246843154,0.014285714285714285,0,1.0,0.0
691,52,0.0,1,0,1,1,0,0.0,0.0673076923076923,1,0.0,0.0
819,49,120656.86,4,0,1,0,0,0.7261254907011272,0.030612244897959183,0,1.0,0.0
568,31,61592.14,2,1,0,0,2,0.9966746302933251,0.04838709677419355,0,1.0,0.0
806,48,164701.68,1,1,0,0,1,7.681805779625371,0.09375,1,0.0,0.0
726,26,80780.16,1,1,0,0,1,4.2014245703274335,0.057692307692307696,0,0.0,1.0
552,36,0.0,2,0,0,1,0,0.0,0.2361111111111111,1,0.0,0.0
755,30,154221.37,2,1,0,0,2,2.460080986384493,0.21666666666666667,0,1.0,0.0
634,26,0.0,1,0,0,1,0,0.0,0.3269230769230769,1,0.0,0.0
756,26,101641.14,2,1,0,0,2,0.65803466594433,0.21153846153846154,0,0.0,0.0
776,37,0.0,1,1,0,1,1,0.0,0.06756756756756757,1,0.0,0.0
649,45,92786.66,1,0,1,0,0,0.5352040095312312,0.12222222222222222,0,0.0,0.0
595,32,131081.66,2,1,0,0,2,1.8879743118911927,0.265625,1,1.0,0.0
646,30,98014.74,1,1,0,0,1,7.682525822729646,0.18333333333333332,1,0.0,0.0
592,38,0.0,2,0,0,1,0,0.0,0.2236842105263158,1,0.0,1.0
574,26,97460.1,1,1,0,0,1,2.261534895150607,0.3269230769230769,1,0.0,0.0
850,36,104077.19,2,1,0,0,2,1.5172707923318027,0.041666666666666664,1,0.0,0.0
850,29,0.0,2,1,0,1,2,0.0,0.05172413793103448,0,0.0,1.0
475,46,0.0,2,0,1,1,0,0.0,0.22826086956521738,0,0.0,0.0
642,39,0.0,1,1,0,1,1,0.0,0.11538461538461539,0,0.0,0.0
710,51,93656.95,1,1,1,0,1,0.6623475944493096,0.08823529411764706,0,0.0,1.0
596,30,121345.88,4,0,1,0,0,2.894511452612245,0.21666666666666667,1,0.0,1.0
609,39,141675.23,1,1,0,0,1,0.8065068646189273,0.21794871794871795,0,0.0,0.0
797,31,0.0,2,0,0,1,0,0.0,0.27419354838709675,0,0.0,1.0
504,43,102365.49,1,0,1,0,0,0.5257823173521922,0.1744186046511628,0,1.0,0.0
735,50,0.0,1,0,1,1,0,0.0,0.19,1,0.0,1.0
680,30,0.0,1,0,0,1,0,0.0,0.11666666666666667,0,0.0,1.0
449,52,0.0,2,1,0,1,2,0.0,0.125,1,0.0,0.0
685,57,101868.51,1,1,0,0,1,0.8976388589289717,0.13157894736842105,1,1.0,0.0
569,38,0.0,2,0,0,1,0,0.0,0.2236842105263158,1,0.0,1.0
631,35,112392.45,2,0,0,0,0,4.59246490961757,0.2714285714285714,1,0.0,0.0
595,25,106570.34,2,1,0,0,2,0.6020011999313776,0.3,0,1.0,0.0
461,28,0.0,1,1,0,1,1,0.0,0.30357142857142855,0,0.0,0.0
630,50,81947.76,1,1,1,0,1,1.288340537442133,0.03,1,0.0,0.0
661,31,144162.3,2,1,0,0,2,9.947860133220257,0.24193548387096775,0,0.0,0.0
796,39,86350.87,2,0,0,0,0,0.8217511678788841,0.14102564102564102,1,1.0,0.0
710,47,158623.14,1,0,1,0,0,1.8996580755007524,0.11702127659574468,1,0.0,0.0
741,32,0.0,2,0,0,1,0,0.0,0.265625,1,0.0,0.0
606,48,132403.56,1,0,1,0,0,3.6684091141445783,0.09375,1,1.0,0.0
747,27,0.0,2,0,0,1,0,0.0,0.3888888888888889,1,0.0,0.0
549,43,134985.66,1,0,0,0,0,22.120057485485244,0.08139534883720931,0,1.0,0.0
576,36,0.0,2,1,0,1,2,0.0,0.18055555555555555,1,0.0,0.0
528,37,103772.45,1,0,0,0,0,0.5264617517090071,0.17567567567567569,1,0.0,0.0
535,33,133040.32,1,1,0,0,1,1.2061593762074938,0.07575757575757576,1,0.0,0.0
575,37,0.0,2,0,0,1,0,0.0,0.013513513513513514,0,0.0,1.0
656,39,0.0,2,1,0,1,2,0.0,0.2692307692307692,1,0.0,0.0
440,42,0.0,2,0,0,1,0,0.0,0.05952380952380952,1,0.0,0.0
539,38,71460.67,2,1,0,0,2,7.092835271288976,0.2236842105263158,1,0.0,1.0
850,39,133214.13,1,1,0,0,1,6.413504386910906,0.16666666666666666,1,0.0,1.0
646,37,96558.66,1,0,0,0,0,0.590832376643979,0.20270270270270271,0,0.0,0.0
744,54,93806.31,2,1,0,0,2,0.6697113160105853,0.12037037037037036,1,0.0,0.0
710,36,0.0,2,0,0,1,0,0.0,0.2361111111111111,0,0.0,1.0
544,64,124043.8,1,1,1,0,1,1.1134594215987097,0.0546875,0,0.0,0.0
723,52,131694.97,1,1,1,0,1,1.4179884683093853,0.10576923076923077,1,1.0,0.0
507,29,0.0,2,1,0,1,2,0.0,0.22413793103448276,0,0.0,1.0
787,35,106266.8,1,1,0,0,1,6.398473038839365,0.04285714285714286,0,0.0,0.0
598,41,0.0,2,1,0,1,2,0.0,0.2073170731707317,1,0.0,1.0
796,51,0.0,2,1,0,1,2,0.0,0.12745098039215685,1,0.0,0.0
569,41,139840.36,1,1,0,0,1,0.8551583023341284,0.10975609756097561,0,0.0,1.0
711,34,0.0,2,0,0,1,0,0.0,0.25,1,0.0,0.0
661,35,124098.54,1,0,0,0,0,1.4316945602350175,0.24285714285714285,1,1.0,0.0
415,32,145807.59,1,1,0,0,1,35.476218007762185,0.171875,1,0.0,0.0
578,23,0.0,2,0,0,1,0,0.0,0.3695652173913043,1,0.0,1.0
611,26,107508.93,2,1,0,0,2,0.889955063071878,0.09615384615384616,0,0.0,0.0
600,28,0.0,2,1,0,1,2,0.0,0.23214285714285715,0,0.0,0.0
661,32,145980.23,1,1,0,0,1,2.577458345457268,0.046875,0,1.0,0.0
850,37,212778.2,1,1,0,0,1,3.067122669223633,0.0945945945945946,0,0.0,0.0
573,47,152522.47,1,1,1,0,1,0.9297935546696283,0.09574468085106383,0,1.0,0.0
764,33,168964.77,1,1,0,0,1,1.4200687977686992,0.2878787878787879,0,0.0,1.0
838,34,0.0,2,0,0,1,0,0.0,0.25,0,0.0,0.0
821,28,0.0,1,1,0,1,1,0.0,0.30357142857142855,0,0.0,0.0
607,36,98266.3,1,1,0,0,1,2.1170161336189737,0.125,0,0.0,1.0
558,38,113000.92,1,1,0,0,1,0.7391797879277746,0.2236842105263158,1,0.0,0.0
530,23,137060.88,2,1,0,0,2,0.8295245915301519,0.06521739130434782,1,1.0,0.0
654,37,112146.12,1,0,0,0,0,1.4769993026320207,0.14864864864864866,1,1.0,0.0
530,33,129307.32,1,1,0,0,1,0.7477381766907641,0.13636363636363635,0,0.0,0.0
656,69,163975.09,1,1,0,0,1,4.541051246901785,0.09420289855072464,1,0.0,1.0
520,43,0.0,2,1,0,1,2,0.0,0.1744186046511628,1,0.0,1.0
602,42,158414.85,1,1,0,0,1,1.2011365599125194,0.15476190476190477,0,1.0,0.0
701,48,92072.68,1,1,0,0,1,0.6871436017426535,0.03125,0,1.0,0.0
653,30,88243.29,2,1,0,0,2,0.912931570136167,0.08333333333333333,0,0.0,1.0
668,25,0.0,2,1,0,1,2,0.0,0.34,1,0.0,1.0
652,48,59486.31,1,0,1,0,0,0.3628426892452709,0.09375,1,0.0,0.0
639,54,0.0,2,1,0,1,2,0.0,0.046296296296296294,0,0.0,1.0
730,52,0.0,2,1,0,1,2,0.0,0.14423076923076922,0,0.0,1.0
780,34,0.0,1,1,0,1,1,0.0,0.04411764705882353,1,0.0,0.0
592,38,119278.01,2,1,0,0,2,6.157323584419151,0.2236842105263158,0,0.0,0.0
628,34,158741.43,2,1,0,0,2,1.2579204133587187,0.1323529411764706,1,0.0,0.0
658,40,140596.95,1,1,1,0,1,1.0379221116311663,0.1875,0,0.0,0.0
850,29,0.0,2,1,0,1,2,0.0,0.3620689655172414,0,0.0,1.0
515,37,90432.92,1,1,1,0,1,0.480088873297579,0.06756756756756757,1,1.0,0.0
571,35,104783.81,2,1,0,0,2,0.5869796864685656,0.04285714285714286,0,0.0,0.0
760,42,77992.97,2,1,0,0,2,0.7965995004666655,0.011904761904761904,1,1.0,0.0
720,43,110822.9,1,0,0,0,0,1.5209776053505388,0.2441860465116279,0,1.0,0.0
632,42,119624.6,2,1,0,0,2,0.6103923127611175,0.10714285714285714,1,1.0,0.0
694,31,109052.59,2,1,1,0,2,5.606837145429315,0.20967741935483872,1,1.0,0.0
559,40,139129.44,1,1,0,0,1,4.262996016121807,0.1375,0,0.0,1.0
773,42,152324.66,2,0,0,0,0,0.8869790773207576,0.20238095238095238,0,1.0,0.0
581,38,0.0,2,0,0,1,0,0.0,0.039473684210526314,1,0.0,0.0
524,37,127480.58,2,0,0,0,0,0.709661760421885,0.25675675675675674,0,1.0,0.0
713,53,115029.4,1,0,1,0,0,0.6006057153025297,0.12264150943396226,1,0.0,0.0
676,40,114005.78,1,1,0,0,1,1.676569148721056,0.2125,1,0.0,0.0
651,42,116646.76,1,0,1,0,0,2.607633772086701,0.03571428571428571,0,1.0,0.0
717,49,110864.38,2,1,1,0,2,0.8902345465772774,0.030612244897959183,0,0.0,1.0
594,23,156267.59,1,0,0,0,0,0.9707904183551859,0.2391304347826087,1,0.0,0.0
716,44,109528.28,1,0,1,0,0,4.00576974490018,0.07954545454545454,0,0.0,0.0
668,35,102482.76,1,1,0,0,1,1.89798213337225,0.18571428571428572,0,0.0,0.0
678,23,115563.71,1,1,0,0,1,1.2611371499368198,0.45652173913043476,1,1.0,0.0
545,23,0.0,2,0,0,1,0,0.0,0.10869565217391304,1,0.0,0.0
613,40,95624.36,2,1,0,0,2,1.5751699177018657,0.2375,0,0.0,0.0
687,21,0.0,2,1,0,1,2,0.0,0.40476190476190477,0,0.0,1.0
715,28,160376.61,1,0,0,0,0,0.8146977982832058,0.26785714285714285,1,0.0,0.0
618,41,37702.79,1,1,0,0,1,0.19258079417915777,0.2073170731707317,1,1.0,0.0
721,35,118273.83,1,1,0,0,1,35.476218007762185,0.18571428571428572,0,0.0,0.0
445,34,131082.17,2,1,0,0,2,1.8561884195471476,0.22058823529411764,0,1.0,0.0
690,38,94456.0,2,1,0,0,2,1.7162890101611665,0.039473684210526314,1,0.0,0.0
709,43,0.0,2,0,1,1,0,0.0,0.19767441860465115,0,0.0,0.0
671,42,0.0,2,1,0,1,2,0.0,0.08333333333333333,0,0.0,1.0
538,33,93791.38,1,1,0,0,1,0.4707214227893972,0.19696969696969696,1,0.0,0.0
735,33,0.0,2,0,0,1,0,0.0,0.13636363636363635,0,0.0,0.0
592,37,0.0,2,1,0,1,2,0.0,0.20270270270270271,0,0.0,0.0
747,61,155973.13,1,1,0,0,1,1.0570489320407825,0.12295081967213115,1,0.0,0.0
675,36,89409.95,1,1,0,0,1,0.5984573700123225,0.20833333333333334,1,1.0,0.0
632,39,97854.37,2,0,0,0,0,1.0461525648890315,0.14102564102564102,0,0.0,1.0
621,39,0.0,2,1,0,1,2,0.0,0.16666666666666666,1,0.0,0.0
521,29,60280.62,1,0,0,0,0,0.39074141643343746,0.1206896551724138,1,0.0,1.0
591,36,135216.8,1,1,0,0,1,1.1081174350366965,0.20833333333333334,1,0.0,1.0
706,28,124923.35,2,1,0,0,2,2.4835586938724226,0.23214285714285715,0,1.0,0.0
677,38,0.0,2,0,0,1,0,0.0,0.11842105263157894,1,0.0,0.0
769,27,188614.07,1,0,0,0,0,1.1007847963428659,0.2777777777777778,1,1.0,0.0
771,32,62321.62,1,1,0,0,1,1.5229520651568038,0.171875,1,0.0,0.0
601,48,120782.7,1,0,1,0,0,1.8889509940933675,0.17708333333333334,0,1.0,0.0
670,42,115961.58,2,1,0,0,2,3.9329181373362,0.03571428571428571,0,0.0,0.0
517,28,115062.61,1,0,0,0,0,0.6426024238172343,0.08928571428571429,1,0.0,0.0
834,49,160602.25,2,0,0,0,0,1.242330880215454,0.17346938775510204,0,0.0,0.0
571,42,108825.34,3,0,1,0,0,1.9587166985453974,0.10714285714285714,0,0.0,0.0
576,36,166287.85,1,1,0,0,1,7.134720050114023,0.2361111111111111,0,1.0,0.0
718,31,152663.77,1,1,0,0,1,8.912257934200602,0.04838709677419355,0,0.0,0.0
636,31,80844.69,2,1,0,0,2,1.0830861341132245,0.3064516129032258,0,1.0,0.0
566,40,97001.36,2,0,0,0,0,0.6278933096057719,0.0625,0,1.0,0.0
711,64,0.0,2,1,0,1,2,0.0,0.0703125,1,0.0,0.0
574,39,122524.61,2,0,0,0,0,1.3850124055229756,0.0641025641025641,0,0.0,0.0
619,35,132292.63,1,0,0,0,0,2.0140790905781674,0.24285714285714285,0,0.0,0.0
588,24,0.0,2,1,0,1,2,0.0,0.020833333333333332,0,0.0,0.0
760,49,91502.99,1,0,1,0,0,0.7805164717713904,0.19387755102040816,0,1.0,0.0
665,52,0.0,1,0,1,1,0,0.0,0.0673076923076923,1,0.0,0.0
739,29,59385.98,2,1,0,0,2,0.5627138154029717,0.1206896551724138,1,1.0,0.0
641,77,0.0,3,1,0,1,3,0.0,0.12337662337662338,1,0.0,0.0
685,21,97956.5,1,1,0,0,1,0.5937935446225182,0.30952380952380953,0,1.0,0.0
594,49,0.0,2,1,0,1,2,0.0,0.09183673469387756,0,0.0,0.0
557,40,0.0,2,1,0,1,2,0.0,0.1125,0,0.0,1.0
697,27,141223.68,2,0,0,0,0,1.5588953347503067,0.3148148148148148,1,0.0,0.0
656,18,151762.74,1,1,0,0,1,1.1948380715019258,0.5833333333333334,1,0.0,0.0
712,43,141749.74,2,1,0,0,2,1.559295696467988,0.03488372093023256,1,1.0,0.0
689,38,75075.14,1,1,1,0,1,8.676278065670317,0.14473684210526316,1,0.0,1.0
697,25,165686.11,2,0,0,0,0,10.710861996072138,0.18,0,0.0,0.0
589,38,0.0,1,0,0,1,0,0.0,0.06578947368421052,1,0.0,0.0
525,25,0.0,2,0,0,1,0,0.0,0.42,0,0.0,1.0
680,44,0.0,2,0,0,1,0,0.0,0.07954545454545454,1,0.0,0.0
617,28,0.0,2,1,1,1,2,0.0,0.017857142857142856,0,0.0,0.0
680,32,92961.61,1,0,0,0,0,0.7948249209549362,0.171875,1,0.0,0.0
662,30,0.0,2,1,0,1,2,0.0,0.31666666666666665,0,0.0,1.0
736,46,130812.91,1,1,1,0,1,1.6774640836269248,0.11956521739130435,1,1.0,0.0
657,57,107174.58,1,1,1,0,1,0.8480977569536573,0.14912280701754385,1,1.0,0.0
350,54,152677.48,1,1,1,0,1,0.7953008756528017,0.027777777777777776,1,0.0,1.0
617,30,132005.77,1,0,0,0,0,0.9234957768355266,0.11666666666666667,1,0.0,0.0
562,35,0.0,1,0,0,1,0,0.0,0.21428571428571427,1,0.0,0.0
705,23,0.0,2,1,0,1,2,0.0,0.2391304347826087,0,0.0,1.0
516,33,127305.5,1,1,0,0,1,1.0605401473329026,0.22727272727272727,0,0.0,0.0
573,37,0.0,2,0,0,1,0,0.0,0.17567567567567569,0,0.0,0.0
538,31,0.0,2,0,0,1,0,0.0,0.016129032258064516,0,0.0,1.0
699,39,0.0,1,0,0,1,0,0.0,0.24358974358974358,1,0.0,0.0
504,32,170291.22,2,1,0,0,2,10.874286637475503,0.265625,1,1.0,0.0
583,47,102562.23,1,0,0,0,0,1.1062800739086023,0.11702127659574468,1,0.0,1.0
712,53,111061.01,2,0,0,0,0,4.184165267373867,0.04716981132075472,1,0.0,1.0
626,62,0.0,1,1,0,1,1,0.0,0.056451612903225805,1,0.0,1.0
631,34,124379.14,1,0,0,0,0,1.1635755488783224,0.1323529411764706,0,0.0,0.0
663,37,0.0,1,1,0,1,1,0.0,0.20270270270270271,0,0.0,0.0
506,41,57745.76,1,0,0,0,0,14.306040441376851,0.08536585365853659,0,1.0,0.0
570,50,129293.74,1,0,1,0,0,0.7271600511207581,0.11,0,1.0,0.0
703,45,0.0,2,1,0,1,2,0.0,0.16666666666666666,0,0.0,0.0
698,40,150777.1,1,0,0,0,0,1.314149244136113,0.2125,0,1.0,0.0
731,41,0.0,2,0,0,1,0,0.0,0.10975609756097561,1,0.0,1.0
625,34,0.0,2,0,0,1,0,0.0,0.19117647058823528,1,0.0,0.0
634,31,108632.48,1,1,1,0,1,0.6052388429777852,0.3064516129032258,1,0.0,1.0
616,59,153861.1,1,1,0,0,1,8.692481785804679,0.09322033898305085,1,0.0,0.0
500,56,100374.58,1,0,1,0,0,0.8471014871915188,0.026785714285714284,1,0.0,0.0
446,32,0.0,2,0,0,1,0,0.0,0.265625,1,0.0,0.0
669,47,61196.54,1,0,0,0,0,1.0520067992361861,0.20212765957446807,0,0.0,0.0
581,31,116891.72,1,0,0,0,0,1.0910357920556888,0.20967741935483872,1,1.0,0.0
704,54,133656.91,3,0,1,0,0,0.9213122171540226,0.12037037037037036,0,1.0,0.0
748,44,92911.52,1,1,0,0,1,1.086732235242158,0.056818181818181816,1,0.0,0.0
680,31,119825.75,2,1,0,0,2,1.184747820601679,0.3064516129032258,0,0.0,1.0
655,37,111852.84,2,0,0,0,0,10.64035928018394,0.20270270270270271,0,0.0,0.0
690,32,106683.52,2,1,0,0,2,0.7735314788573951,0.015625,1,1.0,0.0
695,40,139022.24,1,1,0,0,1,0.7188916691354145,0.1875,1,1.0,0.0
700,40,148571.07,1,0,1,0,0,0.7826616795544766,0.1125,0,1.0,0.0
773,52,0.0,1,1,0,1,1,0.0,0.08653846153846154,1,0.0,0.0
749,42,129776.72,2,1,0,0,2,0.9041184549118217,0.03571428571428571,1,0.0,0.0
611,46,0.0,1,0,1,1,0,0.0,0.11956521739130435,0,0.0,0.0
606,46,0.0,2,1,0,1,2,0.0,0.18478260869565216,0,0.0,1.0
554,24,0.0,1,0,0,1,0,0.0,0.4375,1,0.0,0.0
567,37,0.0,2,1,0,1,2,0.0,0.20270270270270271,0,0.0,0.0
559,24,114739.92,1,0,1,0,0,1.3358624002555766,0.14583333333333334,1,0.0,1.0
594,41,122545.65,2,1,0,0,2,2.914198249564103,0.06097560975609756,1,1.0,0.0
513,37,0.0,2,0,0,1,0,0.0,0.17567567567567569,0,0.0,0.0
652,26,131908.35,1,1,0,0,1,0.7358050354996484,0.057692307692307696,0,1.0,0.0
680,42,105722.69,1,1,1,0,1,1.1674423283587627,0.17857142857142858,0,1.0,0.0
784,33,0.0,2,0,0,1,0,0.0,0.3181818181818182,1,0.0,1.0
812,44,0.0,3,0,1,1,0,0.0,0.19318181818181818,0,0.0,1.0
784,40,0.0,2,0,0,1,0,0.0,0.2125,0,0.0,1.0
570,18,82767.42,1,0,0,0,0,1.1525425097719213,0.25,0,0.0,0.0
712,42,87842.98,1,0,0,0,0,0.9524897860754924,0.03571428571428571,0,0.0,0.0
705,39,133261.13,1,1,0,0,1,1.70701193463555,0.16666666666666666,1,0.0,1.0
681,32,0.0,2,1,0,1,2,0.0,0.109375,0,0.0,1.0
620,41,97925.11,1,0,0,0,0,1.1520422271089437,0.012195121951219513,1,0.0,0.0
711,52,0.0,1,1,0,1,1,0.0,0.10576923076923077,1,0.0,0.0
613,24,140453.91,1,0,0,0,0,1.088770587811225,0.3125,0,0.0,0.0
613,20,117356.19,1,0,1,0,0,1.0334407667576329,0.025,0,1.0,0.0
682,36,0.0,2,1,0,1,2,0.0,0.1527777777777778,1,0.0,1.0
850,37,137204.77,1,1,0,0,1,4.75306470213489,0.12162162162162163,1,0.0,1.0
601,41,0.0,2,1,0,1,2,0.0,0.036585365853658534,0,0.0,0.0
595,35,0.0,1,0,1,1,0,0.0,0.24285714285714285,1,0.0,1.0
675,36,54098.18,2,1,0,0,2,0.9930003054358776,0.09722222222222222,1,0.0,1.0
591,31,0.0,1,1,0,1,1,0.0,0.27419354838709675,1,0.0,1.0
602,23,113758.48,2,0,0,0,0,1.35300159612553,0.32608695652173914,1,0.0,0.0
554,34,0.0,1,1,0,1,1,0.0,0.25,0,0.0,1.0
541,37,118636.92,1,1,0,0,1,1.612956959687537,0.25675675675675674,1,0.0,0.0
506,34,0.0,2,0,0,1,0,0.0,0.22058823529411764,1,0.0,0.0
814,44,95488.82,2,0,0,0,0,0.892297209193625,0.19318181818181818,1,1.0,0.0
683,30,110829.52,2,0,0,0,0,4.443874539692316,0.2833333333333333,1,0.0,0.0
485,51,144244.59,2,0,0,0,0,2.8220095261311253,0.14705882352941177,1,1.0,0.0
696,31,122021.92,2,0,0,0,0,3.6069529560468276,0.27419354838709675,0,1.0,0.0
608,30,0.0,2,0,0,1,0,0.0,0.2833333333333333,0,0.0,0.0
792,50,0.0,4,1,1,1,4,0.0,0.19,1,0.0,0.0
686,22,0.0,2,0,0,1,0,0.0,0.25,1,0.0,1.0
790,42,85839.62,1,0,0,0,0,0.4331315189193381,0.03571428571428571,1,1.0,0.0
654,29,96974.97,1,1,0,0,1,0.6857955658874183,0.15517241379310345,0,0.0,0.0
452,35,148172.44,1,1,0,0,1,35.47612936590785,0.12857142857142856,1,0.0,0.0
719,38,0.0,1,0,0,1,0,0.0,0.013157894736842105,1,0.0,1.0
707,40,0.0,2,0,0,1,0,0.0,0.1375,0,0.0,0.0
699,49,0.0,1,0,0,1,0,0.0,0.05102040816326531,0,0.0,0.0
850,30,0.0,2,1,0,1,2,0.0,0.08333333333333333,1,0.0,1.0
828,28,134766.85,1,0,0,0,0,1.698237972339383,0.30357142857142855,1,0.0,1.0
850,30,123210.56,2,1,0,0,2,1.205803764231938,0.18333333333333332,1,1.0,0.0
712,47,139887.01,1,1,0,0,1,1.4614076804470675,0.031914893617021274,1,0.0,1.0
634,44,149961.11,1,0,0,0,0,2.6252542123936777,0.2159090909090909,1,0.0,0.0
730,45,152880.97,1,0,0,0,0,0.9409269290064428,0.14444444444444443,1,1.0,0.0
685,43,108589.47,2,1,0,0,2,0.557413598545574,0.22093023255813954,1,1.0,0.0
809,33,0.0,1,1,0,1,1,0.0,0.2878787878787879,1,0.0,1.0
707,35,56674.48,1,0,1,0,0,3.150612617019857,0.1,0,0.0,1.0
648,32,0.0,1,0,0,1,0,0.0,0.265625,1,0.0,1.0
760,57,0.0,2,1,0,1,2,0.0,0.02631578947368421,0,0.0,1.0
805,33,105663.56,2,1,0,0,2,3.170044062907924,0.10606060606060606,0,1.0,0.0
585,39,0.0,2,0,0,1,0,0.0,0.19230769230769232,0,0.0,0.0
595,30,100683.54,1,1,0,0,1,0.5644897311109471,0.18333333333333332,0,0.0,1.0
630,42,0.0,2,0,0,1,0,0.0,0.15476190476190477,1,0.0,0.0
627,29,139541.58,2,0,0,0,0,1.7311062020513264,0.1896551724137931,1,1.0,0.0
631,37,121801.72,2,1,0,0,2,5.261954360750695,0.06756756756756757,0,1.0,0.0
776,38,112281.7,1,1,0,0,1,1.2490372057943413,0.14473684210526316,1,1.0,0.0
676,36,0.0,2,1,0,1,2,0.0,0.125,0,0.0,1.0
758,40,93499.82,2,0,0,0,0,0.7588050979789696,0.1375,0,0.0,1.0
637,33,132255.99,2,1,0,0,2,1.7731202056699469,0.015151515151515152,1,0.0,0.0
850,20,0.0,2,0,0,1,0,0.0,0.375,1,0.0,0.0
601,44,0.0,2,0,0,1,0,0.0,0.10227272727272728,0,0.0,1.0
735,49,121973.28,1,0,0,0,0,0.8196833769966352,0.11224489795918367,1,0.0,0.0
614,32,99462.8,2,1,0,0,2,1.9457467673851474,0.234375,1,1.0,0.0
672,21,165878.76,2,1,0,0,2,1.0081475927439816,0.16666666666666666,0,1.0,0.0
642,30,117494.27,1,0,0,0,0,1.8957164721754949,0.2833333333333333,1,0.0,0.0
633,29,138577.34,1,0,0,0,0,0.716665703888299,0.017241379310344827,0,1.0,0.0
769,39,0.0,1,1,0,1,1,0.0,0.24358974358974358,1,0.0,1.0
796,41,107525.07,1,0,0,0,0,5.808583462848049,0.2073170731707317,1,0.0,1.0
715,23,139224.92,2,0,0,0,0,2.1399889422953517,0.32608695652173914,1,0.0,0.0
695,42,121453.63,1,0,0,0,0,2.6189100570903174,0.17857142857142858,0,0.0,0.0
747,25,0.0,2,1,0,1,2,0.0,0.18,0,0.0,0.0
584,54,77354.37,1,0,1,0,0,0.5597520962924722,0.027777777777777776,0,1.0,0.0
476,40,0.0,1,1,0,1,1,0.0,0.1625,1,0.0,0.0
850,39,79259.99,1,1,0,0,1,0.4240503566014634,0.19230769230769232,0,0.0,0.0
529,30,116295.29,1,0,0,0,0,1.5447037163516897,0.08333333333333333,1,0.0,0.0
584,59,0.0,1,1,1,1,1,0.0,0.025423728813559324,0,0.0,1.0
586,34,74309.81,1,0,0,0,0,4.942149238523989,0.27941176470588236,1,1.0,0.0
674,34,152797.9,1,0,1,0,0,0.8696007749114452,0.07352941176470588,1,1.0,0.0
552,42,133701.07,2,0,1,0,0,1.3228468465295238,0.2261904761904762,1,0.0,0.0
601,33,114430.18,2,1,0,0,2,0.7478454953506277,0.22727272727272727,0,1.0,0.0
541,29,127504.57,1,0,0,0,0,1.4796018377504732,0.25862068965517243,1,0.0,0.0
744,41,84113.41,1,0,0,0,0,0.4257836878763073,0.06097560975609756,0,1.0,0.0
595,23,101126.66,2,0,0,0,0,2.72992133636398,0.45652173913043476,0,0.0,1.0
724,33,103564.83,2,0,0,0,0,0.8552947011860591,0.16666666666666666,1,1.0,0.0
533,52,0.0,1,1,1,1,1,0.0,0.14423076923076922,0,0.0,1.0
618,37,168178.21,2,1,0,0,2,1.6606219568393656,0.06756756756756757,1,0.0,0.0
523,39,143903.11,1,1,1,0,1,1.212195909874887,0.038461538461538464,0,1.0,0.0
642,30,129753.69,1,0,0,0,0,35.476218007762185,0.18333333333333332,0,1.0,0.0
584,35,0.0,2,0,0,1,0,0.0,0.2714285714285714,1,0.0,0.0
521,38,110641.18,1,1,1,0,1,0.810506495960074,0.14473684210526316,1,0.0,0.0
662,36,166909.2,2,0,1,0,0,1.2018913515542213,0.125,0,0.0,0.0
758,34,154139.45,1,1,0,0,1,2.5381150863273425,0.04411764705882353,0,0.0,0.0
717,38,97459.06,1,0,0,0,0,0.5151747273752673,0.19736842105263158,1,0.0,0.0
611,40,0.0,2,1,0,1,2,0.0,0.0375,1,0.0,0.0
766,43,112088.04,2,1,0,0,2,3.0535410144395323,0.1511627906976744,1,1.0,0.0
636,34,0.0,2,1,0,1,2,0.0,0.10294117647058823,0,0.0,0.0
814,48,0.0,2,1,0,1,2,0.0,0.15625,0,0.0,0.0
760,28,141038.57,2,0,0,0,0,8.658845753844153,0.05357142857142857,1,0.0,1.0
607,39,84468.67,2,1,0,0,2,0.6926703547344809,0.0641025641025641,1,1.0,0.0
725,36,118520.26,1,0,1,0,0,0.9035284951618031,0.125,0,0.0,1.0
600,37,142663.46,1,1,0,0,1,1.6089097560653782,0.04054054054054054,1,0.0,0.0
656,27,118627.16,2,1,0,0,2,0.7375645920728096,0.16666666666666666,1,1.0,0.0
640,34,137523.02,1,0,0,0,0,5.5537121663686335,0.04411764705882353,1,0.0,1.0
439,28,110976.23,2,0,0,0,0,0.8011106927439053,0.26785714285714285,1,0.0,0.0
549,38,107283.4,1,0,0,0,0,0.6814078043745782,0.2236842105263158,0,0.0,0.0
622,38,0.0,2,0,0,1,0,0.0,0.14473684210526316,1,0.0,0.0
715,34,124314.45,1,0,0,0,0,1.2713179222105229,0.1323529411764706,1,0.0,0.0
657,41,95858.37,1,1,0,0,1,1.4043766723588889,0.13414634146341464,0,0.0,0.0
703,36,0.0,2,0,0,1,0,0.0,0.06944444444444445,1,0.0,0.0
802,33,0.0,2,0,0,1,0,0.0,0.25757575757575757,1,0.0,0.0
793,36,0.0,1,0,0,1,0,0.0,0.013888888888888888,0,0.0,1.0
554,35,117707.18,2,0,1,0,0,1.235405809201795,0.18571428571428572,0,0.0,0.0
533,38,135289.33,2,1,0,0,2,0.8844906615459357,0.039473684210526314,1,0.0,1.0
658,36,174060.46,1,1,0,0,1,1.8336317041521124,0.2361111111111111,1,0.0,0.0
713,40,114446.84,2,1,0,0,2,1.310822527482219,0.0875,1,1.0,0.0
711,37,0.0,2,0,1,1,0,0.0,0.06756756756756757,1,0.0,1.0
669,25,157848.53,1,0,1,0,0,4.204256873031858,0.06,1,0.0,0.0
439,43,0.0,1,1,0,1,1,0.0,0.19767441860465115,0,0.0,0.0
763,37,0.0,2,1,0,1,2,0.0,0.17567567567567569,0,0.0,1.0
697,74,108071.36,2,1,0,0,2,6.570969775865077,0.0472972972972973,0,1.0,0.0
702,35,14262.8,2,0,0,0,0,0.2607928007524571,0.24285714285714285,0,0.0,1.0
686,41,102749.72,1,1,0,0,1,0.5271518036131263,0.18292682926829268,1,0.0,1.0
629,36,161757.87,2,1,0,0,2,1.1051094083651654,0.041666666666666664,1,0.0,1.0
823,38,0.0,2,0,0,1,0,0.0,0.039473684210526314,1,0.0,0.0
683,35,95698.79,1,1,0,0,1,0.5241823090780102,0.15714285714285714,0,1.0,0.0
555,37,124969.13,1,0,0,0,0,2.076069876177526,0.25675675675675674,1,0.0,0.0
647,44,93960.35,1,0,1,0,0,2.5685890827716276,0.10227272727272728,1,1.0,0.0
714,51,88308.87,3,0,1,0,0,15.060700635965024,0.08823529411764706,0,0.0,0.0
850,39,0.0,2,1,0,1,2,0.0,0.2692307692307692,0,0.0,1.0
713,59,0.0,2,1,0,1,2,0.0,0.059322033898305086,0,0.0,0.0
452,30,112935.87,1,1,0,0,1,1.140555072928914,0.25,1,0.0,0.0
683,24,98567.1,1,0,0,0,0,0.5243265248671977,0.3541666666666667,0,0.0,1.0
577,26,180530.51,1,0,0,0,0,1.4623109907835707,0.057692307692307696,0,0.0,0.0
552,33,140931.57,1,1,0,0,1,12.902867475394828,0.16666666666666666,1,0.0,0.0
769,31,148913.72,2,0,0,0,0,2.766975428214566,0.24193548387096775,0,1.0,0.0
691,38,0.0,2,0,0,1,0,0.0,0.19736842105263158,1,0.0,0.0
818,49,0.0,1,1,1,1,1,0.0,0.05102040816326531,0,0.0,0.0
739,41,0.0,2,0,0,1,0,0.0,0.13414634146341464,1,0.0,0.0
639,50,115335.32,2,1,0,0,2,2.1707558673861658,0.13,0,0.0,0.0
651,65,0.0,2,1,0,1,2,0.0,0.007692307692307693,0,0.0,0.0
779,26,0.0,2,1,0,1,2,0.0,0.019230769230769232,0,0.0,0.0
850,33,134678.13,1,0,0,0,0,1.1899574081576125,0.22727272727272727,0,1.0,0.0
829,38,0.0,2,0,0,1,0,0.0,0.25,1,0.0,0.0
579,31,90547.48,2,1,0,0,2,4.816065842850935,0.08064516129032258,1,1.0,0.0
510,32,103324.78,1,1,0,0,1,2.2399239518997933,0.296875,1,0.0,0.0
531,29,114590.58,1,0,0,0,0,1.5160195315352694,0.1206896551724138,1,0.0,0.0
628,36,91286.51,1,0,0,0,0,1.4469953686135355,0.09722222222222222,0,1.0,0.0
633,32,163340.12,2,1,0,0,2,2.194953786944241,0.171875,1,0.0,1.0
714,45,150900.29,2,1,0,0,2,1.0787056129398676,0.18888888888888888,1,0.0,1.0
604,23,124577.33,1,1,0,0,1,17.139934647267225,0.41304347826086957,1,0.0,1.0
630,35,0.0,2,0,0,1,0,0.0,0.04285714285714286,1,0.0,1.0
850,31,91292.7,1,1,0,0,1,0.5630136329882558,0.14516129032258066,0,0.0,1.0
788,57,93716.72,1,1,1,0,1,0.5202106293986245,0.14912280701754385,0,1.0,0.0
798,37,111723.08,1,1,0,0,1,1.3383356221292224,0.12162162162162163,0,0.0,0.0
770,45,110765.68,1,0,1,0,0,4.233395019403976,0.1,1,1.0,0.0
569,25,173459.45,2,1,0,0,2,3.908323543341612,0.38,1,1.0,0.0
425,22,169649.73,2,1,1,0,2,1.244076456008096,0.3409090909090909,0,0.0,1.0
547,31,0.0,2,0,0,1,0,0.0,0.3064516129032258,0,0.0,1.0
725,45,116917.07,1,0,1,0,0,0.6740078988649209,0.18888888888888888,1,1.0,0.0
506,37,0.0,2,1,0,1,2,0.0,0.14864864864864866,1,0.0,0.0
632,36,0.0,2,1,0,1,2,0.0,0.20833333333333334,0,0.0,0.0
620,22,0.0,1,0,0,1,0,0.0,0.022727272727272728,1,0.0,0.0
663,32,130627.66,1,0,1,0,0,2.769750382986393,0.265625,1,1.0,0.0
700,46,56580.95,2,1,0,0,2,1.2455869691512165,0.11956521739130435,0,0.0,1.0
696,38,142316.14,1,1,0,0,1,17.746283117754373,0.17105263157894737,1,1.0,0.0
767,31,0.0,2,1,0,1,2,0.0,0.20967741935483872,1,0.0,1.0
561,56,152759.0,2,0,1,0,0,1.147113974959921,0.13392857142857142,1,0.0,0.0
350,39,109733.2,2,0,1,0,0,0.8877867231657844,0.01282051282051282,1,1.0,0.0
706,54,117444.51,1,1,0,0,1,0.6306089164053772,0.17592592592592593,1,0.0,0.0
464,34,76001.57,1,1,0,0,1,0.4789918211945343,0.16176470588235295,0,0.0,1.0
501,34,107747.57,1,0,0,0,0,11.647932621000697,0.10294117647058823,0,0.0,0.0
745,35,0.0,2,1,0,1,2,0.0,0.24285714285714285,0,0.0,1.0
587,36,134997.49,2,0,0,0,0,3.0208160472312247,0.041666666666666664,0,0.0,0.0
667,48,0.0,2,1,0,1,2,0.0,0.052083333333333336,0,0.0,0.0
737,36,0.0,1,1,1,1,1,0.0,0.2638888888888889,1,0.0,0.0
485,30,0.0,1,0,0,1,0,0.0,0.25,0,0.0,1.0
590,37,64345.21,1,1,1,0,1,1.0418534033092115,0.013513513513513514,0,0.0,1.0
518,35,141665.63,1,1,0,0,1,0.7348654646877096,0.24285714285714285,0,1.0,0.0
581,29,0.0,2,0,0,1,0,0.0,0.29310344827586204,0,0.0,1.0
785,33,136624.6,2,1,0,0,2,0.807861979104149,0.16666666666666666,0,1.0,0.0
799,52,161209.66,1,1,0,0,1,1.8096688223859232,0.08653846153846154,0,0.0,0.0
698,38,95010.92,1,1,0,0,1,0.9028979312329336,0.27631578947368424,1,0.0,1.0
730,41,167545.32,1,0,0,0,0,1.3064185657439298,0.10975609756097561,0,0.0,0.0
740,36,109044.6,1,0,1,0,0,1.1532308879397486,0.125,0,1.0,0.0
785,47,122031.55,1,1,1,0,1,3.6077857765820633,0.20212765957446807,0,0.0,0.0
527,29,27755.97,1,0,1,0,0,0.2847658712310238,0.08620689655172414,0,0.0,1.0
544,29,118560.55,1,1,0,0,1,0.7223207908254963,0.05172413793103448,0,0.0,0.0
705,61,0.0,2,1,0,1,2,0.0,0.07377049180327869,1,0.0,0.0
684,34,0.0,2,1,0,1,2,0.0,0.27941176470588236,1,0.0,0.0
639,28,97840.72,1,1,0,0,1,0.548976828399489,0.30357142857142855,0,0.0,1.0
565,38,158651.29,2,1,0,0,2,0.8841157922025467,0.06578947368421052,0,1.0,0.0
481,44,175303.06,1,0,1,0,0,2.67632007985157,0.2159090909090909,1,0.0,0.0
731,25,96950.21,1,0,0,0,0,0.9905116443867588,0.34,1,0.0,1.0
607,45,123859.6,1,1,0,0,1,1.0955929617522184,0.16666666666666666,1,0.0,0.0
760,32,0.0,2,1,0,1,2,0.0,0.234375,0,0.0,0.0
559,70,0.0,1,1,0,1,1,0.0,0.1357142857142857,0,0.0,0.0
715,33,85227.84,1,1,0,0,1,1.2517279438492601,0.10606060606060606,0,0.0,0.0
656,36,97786.08,2,1,0,0,2,4.552560225258108,0.2361111111111111,1,0.0,0.0
652,33,128135.99,1,0,0,0,0,0.8087415873631403,0.22727272727272727,1,1.0,0.0
624,33,0.0,2,0,0,1,0,0.0,0.19696969696969696,1,0.0,1.0
634,36,85996.19,1,0,0,0,0,5.412418778652475,0.06944444444444445,1,0.0,1.0
850,50,0.0,2,1,0,1,2,0.0,0.21,0,0.0,1.0
659,39,104502.11,1,0,0,0,0,5.05973073092508,0.038461538461538464,0,1.0,0.0
529,35,95772.97,1,1,0,0,1,0.849182896282668,0.15714285714285714,1,0.0,1.0
572,31,98108.79,1,1,0,0,1,0.817587217114959,0.1774193548387097,1,0.0,1.0
640,39,131607.28,4,1,1,0,4,18.848349356885784,0.24358974358974358,1,1.0,0.0
770,55,63127.41,2,0,1,0,0,0.34083814528928646,0.17272727272727273,1,0.0,1.0
648,35,0.0,2,1,0,1,2,0.0,0.21428571428571427,1,0.0,1.0
579,31,0.0,1,1,0,1,1,0.0,0.3064516129032258,1,0.0,0.0
589,36,140355.56,2,0,0,0,0,1.0295208073059854,0.2638888888888889,0,1.0,0.0
530,36,0.0,2,1,0,1,2,0.0,0.06944444444444445,0,0.0,1.0
831,30,0.0,2,1,0,1,2,0.0,0.08333333333333333,1,0.0,0.0
790,24,107418.27,1,1,0,0,1,0.6694762227096948,0.3125,1,1.0,0.0
656,35,0.0,2,0,0,1,0,0.0,0.18571428571428572,1,0.0,0.0
563,32,0.0,2,1,0,1,2,0.0,0.203125,1,0.0,1.0
667,39,167557.12,1,1,0,0,1,4.068498412733871,0.19230769230769232,1,0.0,1.0
613,34,117300.02,1,0,0,0,0,0.8413966809524753,0.25,1,0.0,1.0
429,60,0.0,2,1,0,1,2,0.0,0.125,1,0.0,0.0
665,23,143672.9,1,1,0,0,1,1.2477202231243822,0.41304347826086957,0,0.0,0.0
731,33,0.0,2,1,0,1,2,0.0,0.13636363636363635,1,0.0,0.0
584,37,0.0,2,1,0,1,2,0.0,0.04054054054054054,0,0.0,0.0
634,31,76798.92,1,0,0,0,0,0.39178578933167596,0.27419354838709675,0,1.0,0.0
488,34,0.0,2,1,0,1,2,0.0,0.10294117647058823,1,0.0,0.0
535,49,115309.75,1,0,0,0,0,1.0348849701008151,0.15306122448979592,0,0.0,1.0
776,29,178171.04,2,1,0,0,2,1.5383508357098041,0.25862068965517243,0,0.0,0.0
850,38,0.0,2,1,0,1,2,0.0,0.09210526315789473,0,0.0,1.0
673,37,0.0,2,0,0,1,0,0.0,0.013513513513513514,0,0.0,1.0
850,45,127258.79,1,1,1,0,1,0.6602435245738636,0.12222222222222222,0,1.0,0.0
627,30,0.0,1,1,0,1,1,0.0,0.21666666666666667,0,0.0,1.0
570,33,0.0,1,1,0,1,1,0.0,0.25757575757575757,0,0.0,0.0
796,67,0.0,2,1,0,1,2,0.0,0.08208955223880597,1,0.0,1.0
773,33,0.0,1,1,0,1,1,0.0,0.3181818181818182,0,0.0,1.0
752,36,0.0,2,1,0,1,2,0.0,0.06944444444444445,1,0.0,1.0
625,69,107569.96,1,1,0,0,1,0.5899498978405149,0.021739130434782608,0,0.0,1.0
535,20,134874.4,1,1,0,0,1,1.1350526346971586,0.475,1,1.0,0.0
786,29,0.0,2,0,0,1,0,0.0,0.15517241379310345,0,0.0,0.0
620,67,0.0,2,1,0,1,2,0.0,0.05223880597014925,0,0.0,0.0
605,48,0.0,2,1,0,1,2,0.0,0.13541666666666666,0,0.0,1.0
670,32,0.0,2,0,0,1,0,0.0,0.109375,0,0.0,1.0
617,42,70105.87,1,1,0,0,1,0.5801942089217791,0.011904761904761904,1,0.0,1.0
595,41,0.0,2,0,0,1,0,0.0,0.23170731707317074,1,0.0,0.0
687,29,78939.15,1,0,1,0,0,0.6463240517339913,0.15517241379310345,0,1.0,0.0
757,30,105128.85,2,1,0,0,2,1.6694239273163016,0.21666666666666667,1,1.0,0.0
746,31,113836.27,1,1,0,0,1,0.6511756267456157,0.08064516129032258,1,0.0,1.0
503,25,0.0,1,1,0,1,1,0.0,0.3,1,0.0,1.0
543,48,100900.5,1,0,1,0,0,3.028978989977101,0.03125,1,1.0,0.0
428,40,129248.11,2,0,1,0,0,1.7734998338991923,0.0875,0,1.0,0.0
768,28,109118.05,2,1,0,0,2,2.1432505355766893,0.125,0,0.0,0.0
618,56,0.0,1,1,1,1,1,0.0,0.13392857142857142,1,0.0,0.0
591,31,0.0,2,1,0,1,2,0.0,0.24193548387096775,0,0.0,0.0
658,35,126397.66,1,0,1,0,0,0.8083625890542354,0.15714285714285714,0,0.0,0.0
625,36,108546.16,3,0,1,0,0,0.8112036303749001,0.2638888888888889,1,0.0,0.0
717,36,148061.89,1,0,1,0,0,0.8265625313146023,0.06944444444444445,1,0.0,0.0
667,44,122277.87,1,1,0,0,1,1.331833052668336,0.19318181818181818,1,0.0,0.0
804,24,0.0,2,0,0,1,0,0.0,0.14583333333333334,1,0.0,0.0
693,31,0.0,2,1,0,1,2,0.0,0.04838709677419355,1,0.0,0.0
729,36,152899.24,2,0,0,0,0,0.8631970414268328,0.2361111111111111,1,1.0,0.0
484,54,134388.11,1,0,1,0,0,2.690140822515268,0.06481481481481481,1,1.0,0.0
632,40,109740.62,1,0,0,0,0,0.7733782088425087,0.0875,0,0.0,1.0
536,23,92366.72,2,0,0,0,0,0.7654951558770725,0.2826086956521739,1,1.0,0.0
573,26,129109.02,1,0,1,0,0,0.8617857623447693,0.17307692307692307,0,0.0,0.0
655,56,0.0,2,1,0,1,2,0.0,0.09821428571428571,0,0.0,1.0
666,74,105102.5,1,1,0,0,1,2.276253008491673,0.10135135135135136,1,1.0,0.0
726,30,111375.32,2,0,0,0,0,35.476218007762185,0.18333333333333332,1,1.0,0.0
523,39,0.0,2,0,0,1,0,0.0,0.08974358974358974,1,0.0,0.0
728,33,150412.14,2,0,0,0,0,0.880813220126738,0.2878787878787879,0,1.0,0.0
701,30,156660.72,2,0,0,0,0,3.424770600886423,0.11666666666666667,1,0.0,0.0
518,38,90957.81,1,1,0,0,1,0.5604108275013818,0.09210526315789473,1,0.0,0.0
739,37,104960.46,1,1,0,0,1,1.2976533792125642,0.20270270270270271,1,0.0,0.0
531,31,117052.82,1,0,1,0,0,0.9877117443058588,0.24193548387096775,0,1.0,0.0
452,44,88915.85,1,0,0,0,0,1.2757167489684893,0.07954545454545454,1,0.0,1.0
684,45,148071.39,1,0,0,0,0,0.8065944455378457,0.14444444444444443,1,0.0,0.0
728,39,152182.83,1,0,0,0,0,0.944035281871609,0.16666666666666666,1,1.0,0.0
783,39,0.0,2,0,0,1,0,0.0,0.24358974358974358,1,0.0,1.0
734,22,130056.23,1,0,1,0,0,1.0669502378721545,0.25,1,0.0,0.0
648,34,95039.73,2,1,0,0,2,0.646278749166904,0.10294117647058823,1,1.0,0.0
688,52,0.0,2,1,0,1,2,0.0,0.028846153846153848,1,0.0,0.0
680,35,0.0,2,0,0,1,0,0.0,0.2714285714285714,1,0.0,1.0
516,43,112773.73,2,1,0,0,2,0.8091819489152355,0.05813953488372093,0,0.0,0.0
680,37,123806.28,1,0,1,0,0,1.5139343372238738,0.28378378378378377,0,0.0,0.0
604,53,144453.75,1,0,1,0,0,0.7563025144089036,0.16037735849056603,1,0.0,0.0
624,27,94667.29,2,1,0,0,2,21.171165509714815,0.35185185185185186,1,1.0,0.0
623,21,0.0,2,1,0,1,2,0.0,0.5,1,0.0,0.0
624,51,174397.21,2,1,0,0,2,1.011739498669257,0.10784313725490197,1,0.0,1.0
565,58,108888.24,3,1,1,0,3,0.801376485162888,0.0603448275862069,0,1.0,0.0
565,55,118803.35,2,1,1,0,2,0.9272405926367623,0.08181818181818182,1,0.0,0.0
710,54,171137.62,1,1,1,0,1,1.0246230877482674,0.12037037037037036,1,0.0,0.0
645,42,0.0,1,0,0,1,0,0.0,0.15476190476190477,1,0.0,0.0
707,33,136678.52,1,0,0,0,0,2.5174883342954213,0.25757575757575757,1,0.0,0.0
655,36,135515.76,1,0,0,0,0,1.575490589078923,0.041666666666666664,0,0.0,1.0
705,24,177799.83,2,0,0,0,0,2.2256399221601093,0.22916666666666666,0,0.0,1.0
358,52,143542.36,3,0,1,0,0,1.0111457366439065,0.16346153846153846,0,0.0,1.0
578,34,147487.23,2,0,0,0,0,2.21180736504145,0.25,1,1.0,0.0
800,40,97764.41,1,0,1,0,0,0.9911118230069298,0.1375,0,0.0,0.0
612,33,0.0,1,0,1,1,0,0.0,0.2878787878787879,0,0.0,0.0
681,48,139480.18,1,1,0,0,1,0.8526586587686824,0.17708333333333334,0,1.0,0.0
559,25,0.0,2,1,0,1,2,0.0,0.22,1,0.0,1.0
488,39,140553.46,1,0,0,0,0,11.297201931609202,0.24358974358974358,0,0.0,1.0
717,36,0.0,2,1,0,1,2,0.0,0.1527777777777778,0,0.0,0.0
666,41,141162.08,1,0,0,0,0,2.7728053792731724,0.25609756097560976,0,0.0,0.0
582,26,65848.36,2,0,0,0,0,2.1840099952869316,0.17307692307692307,1,0.0,1.0
733,30,83319.28,1,0,0,0,0,1.4422536186476764,0.016666666666666666,0,0.0,1.0
693,41,0.0,2,0,0,1,0,0.0,0.10975609756097561,1,0.0,0.0
694,33,129731.64,2,0,0,0,0,0.7283185513801949,0.13636363636363635,0,0.0,0.0
622,35,0.0,2,0,0,1,0,0.0,0.15714285714285714,0,0.0,0.0
598,38,0.0,2,0,0,1,0,0.0,0.17105263157894737,0,0.0,1.0
717,35,0.0,3,0,1,1,0,0.0,0.04285714285714286,1,0.0,1.0
494,37,107106.33,2,0,0,0,0,0.6224792750189769,0.14864864864864866,1,1.0,0.0
644,33,0.0,2,1,0,1,2,0.0,0.25757575757575757,1,0.0,0.0
554,30,0.0,2,1,0,1,2,0.0,0.31666666666666665,0,0.0,0.0
476,69,105303.73,1,1,0,0,1,0.7843190750218939,0.021739130434782608,0,0.0,1.0
667,28,165798.1,1,0,0,0,0,1.1271735561237568,0.23214285714285715,1,0.0,0.0
748,40,0.0,2,0,0,1,0,0.0,0.1125,0,0.0,1.0
531,45,126495.57,2,1,0,0,2,0.7678381109913957,0.03333333333333333,0,0.0,1.0
719,47,116393.59,1,0,1,0,0,1.8459842556150194,0.20212765957446807,0,0.0,1.0
845,41,81733.74,2,0,0,0,0,0.4091550011766485,0.06097560975609756,0,1.0,0.0
738,54,0.0,1,1,1,1,1,0.0,0.08333333333333333,1,0.0,0.0
563,46,106171.68,1,0,1,0,0,0.6507751009062407,0.18478260869565216,0,0.0,1.0
695,28,96020.86,1,1,0,0,1,1.6557179090273755,0.017857142857142856,1,0.0,1.0
841,41,0.0,2,1,0,1,2,0.0,0.036585365853658534,1,0.0,1.0
626,36,181671.16,2,1,0,0,2,3.1577333991052656,0.06944444444444445,1,1.0,0.0
613,29,185709.28,2,1,0,0,2,2.404215569035924,0.22413793103448276,0,0.0,0.0
824,60,134250.17,3,0,1,0,0,0.8771817131399238,0.14166666666666666,1,1.0,0.0
705,49,0.0,1,0,1,1,0,0.0,0.15306122448979592,0,0.0,0.0
584,44,95671.75,2,1,0,0,2,0.8977709375646313,0.125,0,0.0,0.0
534,62,0.0,2,0,1,1,0,0.0,0.04032258064516129,1,0.0,0.0
672,34,142151.75,2,1,0,0,2,0.8423590765132322,0.04411764705882353,0,0.0,0.0
603,43,127823.93,1,1,0,0,1,6.560338425454275,0.12790697674418605,1,0.0,0.0
633,43,144164.29,1,1,0,0,1,0.9087084659281656,0.08139534883720931,1,1.0,0.0
842,58,63492.94,1,1,0,0,1,0.7633822870085901,0.02586206896551724,1,0.0,0.0
661,27,0.0,2,1,0,1,2,0.0,0.12962962962962962,0,0.0,0.0
601,74,0.0,2,1,0,1,2,0.0,0.033783783783783786,1,0.0,0.0
632,41,106134.46,1,1,0,0,1,1.0053335472801865,0.012195121951219513,1,0.0,0.0
684,29,127269.75,1,1,0,0,1,1.6009577084434805,0.29310344827586204,1,1.0,0.0
785,32,124493.03,2,1,1,0,2,2.3674722291369803,0.109375,0,1.0,0.0
687,39,0.0,2,0,0,1,0,0.0,0.19230769230769232,1,0.0,0.0
705,43,146547.78,1,1,1,0,1,14.547779084831069,0.2441860465116279,0,1.0,0.0
639,43,99610.92,2,0,0,0,0,0.5318318241679105,0.1511627906976744,1,0.0,0.0
729,46,117837.43,1,0,1,0,0,1.1328603877747239,0.11956521739130435,1,1.0,0.0
556,48,168522.37,1,1,0,0,1,1.113747128764329,0.17708333333333334,0,0.0,1.0
570,32,117337.54,2,1,0,0,2,1.868077885229091,0.296875,1,0.0,0.0
841,74,108131.53,1,1,0,0,1,1.7775616795147504,0.12837837837837837,1,0.0,0.0
705,35,136496.12,2,0,0,0,0,1.1699030332805305,0.12857142857142856,1,1.0,0.0
553,32,116324.53,1,0,0,0,0,1.5047382792606319,0.109375,1,0.0,0.0
779,40,75470.23,1,1,0,0,1,1.4267929999446072,0.0625,0,1.0,0.0
696,28,172646.82,1,1,0,0,1,1.4822977420493417,0.16071428571428573,1,0.0,0.0
728,37,0.0,1,0,0,1,0,0.0,0.12162162162162163,0,0.0,1.0
691,27,160358.68,2,0,0,0,0,1.1263617457542638,0.12962962962962962,1,1.0,0.0
706,30,98415.37,1,1,0,0,1,0.8904637360990822,0.11666666666666667,1,0.0,0.0
627,30,57809.32,1,0,0,0,0,0.30707254120363336,0.21666666666666667,0,1.0,0.0
716,18,128743.8,1,0,0,0,0,0.6524516411228628,0.19444444444444445,0,1.0,0.0
501,24,130806.42,2,0,0,0,0,1.6301462049740947,0.1875,1,1.0,0.0
601,41,123971.16,1,1,0,0,1,0.7173593137996085,0.036585365853658534,1,0.0,0.0
545,39,0.0,1,0,1,1,0,0.0,0.16666666666666666,0,0.0,1.0
634,45,0.0,2,0,0,1,0,0.0,0.2111111111111111,1,0.0,0.0
451,23,0.0,2,1,0,1,2,0.0,0.41304347826086957,0,0.0,1.0
655,59,0.0,1,0,1,1,0,0.0,0.1271186440677966,0,0.0,0.0
458,39,0.0,2,0,0,1,0,0.0,0.24358974358974358,0,0.0,0.0
520,33,156297.58,2,1,0,0,2,0.9409643775954056,0.13636363636363635,1,0.0,0.0
624,28,0.0,2,1,0,1,2,0.0,0.08928571428571429,0,0.0,1.0
765,51,123372.3,1,1,0,0,1,1.068803239911316,0.06862745098039216,1,0.0,0.0
667,37,92171.35,3,0,1,0,0,0.5175045003760093,0.14864864864864866,0,1.0,0.0
665,41,0.0,2,0,0,1,0,0.0,0.2073170731707317,1,0.0,1.0
709,34,148375.19,2,1,0,0,2,6.89399545960995,0.1323529411764706,1,1.0,0.0
583,44,0.0,2,1,0,1,2,0.0,0.19318181818181818,0,0.0,0.0
782,34,147422.44,1,1,0,0,1,3.4980140995491475,0.19117647058823528,1,0.0,1.0
668,24,173962.32,1,0,1,0,0,1.6340917568421984,0.3125,0,0.0,1.0
621,47,0.0,1,1,1,1,1,0.0,0.010638297872340425,1,0.0,0.0
579,64,145215.43,1,1,0,0,1,0.8850027595500666,0.1015625,0,1.0,0.0
547,38,167539.97,1,1,0,0,1,1.0523316178034392,0.14473684210526316,0,0.0,0.0
840,39,94968.97,1,0,0,0,0,1.1240445162910697,0.038461538461538464,0,0.0,0.0
667,27,106116.5,2,0,0,0,0,28.869660555375695,0.12962962962962962,0,1.0,0.0
723,34,0.0,2,1,0,1,2,0.0,0.16176470588235295,1,0.0,0.0
487,45,0.0,2,0,0,1,0,0.0,0.05555555555555555,1,0.0,0.0
668,31,0.0,2,0,0,1,0,0.0,0.3064516129032258,0,0.0,0.0
520,34,120018.86,2,1,0,0,2,35.476218007762185,0.25,1,1.0,0.0
549,37,112541.54,2,0,0,0,0,2.3726207444833736,0.06756756756756757,1,0.0,0.0
567,35,166118.45,2,0,0,0,0,1.2995448265006981,0.15714285714285714,0,0.0,0.0
720,45,102882.4,2,1,1,0,2,2.887185466750294,0.03333333333333333,0,0.0,0.0
492,49,0.0,1,1,1,1,1,0.0,0.17346938775510204,0,0.0,0.0
712,37,106881.5,2,0,0,0,0,0.6309869641741044,0.04054054054054054,0,0.0,0.0
689,26,120727.97,1,1,0,0,1,0.8098478429095499,0.17307692307692307,1,1.0,0.0
850,63,169832.57,1,0,1,0,0,0.9224603502308913,0.1349206349206349,1,0.0,0.0
747,41,0.0,2,1,0,1,2,0.0,0.13414634146341464,1,0.0,0.0
469,38,113599.42,1,0,0,0,0,9.505201530546074,0.25,1,1.0,0.0
539,38,0.0,1,1,1,1,1,0.0,0.17105263157894737,1,0.0,1.0
743,32,0.0,2,0,0,1,0,0.0,0.296875,1,0.0,0.0
707,47,0.0,2,0,0,1,0,0.0,0.07446808510638298,1,0.0,0.0
581,50,0.0,2,1,0,1,2,0.0,0.09,0,0.0,1.0
737,38,146282.79,2,0,0,0,0,0.7368771572438055,0.17105263157894737,1,0.0,1.0
445,38,119413.62,2,0,0,0,0,0.6794231547401486,0.17105263157894737,0,1.0,0.0
703,29,122084.63,1,1,0,0,1,1.4740055789864617,0.1206896551724138,0,1.0,0.0
588,35,103060.63,1,0,1,0,0,0.5729823940476911,0.04285714285714286,0,1.0,0.0
765,44,0.0,2,1,0,1,2,0.0,0.14772727272727273,1,0.0,0.0
626,33,0.0,2,0,0,1,0,0.0,0.25757575757575757,1,0.0,0.0
545,37,110483.86,1,1,0,0,1,0.8672497267764281,0.25675675675675674,1,1.0,0.0
744,31,120718.28,1,1,0,0,1,2.047374186537916,0.3064516129032258,1,0.0,0.0
658,31,36566.96,1,0,1,0,0,0.3528063510036762,0.08064516129032258,0,0.0,1.0
629,28,108601.0,1,1,0,0,1,0.907665524155298,0.30357142857142855,1,1.0,0.0
719,42,0.0,1,0,1,1,0,0.0,0.10714285714285714,0,0.0,0.0
686,36,0.0,2,1,0,1,2,0.0,0.1527777777777778,0,0.0,1.0
743,36,0.0,2,1,0,1,2,0.0,0.125,1,0.0,0.0
626,48,0.0,2,1,0,1,2,0.0,0.052083333333333336,0,0.0,1.0
661,44,141136.62,1,0,1,0,0,0.7438273865947015,0.03409090909090909,1,1.0,0.0
710,45,108231.37,1,1,0,0,1,0.5739431212225921,0.2111111111111111,1,1.0,0.0
654,40,0.0,1,0,1,1,0,0.0,0.1625,1,0.0,0.0
569,34,144855.34,1,0,0,0,0,0.7369660766949645,0.19117647058823528,0,0.0,1.0
640,63,68432.45,2,1,1,0,2,0.6082655195928615,0.03968253968253968,1,0.0,0.0
562,45,136855.24,1,0,0,0,0,2.9202014296383227,0.14444444444444443,1,0.0,0.0
721,55,44020.89,1,0,1,0,0,0.6683462030140256,0.06363636363636363,0,0.0,0.0
456,32,133060.63,1,1,0,0,1,1.0630484788076786,0.296875,1,1.0,0.0
811,39,0.0,2,1,0,1,2,0.0,0.19230769230769232,1,0.0,1.0
534,24,0.0,1,1,0,1,1,0.0,0.0625,1,0.0,0.0
423,36,97665.61,1,0,1,0,0,0.8250627779601102,0.1527777777777778,0,0.0,0.0
594,28,185013.02,1,0,0,0,0,11.225074201619694,0.19642857142857142,1,1.0,0.0
725,32,0.0,2,1,0,1,2,0.0,0.015625,0,0.0,1.0
716,52,65971.61,2,0,1,0,0,4.515819700184817,0.14423076923076922,0,0.0,0.0
595,41,150463.11,2,1,0,0,2,1.8450552291139428,0.23170731707317074,0,1.0,0.0
679,33,0.0,2,0,0,1,0,0.0,0.045454545454545456,0,0.0,0.0
667,39,0.0,2,0,0,1,0,0.0,0.24358974358974358,1,0.0,1.0
661,37,136425.18,1,0,0,0,0,1.6821056865269337,0.14864864864864866,0,0.0,0.0
655,38,250898.09,3,1,1,0,3,3.0954054654247116,0.09210526315789473,1,0.0,1.0
555,55,146798.81,1,1,0,0,1,1.9797341281823504,0.08181818181818182,1,0.0,0.0
531,70,0.0,2,0,0,1,0,0.0,0.02142857142857143,1,0.0,1.0
611,40,128486.91,2,0,0,0,0,12.708302383568718,0.1875,0,1.0,0.0
600,38,0.0,2,1,0,1,2,0.0,0.25,0,0.0,0.0
531,37,143407.29,2,1,0,0,2,1.6990688533384768,0.04054054054054054,1,0.0,1.0
601,43,0.0,1,0,1,1,0,0.0,0.05813953488372093,0,0.0,0.0
548,57,76165.65,1,1,0,0,1,0.5703645981425735,0.11403508771929824,1,0.0,0.0
759,40,0.0,2,0,0,1,0,0.0,0.1125,1,0.0,0.0
678,49,0.0,2,1,0,1,2,0.0,0.17346938775510204,0,0.0,1.0
755,33,90560.3,2,1,0,0,2,2.125395077858531,0.19696969696969696,0,1.0,0.0
594,61,62391.22,1,1,0,0,1,0.3242195252207355,0.05737704918032787,1,0.0,0.0
768,42,0.0,3,0,0,1,0,0.0,0.13095238095238096,1,0.0,0.0
492,31,0.0,2,1,0,1,2,0.0,0.24193548387096775,0,0.0,0.0
637,55,123378.2,1,0,1,0,0,1.5150886636975995,0.02727272727272727,0,1.0,0.0
646,42,99836.47,1,1,0,0,1,4.3576617070905295,0.08333333333333333,0,0.0,1.0
593,74,161434.36,2,1,0,0,2,2.4633992221038596,0.07432432432432433,1,1.0,0.0
596,41,0.0,2,1,0,1,2,0.0,0.13414634146341464,1,0.0,1.0
722,48,138311.76,1,1,1,0,1,35.476218007762185,0.21875,0,1.0,0.0
642,25,0.0,2,0,0,1,0,0.0,0.3,1,0.0,0.0
472,28,0.0,2,0,0,1,0,0.0,0.16071428571428573,0,0.0,1.0
738,35,101744.84,1,0,0,0,0,1.194378354113636,0.18571428571428572,1,1.0,0.0
732,33,0.0,1,0,0,1,0,0.0,0.25757575757575757,1,0.0,1.0
404,54,125456.07,1,0,1,0,0,1.4985794942129798,0.08333333333333333,0,1.0,0.0
701,44,0.0,2,0,0,1,0,0.0,0.17045454545454544,1,0.0,0.0
683,31,0.0,2,1,0,1,2,0.0,0.08064516129032258,1,0.0,0.0
460,27,0.0,2,0,1,1,0,0.0,0.2777777777777778,0,0.0,0.0
690,29,0.0,2,0,0,1,0,0.0,0.1896551724137931,1,0.0,0.0
618,54,118449.21,1,1,1,0,1,0.8867665326912836,0.08333333333333333,0,1.0,0.0
671,30,0.0,1,1,0,1,1,0.0,0.08333333333333333,1,0.0,0.0
765,32,178095.55,1,0,0,0,0,3.7693328643243307,0.296875,0,0.0,1.0
651,25,109175.14,2,0,0,0,0,0.9529331493485891,0.1,0,1.0,0.0
704,32,127785.17,4,0,1,0,0,0.6927313316242532,0.234375,1,0.0,0.0
544,45,0.0,2,1,0,1,2,0.0,0.14444444444444443,0,0.0,0.0
790,40,0.0,2,1,0,1,2,0.0,0.2375,0,0.0,0.0
710,34,134260.36,2,0,0,0,0,0.912865873736968,0.27941176470588236,1,1.0,0.0
743,37,69143.91,2,1,0,0,2,0.6536503941438355,0.22972972972972974,1,0.0,0.0
702,34,100054.77,1,0,0,0,0,0.913763471204124,0.1323529411764706,1,0.0,0.0
704,45,0.0,1,1,0,1,1,0.0,0.14444444444444443,0,0.0,0.0
614,38,116248.88,1,0,0,0,0,1.1056377893802967,0.06578947368421052,1,0.0,0.0
609,43,86053.52,2,1,1,0,2,0.7596702821549848,0.1511627906976744,0,0.0,1.0
688,32,123157.95,1,0,0,0,0,0.7138257588161933,0.203125,0,0.0,0.0
713,44,63438.91,1,0,0,0,0,0.9854373652456491,0.03409090909090909,1,0.0,0.0
736,57,95295.39,1,0,1,0,0,3.351289447253146,0.16666666666666666,1,1.0,0.0
727,18,133550.67,1,1,0,0,1,2.844989637302388,0.25,1,0.0,0.0
850,38,106871.81,2,0,0,0,0,3.64327311540427,0.039473684210526314,0,0.0,0.0
718,45,105266.32,2,1,0,0,2,0.5433787217801105,0.07777777777777778,1,0.0,1.0
643,51,105229.53,1,0,1,0,0,3.0092448257372655,0.049019607843137254,0,0.0,0.0
653,41,102768.42,1,0,0,0,0,1.8461995316613626,0.2073170731707317,1,0.0,0.0
674,18,0.0,2,1,1,1,2,0.0,0.4166666666666667,1,0.0,0.0
690,35,112689.95,1,0,0,0,0,0.636798384930752,0.18571428571428572,1,0.0,0.0
819,38,122334.26,2,1,0,0,2,0.6739866201263147,0.25,1,0.0,0.0
634,34,0.0,2,0,0,1,0,0.0,0.04411764705882353,1,0.0,1.0
633,33,137847.41,2,0,0,0,0,1.401598655741482,0.13636363636363635,1,0.0,1.0
850,49,122486.47,1,1,0,0,1,2.0500105524443093,0.11224489795918367,1,0.0,0.0
665,33,101286.11,1,1,0,0,1,0.6336658731514736,0.07575757575757576,1,0.0,0.0
630,26,0.0,2,1,0,1,2,0.0,0.28846153846153844,1,0.0,1.0
836,57,101247.06,1,0,1,0,0,2.7258997884371103,0.07894736842105263,1,0.0,1.0
668,38,86977.96,1,1,0,0,1,2.3446880033427013,0.27631578947368424,1,0.0,0.0
753,57,0.0,1,0,1,1,0,0.0,0.13157894736842105,1,0.0,0.0
745,55,110123.59,1,1,1,0,1,2.136283747895697,0.17272727272727273,0,0.0,0.0
693,36,178111.82,1,0,1,0,0,3.0332068984954694,0.2361111111111111,1,0.0,0.0
606,65,126306.64,3,0,1,0,0,16.06406975738552,0.16153846153846155,1,1.0,0.0
660,35,100768.77,1,0,0,0,0,5.248206697599712,0.18571428571428572,0,0.0,0.0
608,42,0.0,2,0,0,1,0,0.0,0.13095238095238096,1,0.0,0.0
744,44,0.0,2,1,0,1,2,0.0,0.07954545454545454,0,0.0,0.0
731,40,118991.79,1,1,0,0,1,0.7625252451719849,0.1875,0,0.0,0.0
683,72,140997.26,1,1,0,0,1,2.666493309713921,0.04861111111111111,1,0.0,0.0
727,28,0.0,2,1,0,1,2,0.0,0.19642857142857142,1,0.0,0.0
561,32,166824.59,1,0,0,0,0,1.1962784158502744,0.203125,1,1.0,0.0
700,34,76322.69,1,0,0,0,0,0.5956321536064951,0.07352941176470588,0,0.0,0.0
605,35,0.0,2,1,0,1,2,0.0,0.18571428571428572,1,0.0,0.0
767,77,149083.7,1,1,0,0,1,0.7840410274469082,0.11038961038961038,1,0.0,1.0
511,33,0.0,2,1,0,1,2,0.0,0.22727272727272727,1,0.0,0.0
667,40,0.0,1,1,0,1,1,0.0,0.2375,1,0.0,0.0
787,33,126588.81,2,1,0,0,2,2.0363511153386025,0.045454545454545456,1,0.0,0.0
705,56,143249.67,1,0,1,0,0,1.6199324410283864,0.044642857142857144,0,1.0,0.0
773,43,81844.91,2,1,0,0,2,2.2792019150385445,0.19767441860465115,1,1.0,0.0
554,40,0.0,1,1,0,1,1,0.0,0.1125,1,0.0,0.0
526,58,190298.89,2,1,0,0,2,0.9949500890807068,0.16379310344827586,1,1.0,0.0
661,35,117212.18,1,1,0,0,1,1.4112932424018725,0.07142857142857142,1,1.0,0.0
698,46,0.0,2,1,0,1,2,0.0,0.010869565217391304,0,0.0,0.0
646,26,139848.17,1,0,0,0,0,0.8491225750129314,0.17307692307692307,1,0.0,0.0
757,34,101861.36,2,0,0,0,0,0.5446754064531143,0.27941176470588236,0,1.0,0.0
699,35,167455.66,2,1,0,0,2,3.0267361391647865,0.07142857142857142,1,0.0,1.0
667,24,0.0,2,1,0,1,2,0.0,0.1875,0,0.0,0.0
774,43,116360.07,1,0,0,0,0,6.8426411073357825,0.03488372093023256,0,0.0,1.0
745,40,88466.82,1,0,0,0,0,0.7604657411923521,0.0875,1,0.0,1.0
649,42,0.0,2,1,0,1,2,0.0,0.17857142857142858,0,0.0,0.0
634,46,123642.36,1,1,1,0,1,2.4864650719058137,0.11956521739130435,0,1.0,0.0
665,38,0.0,1,1,0,1,1,0.0,0.25,1,0.0,1.0
713,38,72286.84,2,1,0,0,2,2.7655958457243486,0.25,1,0.0,0.0
652,40,0.0,2,0,0,1,0,0.0,0.0375,0,0.0,0.0
739,40,109681.61,1,1,0,0,1,0.5673510505513333,0.0375,1,0.0,1.0
556,37,145018.64,2,0,1,0,0,1.5948554157957493,0.25675675675675674,1,1.0,0.0
699,34,0.0,1,1,0,1,1,0.0,0.25,1,0.0,1.0
708,32,187487.63,1,1,0,0,1,1.560881560818039,0.265625,0,0.0,1.0
480,35,165692.91,1,1,0,0,1,0.8368938283283056,0.07142857142857142,1,0.0,0.0
700,59,137648.41,1,0,1,0,0,0.9627240684846381,0.09322033898305085,0,1.0,0.0
525,47,118560.0,1,0,1,0,0,1.4366797574657726,0.13829787234042554,0,0.0,1.0
845,33,164385.53,1,0,0,0,0,1.0910594475978883,0.25757575757575757,1,0.0,0.0
613,37,108286.5,1,1,0,0,1,0.9485964803471507,0.25675675675675674,1,0.0,0.0
850,34,0.0,2,1,0,1,2,0.0,0.07352941176470588,0,0.0,0.0
798,58,0.0,2,0,1,1,0,0.0,0.16379310344827586,0,0.0,1.0
773,47,118079.47,4,1,1,0,4,0.8256815382079764,0.05319148936170213,1,1.0,0.0
614,35,127283.78,1,1,0,0,1,4.066139247077389,0.07142857142857142,1,0.0,1.0
473,48,0.0,2,0,0,1,0,0.0,0.17708333333333334,1,0.0,1.0
762,29,141389.06,1,0,0,0,0,2.6123225806570813,0.22413793103448276,1,0.0,0.0
701,37,130091.5,1,1,0,0,1,1.083804199686601,0.22972972972972974,1,0.0,0.0
600,35,143744.77,2,0,0,0,0,1.3811319083248628,0.12857142857142856,1,0.0,0.0
850,28,97408.03,1,1,0,0,1,0.5539121970281818,0.3392857142857143,1,0.0,1.0
613,30,111927.45,1,1,0,0,1,0.6366862504434806,0.31666666666666665,1,0.0,1.0
509,31,0.0,2,0,0,1,0,0.0,0.11290322580645161,1,0.0,0.0
509,38,0.0,1,0,0,1,0,0.0,0.06578947368421052,1,0.0,1.0
609,34,0.0,1,1,0,1,1,0.0,0.04411764705882353,1,0.0,0.0
456,33,188285.68,1,0,0,0,0,3.226006571753522,0.045454545454545456,0,0.0,0.0
728,46,109705.52,1,0,1,0,0,5.410110627990021,0.05434782608695652,0,0.0,0.0
663,33,0.0,2,0,0,1,0,0.0,0.2878787878787879,1,0.0,1.0
673,34,127122.79,3,1,0,0,3,1.6573141461799301,0.04411764705882353,0,1.0,0.0
717,40,98241.04,1,0,0,0,0,0.885947225735773,0.0125,1,0.0,0.0
741,37,170840.08,2,0,0,0,0,1.5552950652997846,0.22972972972972974,0,1.0,0.0
498,41,87541.06,2,1,1,0,2,6.959739104371767,0.10975609756097561,0,1.0,0.0
850,26,62610.96,2,1,0,0,2,0.3490679676928918,0.17307692307692307,0,0.0,0.0
493,36,0.0,2,1,0,1,2,0.0,0.2638888888888889,1,0.0,0.0
686,47,113328.93,1,0,0,0,0,0.9126777475419157,0.11702127659574468,0,0.0,0.0
666,35,104832.49,1,0,0,0,0,0.5989876246828006,0.07142857142857142,1,0.0,1.0
733,31,102289.85,1,1,0,0,1,0.886066294730215,0.3064516129032258,0,0.0,1.0
631,34,125227.82,2,1,0,0,2,0.9764502425495347,0.19117647058823528,0,1.0,0.0
714,49,140510.89,1,0,0,0,0,0.9900994208261595,0.11224489795918367,0,1.0,0.0
767,35,132253.22,1,0,1,0,0,1.144380036717913,0.18571428571428572,0,1.0,0.0
711,43,39043.29,2,1,0,0,2,0.22256439501189942,0.05813953488372093,1,1.0,0.0
722,34,0.0,2,1,0,1,2,0.0,0.25,1,0.0,0.0
631,55,99685.06,1,0,0,0,0,0.8707945544558781,0.17272727272727273,1,0.0,1.0
701,38,125385.49,2,1,0,0,2,2.4091440093179717,0.09210526315789473,1,1.0,0.0
790,46,131365.37,2,1,0,0,2,0.7286269116800065,0.05434782608695652,1,0.0,1.0
633,58,98308.51,1,1,0,0,1,0.7445632840290307,0.11206896551724138,1,0.0,1.0
644,37,0.0,2,0,0,1,0,0.0,0.22972972972972974,0,0.0,0.0
757,44,140856.16,2,0,0,0,0,0.8873605940929631,0.125,1,0.0,1.0
696,30,0.0,2,1,0,1,2,0.0,0.2833333333333333,0,0.0,0.0
746,35,172274.01,1,0,0,0,0,7.6990633255228715,0.07142857142857142,1,0.0,0.0
649,36,0.0,2,0,0,1,0,0.0,0.2361111111111111,1,0.0,1.0
565,38,122447.76,1,0,0,0,0,1.818341873533754,0.013157894736842105,1,0.0,1.0
720,38,0.0,2,1,1,1,2,0.0,0.27631578947368424,0,0.0,0.0
648,56,157559.59,2,0,1,0,0,1.1175054823943134,0.11607142857142858,0,0.0,1.0
632,41,126550.7,1,0,1,0,0,0.7123776608607975,0.08536585365853659,1,1.0,0.0
622,30,158584.82,3,0,1,0,0,1.114099093355477,0.08333333333333333,0,0.0,0.0
835,28,163569.61,2,1,0,0,2,1.05829007297347,0.08928571428571429,1,0.0,0.0
493,31,0.0,1,1,1,1,1,0.0,0.11290322580645161,0,0.0,0.0
785,33,127211.45,1,0,0,0,0,0.6626879276576617,0.19696969696969696,0,1.0,0.0
681,42,118199.97,2,0,1,0,0,12.502799908608953,0.08333333333333333,1,1.0,0.0
621,30,101014.08,2,1,0,0,2,0.6112496249053981,0.08333333333333333,0,1.0,0.0
756,38,119208.85,1,0,1,0,0,0.7021996715575287,0.17105263157894737,1,0.0,1.0
515,66,0.0,2,1,0,1,2,0.0,0.09848484848484848,0,0.0,0.0
625,58,53772.73,1,1,1,0,1,0.2799597132550055,0.1810344827586207,0,0.0,0.0
717,39,0.0,2,0,0,1,0,0.0,0.16666666666666666,0,0.0,1.0
595,41,138878.81,1,1,0,0,1,1.2369999217070673,0.06097560975609756,0,1.0,0.0
539,37,130922.81,2,0,0,0,0,35.476218007762185,0.04054054054054054,0,0.0,1.0
762,35,0.0,2,1,0,1,2,0.0,0.2714285714285714,1,0.0,0.0
706,20,0.0,2,1,0,1,2,0.0,0.425,1,0.0,1.0
677,25,130866.19,1,0,0,0,0,3.0856509399283825,0.34,0,0.0,1.0
733,33,187257.94,1,1,0,0,1,0.9833332992003805,0.22727272727272727,0,1.0,0.0
684,41,0.0,1,1,0,1,1,0.0,0.18292682926829268,0,0.0,1.0
679,36,147733.64,1,1,0,0,1,0.8564150825049487,0.18055555555555555,1,0.0,0.0
478,43,0.0,2,1,0,1,2,0.0,0.03488372093023256,1,0.0,1.0
696,33,163139.27,1,1,0,0,1,23.18517955306437,0.07575757575757576,1,0.0,0.0
686,35,0.0,2,1,0,1,2,0.0,0.12857142857142856,0,0.0,1.0
466,36,119540.15,1,1,0,0,1,1.4830365961214063,0.1527777777777778,0,0.0,0.0
686,41,129553.76,2,0,0,0,0,0.6905821297137326,0.10975609756097561,0,0.0,0.0
576,55,0.0,2,1,0,1,2,0.0,0.17272727272727273,1,0.0,0.0
763,61,66101.89,1,1,0,0,1,0.45909742914874174,0.02459016393442623,0,1.0,0.0
572,43,140431.98,1,0,1,0,0,5.309022489024281,0.05813953488372093,1,0.0,0.0
757,49,0.0,2,0,0,1,0,0.0,0.05102040816326531,0,0.0,0.0
582,29,0.0,1,1,0,1,1,0.0,0.017241379310344827,0,0.0,0.0
623,35,0.0,2,0,0,1,0,0.0,0.15714285714285714,0,0.0,0.0
617,37,116471.43,2,0,1,0,0,0.6643144925554,0.12162162162162163,0,1.0,0.0
425,39,0.0,2,0,0,1,0,0.0,0.11538461538461539,1,0.0,0.0
659,56,123785.24,1,0,1,0,0,1.2440098756816615,0.16964285714285715,0,0.0,0.0
605,33,0.0,2,1,0,1,2,0.0,0.13636363636363635,0,0.0,0.0
538,38,88758.95,2,0,1,0,0,3.144453124031296,0.2236842105263158,0,0.0,0.0
665,25,153611.83,2,0,0,0,0,4.348819525148877,0.22,1,1.0,0.0
491,57,112044.72,1,1,1,0,1,2.7175051229992775,0.07894736842105263,0,1.0,0.0
726,27,123826.07,1,1,0,0,1,1.5679826844036804,0.2777777777777778,0,0.0,1.0
580,65,106804.26,3,0,1,0,0,0.9899210958693853,0.14615384615384616,0,0.0,0.0
550,48,0.0,2,1,0,1,2,0.0,0.13541666666666666,0,0.0,0.0
542,59,68892.77,2,0,1,0,0,8.713919449131426,0.0423728813559322,0,0.0,0.0
732,43,0.0,2,0,0,1,0,0.0,0.1511627906976744,0,0.0,0.0
473,33,125827.43,1,1,0,0,1,0.8636078460818012,0.16666666666666666,0,0.0,0.0
745,34,0.0,2,0,0,1,0,0.0,0.27941176470588236,1,0.0,1.0
732,36,0.0,2,1,0,1,2,0.0,0.20833333333333334,1,0.0,0.0
848,40,148495.64,1,0,0,0,0,0.9347874394620804,0.1375,0,1.0,0.0
572,37,133043.66,1,0,0,0,0,1.1959616011960725,0.04054054054054054,1,0.0,0.0
702,45,74989.58,1,1,0,0,1,0.43849532168656574,0.2111111111111111,1,0.0,0.0
664,39,60263.23,1,0,0,0,0,0.35275420355577786,0.19230769230769232,1,1.0,0.0
630,50,129370.91,4,1,1,0,4,2.7078447197922655,0.07,1,1.0,0.0
618,44,157955.83,2,0,0,0,0,1.1339360572685848,0.125,1,1.0,0.0
556,26,0.0,1,0,0,1,0,0.0,0.17307692307692307,1,0.0,0.0
619,30,70729.17,1,1,0,0,1,0.43944844441315795,0.25,0,0.0,0.0
644,48,0.0,2,1,1,1,2,0.0,0.17708333333333334,1,0.0,0.0
658,50,0.0,2,0,0,1,0,0.0,0.05,1,0.0,1.0
598,27,90721.52,2,0,0,0,0,0.8300444714127118,0.3148148148148148,1,0.0,1.0
677,27,0.0,2,1,0,1,2,0.0,0.09259259259259259,1,0.0,0.0
689,45,57784.22,1,0,1,0,0,0.2921271959758348,0.011111111111111112,0,0.0,1.0
591,33,131765.72,1,0,0,0,0,1.1092972348077244,0.2878787878787879,1,0.0,0.0
699,40,0.0,1,1,1,1,1,0.0,0.1875,1,0.0,0.0
749,47,110022.74,1,1,1,0,1,0.8110404611536995,0.20212765957446807,1,1.0,0.0
709,40,131569.63,1,1,0,0,1,1.2654384015324187,0.2375,0,0.0,0.0
607,61,164523.5,2,1,0,0,2,4.59720027182478,0.040983606557377046,1,1.0,0.0
650,25,114330.95,1,1,0,0,1,4.514358129784842,0.1,0,1.0,0.0
651,45,135923.16,1,0,0,0,0,7.255488463657211,0.23333333333333334,0,0.0,1.0
676,61,0.0,2,1,0,1,2,0.0,0.13934426229508196,0,0.0,0.0
723,49,0.0,2,1,0,1,2,0.0,0.09183673469387756,0,0.0,0.0
714,45,124693.48,1,1,0,0,1,0.6661149073573754,0.011111111111111112,1,0.0,1.0
759,35,147936.42,1,1,0,0,1,1.385344991464293,0.21428571428571427,0,0.0,1.0
582,29,0.0,1,0,0,1,0,0.0,0.017241379310344827,1,0.0,0.0
697,34,126558.92,1,0,0,0,0,1.7257541136664776,0.07352941176470588,0,0.0,0.0
610,57,106938.11,2,1,0,0,2,0.5730460400313011,0.11403508771929824,1,1.0,0.0
488,33,140002.35,1,0,0,0,0,1.1325693903505576,0.13636363636363635,0,1.0,0.0
599,46,123444.72,1,1,1,0,1,3.9352355886752175,0.20652173913043478,1,1.0,0.0
781,32,147107.91,1,1,0,0,1,3.6714608558710893,0.203125,1,0.0,0.0
645,19,128514.84,1,0,0,0,0,0.7303216527753933,0.5,1,0.0,0.0
545,55,0.0,1,0,1,1,0,0.0,0.1,0,0.0,0.0
597,40,106756.01,2,0,0,0,0,0.7062033378020643,0.2375,0,1.0,0.0
561,28,0.0,2,0,0,1,0,0.0,0.125,0,0.0,1.0
662,37,0.0,2,0,0,1,0,0.0,0.17567567567567569,0,0.0,0.0
649,50,155393.32,1,1,1,0,1,1.778924041257243,0.11,0,1.0,0.0
630,36,110414.48,1,1,0,0,1,2.254003035564279,0.06944444444444445,0,0.0,0.0
672,33,0.0,2,1,0,1,2,0.0,0.07575757575757576,1,0.0,1.0
636,37,157098.52,1,1,0,0,1,1.0232013582197874,0.25675675675675674,0,1.0,0.0
593,38,85626.6,1,1,0,0,1,0.6845711147167848,0.14473684210526316,0,1.0,0.0
545,45,93796.42,2,1,0,0,2,0.5778407718078838,0.14444444444444443,1,1.0,0.0
567,41,0.0,2,0,0,1,0,0.0,0.036585365853658534,0,0.0,1.0
583,51,125268.03,2,0,0,0,0,0.758817323986534,0.12745098039215685,1,0.0,0.0
681,29,148143.84,1,1,0,0,1,2.8476938487447425,0.08620689655172414,0,0.0,0.0
762,29,115545.33,2,0,0,0,0,0.779356083536589,0.3620689655172414,1,0.0,1.0
648,35,0.0,2,0,0,1,0,0.0,0.21428571428571427,1,0.0,1.0
644,30,44928.88,1,1,0,0,1,4.170716809345312,0.18333333333333332,1,0.0,0.0
706,29,0.0,2,1,0,1,2,0.0,0.08620689655172414,1,0.0,1.0
850,35,162442.35,1,0,0,0,0,0.884917549256193,0.1,1,0.0,0.0
484,39,0.0,2,1,0,1,2,0.0,0.14102564102564102,0,0.0,1.0
508,28,96213.82,2,0,0,0,0,0.6504688923118861,0.017857142857142856,1,1.0,0.0
439,29,156569.43,1,0,0,0,0,0.8669419975652224,0.22413793103448276,0,0.0,0.0
484,36,0.0,2,0,0,1,0,0.0,0.2361111111111111,1,0.0,1.0
803,37,0.0,2,0,0,1,0,0.0,0.04054054054054054,0,0.0,1.0
724,48,110463.25,2,1,1,0,2,1.3713095621013267,0.13541666666666666,0,1.0,0.0
640,33,154575.76,1,0,1,0,0,6.009177678740814,0.22727272727272727,1,0.0,0.0
701,35,0.0,2,0,0,1,0,0.0,0.2714285714285714,0,0.0,1.0
537,37,0.0,2,1,0,1,2,0.0,0.0945945945945946,1,0.0,0.0
651,26,147037.32,1,0,0,0,0,1.0371959759109948,0.21153846153846154,1,1.0,0.0
523,41,119276.31,1,0,1,0,0,0.9753930518922213,0.012195121951219513,1,1.0,0.0
717,25,108664.85,2,0,0,0,0,0.5718815859032692,0.3,0,0.0,0.0
593,44,0.0,1,0,0,1,0,0.0,0.125,1,0.0,1.0
706,38,163034.82,2,1,0,0,2,1.201761834107223,0.14473684210526316,1,1.0,0.0
714,49,93059.34,1,0,1,0,0,12.289100971804592,0.09183673469387756,0,1.0,0.0
794,38,179581.31,1,0,0,0,0,7.610267556714259,0.25,1,0.0,1.0
518,46,113625.93,1,0,1,0,0,1.225362515612797,0.09782608695652174,1,1.0,0.0
589,55,119961.48,1,0,1,0,0,1.8410907791128095,0.13636363636363635,1,1.0,0.0
824,45,129209.48,1,0,0,0,0,2.1480221110349533,0.07777777777777778,1,0.0,0.0
719,42,137227.04,3,0,1,0,0,0.9203791483180435,0.13095238095238096,0,1.0,0.0
617,58,119024.75,2,0,1,0,0,3.38136188844167,0.0603448275862069,0,1.0,0.0
651,35,74623.5,3,0,1,0,0,0.5764556192864568,0.21428571428571427,1,0.0,0.0
637,45,157929.45,1,1,1,0,1,1.0881518366045413,0.05555555555555555,0,0.0,1.0
554,26,92606.86,2,0,0,0,0,0.48054864003652314,0.28846153846153844,0,0.0,0.0
731,35,127862.93,2,0,0,0,0,0.9193170061121028,0.07142857142857142,1,1.0,0.0
569,42,0.0,1,1,1,1,1,0.0,0.03571428571428571,0,0.0,1.0
625,37,142711.81,1,0,0,0,0,4.005786999026845,0.12162162162162163,0,1.0,0.0
592,38,0.0,2,0,0,1,0,0.0,0.11842105263157894,0,0.0,0.0
669,43,163159.85,1,1,0,0,1,10.456417667491253,0.03488372093023256,1,0.0,0.0
663,32,108586.86,1,1,0,0,1,0.595465654830181,0.109375,1,1.0,0.0
518,41,110624.99,1,0,0,0,0,1.2384040868402049,0.13414634146341464,0,1.0,0.0
686,43,154846.24,2,1,0,0,2,1.01936504885303,0.12790697674418605,0,1.0,0.0
709,45,122917.71,1,1,1,0,1,35.476218007762185,0.1,1,1.0,0.0
571,33,0.0,2,1,0,1,2,0.0,0.2878787878787879,0,0.0,0.0
707,31,82787.93,2,0,0,0,0,0.9055314270138624,0.08064516129032258,0,0.0,0.0
701,32,102500.34,1,0,0,0,0,0.9643571940855087,0.171875,1,1.0,0.0
672,34,0.0,2,0,0,1,0,0.0,0.27941176470588236,1,0.0,0.0
620,39,159492.79,1,0,1,0,0,1.9792278403948014,0.24358974358974358,1,1.0,0.0
557,48,0.0,2,1,0,1,2,0.0,0.21875,1,0.0,1.0
648,54,118241.02,1,0,1,0,0,0.6851061218721661,0.1388888888888889,0,0.0,1.0
479,35,113090.4,1,0,0,0,0,0.5780216885400769,0.07142857142857142,0,0.0,0.0
730,22,65763.57,1,1,0,0,1,0.4510749177892685,0.4318181818181818,0,0.0,0.0
737,43,125537.38,1,0,1,0,0,0.9063350270855725,0.03488372093023256,0,1.0,0.0
616,31,94263.91,2,0,0,0,0,0.5581178743897283,0.11290322580645161,1,0.0,0.0
639,29,133434.57,2,0,0,0,0,1.361793464350054,0.15517241379310345,1,0.0,1.0
815,39,0.0,1,1,0,1,1,0.0,0.16666666666666666,0,0.0,1.0
786,31,0.0,2,1,0,1,2,0.0,0.3064516129032258,1,0.0,1.0
549,50,94748.76,2,1,0,0,2,6.962121156454686,0.19,1,0.0,0.0
622,38,98640.74,1,1,0,0,1,0.8930078031674923,0.11842105263157894,0,0.0,0.0
624,26,74681.9,2,0,0,0,0,2.3911713335691998,0.36538461538461536,1,0.0,0.0
841,34,0.0,2,0,0,1,0,0.0,0.1323529411764706,1,0.0,0.0
614,41,179915.85,1,0,1,0,0,12.266418269148824,0.18292682926829268,0,0.0,1.0
676,30,128207.23,1,1,0,0,1,2.3141610547214073,0.05,1,0.0,0.0
697,42,132739.26,2,0,0,0,0,0.7599489662283415,0.2261904761904762,1,0.0,0.0
732,40,0.0,2,0,0,1,0,0.0,0.2625,0,0.0,0.0
623,27,120509.81,1,0,0,0,0,0.8476372610420208,0.16666666666666666,1,0.0,0.0
541,46,124547.13,2,0,0,0,0,1.3179582108201837,0.09782608695652174,1,0.0,0.0
773,39,0.0,2,1,0,1,2,0.0,0.11538461538461539,0,0.0,1.0
762,34,88815.56,2,0,1,0,0,1.295381228955566,0.1323529411764706,1,1.0,0.0
655,35,82231.51,2,0,0,0,0,0.9260407378369715,0.04285714285714286,0,0.0,1.0
602,32,184715.86,2,0,0,0,0,1.6234048692163914,0.234375,1,1.0,0.0
850,31,0.0,2,0,0,1,0,0.0,0.11290322580645161,1,0.0,0.0
649,51,0.0,1,1,0,1,1,0.0,0.08823529411764706,1,0.0,1.0
850,28,147972.19,1,0,1,0,0,2.4373723021618283,0.16071428571428573,1,1.0,0.0
543,43,0.0,2,1,0,1,2,0.0,0.22093023255813954,1,0.0,0.0
672,52,170008.84,1,0,1,0,0,3.0138911885849664,0.16346153846153846,1,0.0,0.0
600,27,0.0,2,1,0,1,2,0.0,0.12962962962962962,0,0.0,0.0
671,34,0.0,1,0,0,1,0,0.0,0.3088235294117647,0,0.0,1.0
706,42,95386.82,1,1,0,0,1,1.2595104528063963,0.20238095238095238,0,0.0,1.0
541,51,90373.28,2,0,0,0,0,0.5024567894226482,0.14705882352941177,1,1.0,0.0
711,34,133467.77,2,1,0,0,2,3.1055164964851487,0.1323529411764706,1,1.0,0.0
630,30,0.0,2,1,0,1,2,0.0,0.11666666666666667,1,0.0,1.0
531,31,96288.26,1,0,0,0,0,1.6953432942934263,0.11290322580645161,1,0.0,0.0
641,26,91547.84,2,1,0,0,2,3.251180289747194,0.17307692307692307,0,0.0,0.0
631,37,138292.64,2,0,1,0,0,0.9072896765343443,0.22972972972972974,1,1.0,0.0
685,35,0.0,1,0,0,1,0,0.0,0.2714285714285714,1,0.0,0.0
702,32,71667.74,1,1,0,0,1,0.5684163422908591,0.265625,1,0.0,1.0
708,43,118994.84,1,0,1,0,0,0.6556161717661033,0.011627906976744186,0,1.0,0.0
653,55,0.0,2,1,0,1,2,0.0,0.13636363636363635,1,0.0,1.0
654,37,145610.07,2,0,0,0,0,0.7815825404388659,0.06756756756756757,1,1.0,0.0
596,33,138162.81,1,0,0,0,0,1.6175750355271543,0.045454545454545456,0,0.0,0.0
549,31,135020.21,2,1,0,0,2,5.783891745180169,0.3064516129032258,0,1.0,0.0
754,38,0.0,2,0,0,1,0,0.0,0.06578947368421052,1,0.0,0.0
815,25,135161.67,1,1,0,0,1,0.9933095738617889,0.34,0,1.0,0.0
556,52,0.0,1,0,1,1,0,0.0,0.18269230769230768,0,0.0,0.0
706,32,94486.47,1,1,0,0,1,0.6429805661407354,0.203125,1,0.0,0.0
850,46,117640.39,1,0,0,0,0,1.3229663452152503,0.20652173913043478,1,0.0,0.0
732,33,111379.55,1,1,0,0,1,2.4696338904851083,0.25757575757575757,0,0.0,1.0
614,40,0.0,1,1,1,1,1,0.0,0.1625,1,0.0,0.0
580,57,136820.99,1,1,0,0,1,1.2606773958916697,0.008771929824561403,0,0.0,1.0
593,46,98752.51,1,0,0,0,0,0.6784252114125325,0.16304347826086957,0,0.0,0.0
653,25,158266.42,3,1,0,0,3,0.7938795005413372,0.1,0,1.0,0.0
746,29,105599.67,1,1,0,0,1,2.449700827031791,0.15517241379310345,0,0.0,0.0
662,29,0.0,2,0,0,1,0,0.0,0.3620689655172414,0,0.0,0.0
573,31,0.0,2,1,0,1,2,0.0,0.08064516129032258,1,0.0,0.0
684,39,139723.9,1,1,0,0,1,1.158447037805426,0.11538461538461539,0,0.0,1.0
793,41,141806.46,1,0,0,0,0,1.3778028582180106,0.08536585365853659,0,0.0,0.0
798,49,132571.67,1,1,1,0,1,4.183743786554437,0.11224489795918367,0,1.0,0.0
524,40,180516.9,1,0,0,0,0,1.0028526124670296,0.0625,1,0.0,0.0
816,31,0.0,2,1,0,1,2,0.0,0.27419354838709675,1,0.0,0.0
742,41,92805.72,1,1,1,0,1,1.2584688171868041,0.10975609756097561,0,1.0,0.0
540,22,0.0,3,1,1,1,3,0.0,0.20454545454545456,1,0.0,0.0
537,39,135309.36,1,0,1,0,0,4.2644171767540096,0.08974358974358974,1,1.0,0.0
759,74,128917.84,1,1,0,0,1,2.6721137910078507,0.08783783783783784,0,0.0,1.0
774,52,56580.93,1,0,1,0,0,0.49953464054226426,0.04807692307692308,0,0.0,0.0
608,42,131390.75,2,0,0,0,0,1.8459178109751053,0.20238095238095238,1,1.0,0.0
704,37,0.0,2,0,0,1,0,0.0,0.12162162162162163,1,0.0,1.0
581,41,0.0,2,0,0,1,0,0.0,0.2073170731707317,1,0.0,0.0
628,61,97361.66,1,1,1,0,1,0.6494094516812521,0.02459016393442623,0,1.0,0.0
566,42,0.0,1,0,1,1,0,0.0,0.15476190476190477,0,0.0,0.0
701,59,0.0,2,1,0,1,2,0.0,0.1271186440677966,1,0.0,1.0
735,29,0.0,2,1,0,1,2,0.0,0.3620689655172414,1,0.0,1.0
680,34,0.0,2,0,0,1,0,0.0,0.04411764705882353,0,0.0,0.0
560,57,0.0,2,1,0,1,2,0.0,0.008771929824561403,1,0.0,0.0
663,29,102714.65,2,0,0,0,0,4.851481758054696,0.15517241379310345,0,1.0,0.0
665,34,67816.72,1,1,0,0,1,2.287814353541426,0.16176470588235295,0,0.0,0.0
758,51,81710.46,1,1,0,0,1,0.7012505120318583,0.16666666666666666,1,0.0,0.0
621,26,75237.54,1,1,0,0,1,1.7013830407902055,0.09615384615384616,1,0.0,0.0
764,28,124023.18,1,0,0,0,0,0.746276655148876,0.375,1,1.0,0.0
537,46,100727.5,1,1,1,0,1,0.7150957455539151,0.11956521739130435,0,1.0,0.0
589,46,107238.85,2,0,0,0,0,2.896368373176381,0.22826086956521738,0,0.0,0.0
555,24,0.0,2,0,0,1,0,0.0,0.22916666666666666,1,0.0,0.0
734,29,139994.66,1,0,0,0,0,7.888925329600602,0.017241379310344827,0,0.0,0.0
783,59,126224.87,1,1,0,0,1,28.527779723954318,0.16101694915254236,0,0.0,1.0
678,51,145751.03,1,0,1,0,0,1.3283975018465277,0.029411764705882353,0,1.0,0.0
661,47,0.0,1,1,1,1,1,0.0,0.11702127659574468,1,0.0,0.0
607,25,121166.89,1,1,0,0,1,1.0509817741881202,0.18,0,0.0,1.0
537,38,0.0,2,1,0,1,2,0.0,0.039473684210526314,0,0.0,1.0
513,88,0.0,2,1,0,1,2,0.0,0.11931818181818182,1,0.0,1.0
576,63,70655.48,1,0,1,0,0,0.8948625070924859,0.15079365079365079,1,0.0,0.0
660,41,129901.21,1,0,1,0,0,4.991094111409097,0.036585365853658534,1,1.0,0.0
637,40,125470.81,1,1,0,0,1,0.7188773027544791,0.2125,1,0.0,0.0
672,53,169406.33,4,1,1,0,4,1.1499795638481929,0.1792452830188679,0,0.0,0.0
629,32,0.0,2,1,0,1,2,0.0,0.078125,1,0.0,0.0
583,40,107041.3,1,1,0,0,1,18.990300942229666,0.1125,1,1.0,0.0
763,32,95153.77,1,1,0,0,1,1.1702433001152364,0.328125,0,0.0,1.0
516,32,145166.09,2,0,0,0,0,1.3028441754781015,0.109375,1,1.0,0.0
617,27,0.0,2,0,0,1,0,0.0,0.16666666666666666,0,0.0,0.0
700,38,65962.63,1,1,0,0,1,0.6534092417466293,0.25,1,0.0,0.0
727,36,140418.81,1,1,1,0,1,1.2422625329400974,0.18055555555555555,1,1.0,0.0
689,31,139799.63,1,1,0,0,1,1.1585806007513224,0.11290322580645161,0,0.0,1.0
626,49,171787.84,2,0,0,0,0,0.9177032737775825,0.19387755102040816,1,1.0,0.0
686,38,149238.97,1,1,0,0,1,1.5255516848599808,0.17105263157894737,1,0.0,0.0
351,57,163146.46,1,0,1,0,0,0.9618197895576351,0.07894736842105263,0,1.0,0.0
739,37,0.0,2,0,1,1,0,0.0,0.22972972972972974,0,0.0,0.0
627,32,0.0,2,0,0,1,0,0.0,0.328125,1,0.0,0.0
451,38,61482.47,1,1,0,0,1,0.36697263203232,0.25,0,1.0,0.0
512,41,145150.28,1,0,1,0,0,2.237545305773118,0.2073170731707317,0,0.0,0.0
774,41,126670.37,1,0,0,0,0,1.2366885274262485,0.13414634146341464,0,0.0,0.0
652,40,84390.8,2,1,0,0,2,0.7822857842064866,0.2125,0,0.0,0.0
638,37,89728.86,2,1,0,0,2,2.405865205486504,0.06756756756756757,1,1.0,0.0
475,57,0.0,2,0,0,1,0,0.0,0.02631578947368421,0,0.0,0.0
567,40,118628.8,1,0,0,0,0,1.2897991543972507,0.1125,1,0.0,1.0
750,37,0.0,2,0,0,1,0,0.0,0.0945945945945946,1,0.0,0.0
850,39,96863.13,1,1,0,0,1,0.7960337498856653,0.16666666666666666,1,0.0,0.0
753,38,142263.45,1,1,0,0,1,4.217533914215911,0.17105263157894737,0,0.0,0.0
683,36,0.0,2,0,0,1,0,0.0,0.20833333333333334,0,0.0,1.0
710,32,0.0,1,0,0,1,0,0.0,0.109375,0,0.0,0.0
645,21,0.0,2,0,0,1,0,0.0,0.07142857142857142,0,0.0,1.0
714,28,122724.37,1,1,0,0,1,1.8301153608645135,0.23214285714285715,1,0.0,0.0
696,35,174902.26,1,0,0,0,0,2.5318486961292455,0.12857142857142856,0,1.0,0.0
612,26,0.0,2,1,0,1,2,0.0,0.17307692307692307,0,0.0,1.0
520,31,108914.17,1,1,1,0,1,0.5933004233347763,0.11290322580645161,0,1.0,0.0
782,23,98052.66,1,1,0,0,1,0.6876626360419984,0.45652173913043476,1,0.0,1.0
666,46,123873.19,1,1,0,0,1,0.6965230858816096,0.11956521739130435,1,0.0,0.0
466,56,111920.13,3,0,1,0,0,0.5662967981751826,0.044642857142857144,0,1.0,0.0
567,45,0.0,2,1,0,1,2,0.0,0.1,0,0.0,0.0
613,20,0.0,2,1,0,1,2,0.0,0.175,1,0.0,0.0
718,37,0.0,2,1,0,1,2,0.0,0.22972972972972974,1,0.0,0.0
614,37,75150.34,4,1,1,0,4,0.5703245720289354,0.22972972972972974,0,0.0,0.0
711,38,0.0,2,0,0,1,0,0.0,0.27631578947368424,1,0.0,0.0
691,38,114753.76,1,0,0,0,0,1.0658307978691883,0.14473684210526316,0,1.0,0.0
527,32,0.0,1,0,0,1,0,0.0,0.015625,1,0.0,0.0
476,32,111871.93,1,0,0,0,0,0.9976641310662095,0.203125,0,0.0,0.0
619,45,0.0,2,0,0,1,0,0.0,0.011111111111111112,0,0.0,1.0
607,37,135927.06,1,0,0,0,0,0.7514290894978977,0.12162162162162163,0,1.0,0.0
695,44,0.0,2,1,0,1,2,0.0,0.19318181818181818,1,0.0,1.0
653,33,0.0,2,0,0,1,0,0.0,0.045454545454545456,1,0.0,0.0
677,46,57037.74,1,1,0,0,1,0.35978689729600977,0.05434782608695652,1,0.0,0.0
655,50,0.0,4,0,1,1,0,0.0,0.21,0,0.0,0.0
625,52,79468.96,1,1,0,0,1,0.9392713584202165,0.04807692307692308,0,0.0,0.0
679,34,121063.85,1,0,0,0,0,2.124464645266399,0.22058823529411764,0,1.0,0.0
734,51,118537.47,1,1,0,0,1,1.0138907884422195,0.029411764705882353,1,0.0,0.0
666,39,0.0,2,0,0,1,0,0.0,0.2692307692307692,1,0.0,0.0
592,26,105082.07,2,0,0,0,0,0.7912653346994716,0.17307692307692307,0,1.0,0.0
564,40,0.0,1,0,1,1,0,0.0,0.1125,1,0.0,0.0
814,36,0.0,2,1,0,1,2,0.0,0.18055555555555555,0,0.0,0.0
592,36,104702.65,2,0,0,0,0,0.9699205333742412,0.06944444444444445,1,1.0,0.0
758,50,95813.76,3,1,1,0,3,1.4101645902595759,0.05,0,0.0,0.0
612,62,167026.61,2,1,0,0,2,0.8659026854518604,0.008064516129032258,0,0.0,1.0
498,61,102453.26,1,0,1,0,0,0.5471511236187877,0.12295081967213115,1,1.0,0.0
638,25,148045.45,2,1,0,0,2,1.2904553403306842,0.18,1,1.0,0.0
558,35,0.0,2,0,0,1,0,0.0,0.04285714285714286,1,0.0,0.0
756,24,0.0,2,0,0,1,0,0.0,0.0625,0,0.0,0.0
782,52,0.0,1,1,1,1,1,0.0,0.08653846153846154,1,0.0,1.0
505,34,104498.79,1,1,0,0,1,0.8263900476496483,0.3088235294117647,1,0.0,0.0
671,29,0.0,2,0,0,1,0,0.0,0.22413793103448276,0,0.0,1.0
801,42,0.0,2,1,0,1,2,0.0,0.15476190476190477,1,0.0,0.0
604,26,149542.52,2,1,0,0,2,0.7555990899413538,0.3269230769230769,1,0.0,0.0
716,29,87946.39,1,1,0,0,1,0.4818115917177379,0.3620689655172414,0,0.0,0.0
624,45,68639.57,1,0,1,0,0,0.4085608194267125,0.07777777777777778,0,0.0,0.0
607,47,148826.32,1,1,0,0,1,1.873169341691125,0.09574468085106383,1,1.0,0.0
827,60,0.0,2,1,0,1,2,0.0,0.041666666666666664,0,0.0,0.0
606,61,108166.09,2,1,0,0,2,12.513126127199595,0.09016393442622951,1,0.0,0.0
717,35,103214.71,1,0,0,0,0,0.5994801180435804,0.15714285714285714,0,1.0,0.0
651,40,134760.21,2,0,1,0,0,0.77255231832408,0.0375,1,1.0,0.0
691,58,0.0,1,1,1,1,1,0.0,0.0603448275862069,1,0.0,0.0
573,33,90124.64,1,0,0,0,0,0.6555581992164403,0.015151515151515152,0,0.0,0.0
723,38,0.0,2,1,0,1,2,0.0,0.17105263157894737,1,0.0,1.0
584,46,87361.02,2,0,1,0,0,0.7257232579376924,0.14130434782608695,0,1.0,0.0
550,45,111257.59,1,0,1,0,0,1.139649177941339,0.18888888888888888,0,1.0,0.0
611,61,131583.59,4,1,1,0,4,1.9864903320887033,0.05737704918032787,0,0.0,0.0
549,41,95020.8,3,1,1,0,3,0.7214308171361382,0.23170731707317074,1,1.0,0.0
850,24,0.0,2,1,0,1,2,0.0,0.0625,0,0.0,1.0
668,34,80242.37,2,0,0,0,0,1.4131663624914739,0.16176470588235295,1,1.0,0.0
686,43,0.0,1,1,0,1,1,0.0,0.011627906976744186,0,0.0,0.0
660,50,0.0,3,1,1,1,3,0.0,0.03,1,0.0,0.0
682,59,122661.39,1,1,0,0,1,1.4463974663686332,0.00847457627118644,0,0.0,1.0
524,50,0.0,2,1,1,1,2,0.0,0.09,1,0.0,0.0
645,36,0.0,2,1,1,1,2,0.0,0.2361111111111111,0,0.0,0.0
850,42,0.0,2,0,0,1,0,0.0,0.011904761904761904,1,0.0,0.0
537,53,0.0,1,1,0,1,1,0.0,0.0660377358490566,0,0.0,0.0
599,46,81742.84,2,0,0,0,0,0.9815044352877368,0.16304347826086957,0,0.0,1.0
727,71,0.0,1,1,1,1,1,0.0,0.11971830985915492,1,0.0,1.0
756,30,145127.85,1,0,0,0,0,19.207781430658788,0.08333333333333333,1,0.0,1.0
755,38,148912.44,1,0,0,0,0,1.8517495519612979,0.25,1,0.0,0.0
634,41,0.0,2,1,0,1,2,0.0,0.10975609756097561,0,0.0,1.0
837,26,89900.24,2,0,0,0,0,0.5123162141722243,0.17307692307692307,1,0.0,0.0
727,30,119027.28,2,1,0,0,2,0.8631135711703182,0.2833333333333333,0,1.0,0.0
567,40,105222.86,2,0,0,0,0,1.1218164446016636,0.0625,0,1.0,0.0
650,30,0.0,1,0,1,1,0,0.0,0.21666666666666667,0,0.0,1.0
655,34,116114.93,1,1,0,0,1,2.3460808212853697,0.04411764705882353,1,0.0,1.0
763,58,187911.55,1,1,0,0,1,5.245090322216881,0.16379310344827586,0,0.0,0.0
843,27,0.0,2,1,0,1,2,0.0,0.2037037037037037,0,0.0,0.0
667,38,144432.04,1,1,1,0,1,1.9527298149901502,0.17105263157894737,0,0.0,0.0
705,50,77065.9,2,1,0,0,2,0.5309021904479917,0.09,0,0.0,0.0
660,29,180520.29,1,1,0,0,1,1.4575533876919455,0.22413793103448276,0,1.0,0.0
553,42,0.0,2,0,0,1,0,0.0,0.03571428571428571,1,0.0,0.0
612,47,130024.87,1,1,1,0,1,2.8419984957774886,0.13829787234042554,0,1.0,0.0
641,40,110086.69,1,0,0,0,0,0.6890144425124115,0.0625,0,1.0,0.0
513,31,174853.46,1,0,0,0,0,2.075667473848116,0.1774193548387097,0,0.0,1.0
680,44,108724.98,1,1,0,0,1,1.503149252068187,0.17045454545454544,1,0.0,0.0
711,58,91285.13,2,1,0,0,2,3.4101252014935275,0.16379310344827586,1,0.0,0.0
689,40,0.0,2,1,0,1,2,0.0,0.0625,1,0.0,1.0
665,51,110610.41,2,1,1,0,2,35.476218007762185,0.18627450980392157,0,1.0,0.0
551,54,102994.04,1,0,1,0,0,0.5829373092184814,0.10185185185185185,1,1.0,0.0
645,36,59893.85,2,0,0,0,0,1.3612040643045191,0.125,1,0.0,1.0
616,29,149318.55,1,0,0,0,0,1.0608994300629788,0.29310344827586204,1,1.0,0.0
582,32,116409.55,1,1,0,0,1,0.7618828927602977,0.046875,0,0.0,0.0
365,30,127760.07,1,0,1,0,0,1.5668613182550404,0.016666666666666666,1,1.0,0.0
697,38,132591.36,1,1,1,0,1,17.944911216977044,0.17105263157894737,0,1.0,0.0
704,31,0.0,2,0,0,1,0,0.0,0.016129032258064516,1,0.0,0.0
656,46,113402.14,2,1,0,0,2,0.8167237378219354,0.11956521739130435,0,0.0,0.0
712,31,0.0,2,0,0,1,0,0.0,0.24193548387096775,0,0.0,0.0
748,40,0.0,1,0,0,1,0,0.0,0.0125,1,0.0,0.0
724,28,0.0,2,1,0,1,2,0.0,0.3392857142857143,1,0.0,0.0
691,50,136953.47,1,1,0,0,1,35.476218007762185,0.13,1,0.0,0.0
563,33,0.0,2,1,0,1,2,0.0,0.25757575757575757,1,0.0,0.0
741,32,0.0,1,1,0,1,1,0.0,0.171875,1,0.0,0.0
778,44,123863.64,1,0,0,0,0,0.8572119050542181,0.19318181818181818,1,0.0,0.0
848,22,120811.89,1,1,0,0,1,0.6512372235573308,0.3409090909090909,1,0.0,1.0
634,38,148430.55,1,1,0,0,1,2.647863628125227,0.06578947368421052,1,1.0,0.0
505,40,47869.69,2,1,0,0,2,0.3087112932249395,0.1625,1,1.0,0.0
692,53,150926.99,2,0,0,0,0,1.2596333661858854,0.14150943396226415,1,1.0,0.0
537,47,103163.35,1,0,1,0,0,6.344359754597606,0.13829787234042554,0,1.0,0.0
633,29,130206.28,1,0,0,0,0,0.7051293847306344,0.3620689655172414,1,0.0,0.0
833,28,136674.51,2,0,0,0,0,25.88640246373902,0.16071428571428573,0,0.0,0.0
592,40,200322.45,1,1,0,0,1,1.7689183512702864,0.0625,0,0.0,1.0
587,48,0.0,2,1,0,1,2,0.0,0.03125,1,0.0,1.0
550,62,80927.56,1,1,0,0,1,1.2548529135623252,0.12096774193548387,1,0.0,1.0
680,24,0.0,3,0,1,1,0,0.0,0.4375,0,0.0,0.0
622,41,0.0,2,1,0,1,2,0.0,0.23170731707317074,0,0.0,1.0
594,28,142574.71,2,0,0,0,0,1.1044955208868021,0.017857142857142856,1,1.0,0.0
643,34,160426.07,1,1,0,0,1,0.8509127075201406,0.22058823529411764,0,1.0,0.0
540,25,116160.23,1,0,0,0,0,8.660485197950893,0.22,1,0.0,0.0
635,34,98683.47,2,0,0,0,0,6.27191294880766,0.16176470588235295,0,0.0,1.0
657,32,118829.03,2,1,0,0,2,1.624932157195385,0.109375,1,0.0,0.0
814,31,118870.92,1,0,0,0,0,1.168779292384194,0.04838709677419355,1,0.0,0.0
600,32,0.0,1,1,0,1,1,0.0,0.046875,1,0.0,0.0
682,46,0.0,1,1,0,1,1,0.0,0.05434782608695652,0,0.0,0.0
682,38,107192.38,1,1,0,0,1,6.840537147969678,0.11842105263157894,1,0.0,0.0
566,42,108010.78,1,1,0,0,1,0.685838903630837,0.08333333333333333,1,0.0,0.0
550,34,0.0,2,0,0,1,0,0.0,0.10294117647058823,1,0.0,1.0
630,26,129837.72,2,1,0,0,2,0.659067527943223,0.28846153846153844,1,0.0,0.0
546,58,106458.31,4,0,1,0,0,0.8260082197114326,0.0603448275862069,0,1.0,0.0
486,63,97009.15,1,1,0,0,1,1.1399162181852365,0.15079365079365079,1,0.0,0.0
762,35,122929.42,2,0,0,0,0,0.8204974348404624,0.2714285714285714,1,0.0,1.0
692,45,152296.83,4,1,1,0,4,1.4096094791407698,0.14444444444444443,1,1.0,0.0
498,30,0.0,2,0,0,1,0,0.0,0.05,0,0.0,0.0
850,49,0.0,1,0,1,1,0,0.0,0.17346938775510204,1,0.0,1.0
603,35,128993.76,2,0,0,0,0,0.988574893458659,0.18571428571428572,1,0.0,0.0
551,36,0.0,1,0,0,1,0,0.0,0.1527777777777778,0,0.0,0.0
627,27,185267.45,2,1,0,0,2,2.4051855459951494,0.018518518518518517,1,1.0,0.0
515,28,0.0,2,0,0,1,0,0.0,0.3392857142857143,0,0.0,0.0
605,29,116805.82,1,0,0,0,0,28.53271938931298,0.1206896551724138,0,0.0,1.0
567,29,129750.68,1,0,0,0,0,1.1875558708930802,0.1896551724137931,1,1.0,0.0
568,29,129177.01,2,1,0,0,2,1.2347376895915358,0.08620689655172414,0,1.0,0.0
571,25,82506.72,2,0,0,0,0,0.49197217488907824,0.26,1,1.0,0.0
634,48,107247.69,1,1,1,0,1,1.0340809570251768,0.052083333333333336,1,1.0,0.0
768,42,0.0,1,0,1,1,0,0.0,0.08333333333333333,0,0.0,1.0
554,36,157780.93,2,0,0,0,0,25.907645649600255,0.09722222222222222,0,1.0,0.0
629,35,172170.36,1,1,0,0,1,1.0775573689980689,0.04285714285714286,1,0.0,0.0
638,48,0.0,2,1,0,1,2,0.0,0.052083333333333336,1,0.0,1.0
576,41,0.0,1,1,0,1,1,0.0,0.036585365853658534,1,0.0,0.0
661,42,75361.44,1,0,1,0,0,2.7295850066934406,0.2261904761904762,0,0.0,1.0
592,27,0.0,2,1,0,1,2,0.0,0.16666666666666666,0,0.0,0.0
702,30,0.0,2,1,0,1,2,0.0,0.08333333333333333,1,0.0,1.0
647,29,98263.46,2,0,0,0,0,0.596552248542138,0.017241379310344827,0,0.0,0.0
593,43,0.0,2,1,0,1,2,0.0,0.22093023255813954,1,0.0,0.0
712,40,109308.79,2,0,1,0,0,0.9096957782524793,0.0875,0,1.0,0.0
625,31,0.0,2,0,0,1,0,0.0,0.27419354838709675,0,0.0,1.0
538,28,164365.44,1,1,0,0,1,28.836193874704602,0.23214285714285715,0,1.0,0.0
637,22,98800.0,1,0,0,0,0,0.8041244748875914,0.25,0,0.0,1.0
632,27,193125.85,1,1,0,0,1,1.265014965593382,0.16666666666666666,1,0.0,0.0
736,27,51522.75,1,1,0,0,1,0.26816221928201006,0.2037037037037037,1,0.0,0.0
755,23,84284.48,2,1,0,0,2,1.340986371287743,0.2391304347826087,1,0.0,0.0
425,39,0.0,2,0,0,1,0,0.0,0.14102564102564102,0,0.0,1.0
461,51,119889.84,1,0,1,0,0,2.111901511872658,0.18627450980392157,1,0.0,0.0
745,21,137910.45,1,1,0,0,1,0.7781165848540109,0.21428571428571427,1,0.0,0.0
616,37,0.0,2,0,0,1,0,0.0,0.17567567567567569,0,0.0,0.0
587,33,100116.82,1,0,0,0,0,2.925973899203252,0.16666666666666666,1,0.0,0.0
850,40,166082.15,2,1,0,0,2,3.7399850069256835,0.1125,1,1.0,0.0
601,38,0.0,2,0,0,1,0,0.0,0.013157894736842105,0,0.0,0.0
730,26,0.0,1,0,0,1,0,0.0,0.1346153846153846,1,0.0,1.0
532,44,148595.55,1,0,1,0,0,1.9855193050100186,0.07954545454545454,1,0.0,0.0
850,53,94078.97,2,0,0,0,0,2.5439440866983904,0.04716981132075472,1,1.0,0.0
779,34,0.0,2,1,0,1,2,0.0,0.16176470588235295,0,0.0,1.0
562,29,0.0,1,1,0,1,1,0.0,0.3275862068965517,1,0.0,0.0
670,40,164948.98,3,0,1,0,0,0.9317624795937389,0.0625,1,1.0,0.0
729,62,140549.4,1,0,1,0,0,4.535144860663492,0.07258064516129033,0,0.0,0.0
767,44,152509.25,1,1,0,0,1,1.1138879525899612,0.056818181818181816,0,0.0,0.0
742,28,191864.51,1,0,1,0,0,1.7690051327234377,0.08928571428571429,0,0.0,0.0
669,44,96418.09,1,0,1,0,0,0.732601917415695,0.19318181818181818,0,0.0,0.0
542,32,131945.94,1,1,0,0,1,0.8260118283274871,0.078125,1,0.0,1.0
586,29,0.0,2,1,0,1,2,0.0,0.1206896551724138,1,0.0,0.0
612,30,142910.15,1,0,1,0,0,1.3495897453573962,0.31666666666666665,1,1.0,0.0
740,37,0.0,2,1,0,1,2,0.0,0.20270270270270271,0,0.0,0.0
584,35,146311.58,1,1,0,0,1,1.3875699692928418,0.1,1,0.0,0.0
524,52,87894.26,1,0,1,0,0,0.5054286815408495,0.04807692307692308,1,0.0,0.0
614,19,97445.49,2,0,0,0,0,0.7933727956527185,0.2894736842105263,0,0.0,0.0
598,64,0.0,1,1,1,1,1,0.0,0.1484375,0,0.0,0.0
799,35,0.0,2,1,0,1,2,0.0,0.21428571428571427,1,0.0,1.0
724,34,154485.74,2,0,0,0,0,1.9664271265212894,0.07352941176470588,1,0.0,0.0
601,50,115625.07,1,0,0,0,0,0.6221211010382705,0.05,1,0.0,0.0
804,25,108396.67,1,0,0,0,0,0.8450140495697039,0.3,1,0.0,0.0
745,38,65095.41,2,1,0,0,2,0.4643091555525376,0.14473684210526316,1,1.0,0.0
667,43,103018.45,1,0,1,0,0,3.173373144332739,0.03488372093023256,1,1.0,0.0
518,38,84764.79,1,1,0,0,1,0.5224174431712078,0.27631578947368424,0,0.0,0.0
819,38,0.0,2,0,0,1,0,0.0,0.27631578947368424,0,0.0,0.0
520,35,115680.81,1,1,0,0,1,1.2813317649091676,0.12857142857142856,0,0.0,1.0
625,39,0.0,2,0,0,1,0,0.0,0.14102564102564102,0,0.0,0.0
673,36,73088.06,2,0,0,0,0,0.3726259061871409,0.1527777777777778,1,1.0,0.0
656,27,150905.03,2,0,0,0,0,8.876912678561764,0.12962962962962962,0,1.0,0.0
850,23,143054.85,1,1,0,0,1,2.271362307556005,0.41304347826086957,0,0.0,1.0
574,28,0.0,2,0,0,1,0,0.0,0.26785714285714285,0,0.0,1.0
679,60,0.0,2,1,0,1,2,0.0,0.10833333333333334,1,0.0,0.0
530,42,99948.45,1,1,0,0,1,1.0268013168738486,0.011904761904761904,0,1.0,0.0
508,44,115451.05,2,0,0,0,0,1.7171188123862855,0.07954545454545454,1,0.0,0.0
558,32,108235.91,1,1,0,0,1,0.7527659491009727,0.140625,1,1.0,0.0
414,38,0.0,1,1,1,1,1,0.0,0.2236842105263158,1,0.0,0.0
648,42,98795.61,2,0,0,0,0,1.1085062674340833,0.05952380952380952,1,0.0,1.0
721,37,0.0,2,0,0,1,0,0.0,0.04054054054054054,0,0.0,0.0
751,31,0.0,2,0,0,1,0,0.0,0.27419354838709675,1,0.0,0.0
662,34,0.0,2,1,0,1,2,0.0,0.07352941176470588,1,0.0,0.0
628,29,113146.98,2,1,0,0,2,0.9069892380028934,0.1206896551724138,1,1.0,0.0
597,39,162532.14,3,0,1,0,0,4.508212199666819,0.21794871794871795,0,1.0,0.0
698,40,92053.44,1,1,0,0,1,0.6406711226386619,0.0125,0,0.0,1.0
723,48,0.0,2,1,0,1,2,0.0,0.15625,1,0.0,0.0
586,28,0.0,3,0,1,1,0,0.0,0.19642857142857142,0,0.0,0.0
633,29,104944.1,1,1,0,0,1,1.0743062478284895,0.29310344827586204,0,1.0,0.0
564,31,0.0,2,0,0,1,0,0.0,0.14516129032258066,1,0.0,0.0
649,31,0.0,2,0,0,1,0,0.0,0.08064516129032258,0,0.0,0.0
622,30,107879.04,1,1,0,0,1,0.5478996434760712,0.15,0,0.0,0.0
459,46,110356.42,1,0,1,0,0,22.203930279489672,0.16304347826086957,1,1.0,0.0
718,27,0.0,2,0,0,1,0,0.0,0.09259259259259259,1,0.0,0.0
655,34,109783.69,2,0,0,0,0,0.8190653776929842,0.1323529411764706,0,0.0,1.0
696,22,149777.0,1,1,0,0,1,0.7563198892230236,0.4318181818181818,1,0.0,0.0
637,38,104339.56,1,0,0,0,0,0.870338676115367,0.09210526315789473,0,0.0,0.0
630,21,85818.18,1,1,0,0,1,0.644748702699332,0.07142857142857142,0,0.0,1.0
592,37,212692.97,1,0,0,0,0,1.2057696653246486,0.12162162162162163,1,0.0,0.0
634,37,89696.84,2,1,0,0,2,0.4643153090512891,0.04054054054054054,1,1.0,0.0
608,28,0.0,2,1,0,1,2,0.0,0.3392857142857143,0,0.0,0.0
565,32,68067.24,1,0,0,0,0,0.4750360426490374,0.296875,0,1.0,0.0
763,67,148564.66,1,1,0,0,1,1.7029927531081854,0.1417910447761194,1,0.0,1.0
665,55,136354.16,1,1,0,0,1,1.4541203565413532,0.15454545454545454,0,0.0,0.0
649,38,122214.0,1,1,0,0,1,1.3737086987613083,0.039473684210526314,1,0.0,0.0
695,45,0.0,2,1,0,1,2,0.0,0.07777777777777778,1,0.0,0.0
775,70,119684.88,2,1,0,0,2,1.6057967327769624,0.09285714285714286,1,1.0,0.0
788,39,135139.33,1,1,0,0,1,1.1950023822349995,0.08974358974358974,0,0.0,0.0
569,42,146100.75,1,0,1,0,0,4.485056182638163,0.2261904761904762,0,1.0,0.0
726,56,123110.9,3,1,1,0,3,0.9461715264015356,0.15178571428571427,0,0.0,1.0
564,44,111760.4,3,1,1,0,3,1.0671953479005232,0.07954545454545454,0,1.0,0.0
544,32,110728.39,1,1,0,0,1,7.60464801636194,0.296875,0,0.0,0.0
614,41,121558.46,1,1,0,0,1,35.476218007762185,0.2073170731707317,0,0.0,0.0
453,38,120623.21,1,0,0,0,0,0.9300242816077442,0.2236842105263158,0,1.0,0.0
471,58,114713.57,1,1,0,0,1,3.158758542715159,0.07758620689655173,0,0.0,0.0
829,37,103457.76,1,0,0,0,0,35.476218007762185,0.0945945945945946,0,1.0,0.0
754,57,101134.87,2,1,0,0,2,1.425329936082393,0.043859649122807015,1,1.0,0.0
749,46,78136.36,2,1,0,0,2,1.0634851544765773,0.22826086956521738,1,1.0,0.0
667,23,0.0,2,0,0,1,0,0.0,0.06521739130434782,1,0.0,0.0
670,30,133446.34,1,0,0,0,0,35.476218007762185,0.11666666666666667,1,0.0,1.0
670,33,0.0,2,1,0,1,2,0.0,0.22727272727272727,0,0.0,0.0
623,48,108076.33,1,0,1,0,0,0.9093027998693548,0.03125,0,1.0,0.0
571,32,131354.25,1,0,0,0,0,1.0486734809476126,0.171875,1,0.0,0.0
641,37,62974.64,2,1,0,0,2,1.6140130193095752,0.20270270270270271,0,1.0,0.0
551,30,143340.44,1,0,0,0,0,0.9831475150909663,0.08333333333333333,0,1.0,0.0
741,36,116993.43,2,0,0,0,0,0.6930183425600777,0.2361111111111111,1,1.0,0.0
472,31,58662.92,2,1,0,0,2,0.8000616450499843,0.14516129032258066,1,0.0,0.0
650,41,128808.65,3,0,1,0,0,1.1330956689886824,0.08536585365853659,1,0.0,1.0
625,45,137555.44,1,0,0,0,0,1.103899165949087,0.16666666666666666,1,0.0,0.0
650,34,142393.11,1,1,0,0,1,12.62632343395865,0.1323529411764706,1,1.0,0.0
535,38,0.0,2,0,0,1,0,0.0,0.2236842105263158,0,0.0,0.0
649,41,125785.23,1,1,0,0,1,1.7835572163711777,0.06097560975609756,0,0.0,0.0
689,22,136444.25,1,0,1,0,0,2.6248743537333175,0.20454545454545456,1,0.0,0.0
694,38,121527.4,1,0,0,0,0,1.0708956361545203,0.19736842105263158,1,0.0,1.0
655,52,144696.75,1,1,0,0,1,2.9513812754210504,0.18269230769230768,1,1.0,0.0
620,36,0.0,2,1,0,1,2,0.0,0.2361111111111111,1,0.0,0.0
577,35,0.0,2,1,0,1,2,0.0,0.3,0,0.0,0.0
401,48,128140.17,1,0,1,0,0,0.7290859326259264,0.17708333333333334,1,1.0,0.0
599,25,120383.41,1,1,0,0,1,4.833881101457632,0.26,1,0.0,0.0
481,57,0.0,3,1,1,1,3,0.0,0.16666666666666666,0,0.0,0.0
704,42,129735.3,2,1,0,0,2,0.7224913857852272,0.20238095238095238,1,0.0,0.0
698,31,185078.26,1,0,1,0,0,1.6046495739419384,0.27419354838709675,0,0.0,1.0
480,28,0.0,2,0,0,1,0,0.0,0.23214285714285715,0,0.0,0.0
682,42,0.0,1,1,0,1,1,0.0,0.011904761904761904,1,0.0,0.0
700,31,0.0,2,1,0,1,2,0.0,0.24193548387096775,1,0.0,1.0
492,29,144591.96,1,1,0,0,1,0.7366063159301858,0.05172413793103448,1,0.0,0.0
444,45,0.0,2,0,1,1,0,0.0,0.1,0,0.0,0.0
624,36,0.0,2,0,0,1,0,0.0,0.18055555555555555,1,0.0,0.0
709,37,0.0,1,0,0,1,0,0.0,0.20270270270270271,1,0.0,0.0
557,68,100194.44,1,1,0,0,1,2.595889768569544,0.03676470588235294,1,1.0,0.0
646,50,145295.31,2,1,0,0,2,5.223492526174029,0.13,1,1.0,0.0
719,28,106070.29,2,1,0,0,2,0.5768002827276167,0.125,1,1.0,0.0
706,47,120621.89,1,1,0,0,1,0.8566609637320345,0.13829787234042554,0,1.0,0.0
660,38,0.0,2,1,0,1,2,0.0,0.19736842105263158,1,0.0,0.0
667,36,0.0,2,1,0,1,2,0.0,0.2638888888888889,1,0.0,0.0
705,30,0.0,1,1,0,1,1,0.0,0.05,1,0.0,0.0
598,27,171283.91,1,1,0,0,1,2.035771012841894,0.3888888888888889,0,1.0,0.0
669,26,0.0,2,1,0,1,2,0.0,0.17307692307692307,1,0.0,0.0
580,38,128218.47,1,0,1,0,0,1.0179718395872552,0.039473684210526314,0,1.0,0.0
676,32,0.0,2,1,0,1,2,0.0,0.171875,0,0.0,0.0
714,28,77776.39,1,0,0,0,0,0.4375899321962931,0.26785714285714285,1,1.0,0.0
597,72,124978.19,2,1,0,0,2,17.490573035185978,0.09027777777777778,0,1.0,0.0
559,29,0.0,2,0,0,1,0,0.0,0.05172413793103448,1,0.0,0.0
564,28,0.0,1,1,0,1,1,0.0,0.05357142857142857,0,0.0,0.0
850,51,109799.55,2,1,1,0,2,8.813039981506988,0.06862745098039216,1,0.0,1.0
689,39,0.0,2,0,0,1,0,0.0,0.19230769230769232,1,0.0,0.0
758,61,125397.21,1,0,1,0,0,0.6882956777637512,0.13934426229508196,0,1.0,0.0
604,71,0.0,2,1,0,1,2,0.0,0.14788732394366197,0,0.0,1.0
733,38,111347.37,2,1,0,0,2,0.5713814420674038,0.25,1,1.0,0.0
778,40,104291.41,2,1,0,0,2,0.8875252099621039,0.2125,1,0.0,1.0
732,61,94867.18,2,1,1,0,2,0.6022219457292199,0.1557377049180328,0,1.0,0.0
646,24,0.0,2,0,0,1,0,0.0,0.3541666666666667,1,0.0,0.0
597,33,135703.59,2,0,0,0,0,1.8129626472776088,0.19696969696969696,0,0.0,0.0
821,37,106453.53,2,1,0,0,2,0.8354931954102375,0.14864864864864866,0,1.0,0.0
640,43,132412.38,1,0,1,0,0,1.90287862522688,0.1744186046511628,1,0.0,0.0
511,40,124401.6,1,0,1,0,0,0.6257146081960318,0.2375,0,1.0,0.0
805,46,118022.06,3,0,1,0,0,0.7256458962710924,0.14130434782608695,1,0.0,0.0
540,39,82531.11,1,0,0,0,0,0.723363693222893,0.038461538461538464,1,1.0,0.0
705,44,184552.12,1,0,1,0,0,2.6800557061803945,0.011363636363636364,1,0.0,1.0
540,39,127278.31,1,1,0,0,1,7.880356057144485,0.11538461538461539,1,1.0,0.0
532,66,0.0,1,1,0,1,1,0.0,0.05303030303030303,0,0.0,1.0
535,45,0.0,2,1,0,1,2,0.0,0.05555555555555555,0,0.0,0.0
627,23,184244.86,1,0,0,0,0,1.7870462352068694,0.2391304347826087,1,1.0,0.0
646,52,59669.43,1,0,1,0,0,0.3459161360723135,0.16346153846153846,1,0.0,0.0
515,25,79543.59,1,1,0,0,1,2.0514767438441712,0.3,0,0.0,0.0
697,39,151553.19,1,1,0,0,1,3.37179816625207,0.16666666666666666,0,0.0,0.0
652,27,166527.88,2,1,0,0,2,1.1405339544835342,0.09259259259259259,1,1.0,0.0
579,28,150329.15,1,0,0,0,0,1.032768267419587,0.23214285714285715,1,1.0,0.0
760,43,121911.59,1,0,0,0,0,0.6306424394013594,0.19767441860465115,1,0.0,0.0
769,51,156773.78,2,0,0,0,0,3.894150320960963,0.18627450980392157,1,0.0,0.0
498,29,127864.26,1,1,0,0,1,2.7392303588987743,0.29310344827586204,1,0.0,1.0
774,53,113709.28,1,1,1,0,1,0.7389048711950886,0.08490566037735849,1,0.0,0.0
705,43,79974.55,1,1,0,0,1,0.7756286458267162,0.1744186046511628,0,1.0,0.0
648,44,0.0,2,1,0,1,2,0.0,0.056818181818181816,0,0.0,0.0
688,51,0.0,1,0,1,1,0,0.0,0.10784313725490197,0,0.0,0.0
592,38,0.0,1,0,1,1,0,0.0,0.013157894736842105,1,0.0,1.0
705,33,144427.96,2,0,0,0,0,1.2686235700992716,0.10606060606060606,1,0.0,0.0
654,42,99263.09,1,1,0,0,1,1.4681956073830518,0.17857142857142858,1,0.0,0.0
624,32,79368.87,2,1,0,0,2,0.5455919843236824,0.078125,0,0.0,0.0
594,30,0.0,2,1,0,1,2,0.0,0.35,0,0.0,0.0
695,34,0.0,2,1,0,1,2,0.0,0.27941176470588236,0,0.0,1.0
597,28,0.0,3,1,0,1,3,0.0,0.08928571428571429,1,0.0,0.0
758,52,125095.94,1,0,1,0,0,0.7307397247854924,0.14423076923076922,0,0.0,0.0
737,40,162485.8,2,0,0,0,0,1.0877177433045624,0.0625,0,1.0,0.0
694,37,95668.82,2,0,0,0,0,0.9534792655318526,0.04054054054054054,1,1.0,0.0
683,25,0.0,2,0,0,1,0,0.0,0.18,1,0.0,0.0
538,30,0.0,2,1,0,1,2,0.0,0.2833333333333333,0,0.0,1.0
669,37,0.0,1,0,0,1,0,0.0,0.12162162162162163,1,0.0,0.0
730,34,74197.38,2,0,0,0,0,0.7658964215477599,0.16176470588235295,0,0.0,0.0
622,31,89688.94,1,1,0,0,1,0.5888715036202993,0.04838709677419355,0,0.0,0.0
714,33,103121.33,2,1,0,0,2,2.0760032460283764,0.3181818181818182,0,0.0,1.0
569,34,0.0,1,0,0,1,0,0.0,0.10294117647058823,0,0.0,1.0
668,59,120170.07,1,1,0,0,1,2.381689914737255,0.09322033898305085,0,1.0,0.0
628,32,149136.31,2,1,0,0,2,9.091953294222863,0.296875,1,0.0,0.0
600,40,141136.79,1,1,0,0,1,2.081515284383133,0.0375,1,0.0,0.0
693,43,152341.55,1,0,0,0,0,16.48222179906911,0.10465116279069768,0,0.0,0.0
704,36,120026.98,2,1,0,0,2,1.193078756411481,0.20833333333333334,1,0.0,0.0
527,33,132168.28,1,0,0,0,0,1.3386142624992214,0.2878787878787879,1,0.0,1.0
553,43,85200.82,2,1,0,0,2,0.530597990012025,0.1511627906976744,1,1.0,0.0
575,53,84903.33,2,1,0,0,2,3.2634040312413517,0.02830188679245283,1,0.0,1.0
626,32,0.0,2,0,0,1,0,0.0,0.015625,0,0.0,0.0
582,20,0.0,1,1,0,1,1,0.0,0.225,1,0.0,0.0
683,40,0.0,1,0,0,1,0,0.0,0.2125,1,0.0,1.0
850,30,121535.18,1,0,0,0,0,3.014678848562315,0.31666666666666665,1,0.0,0.0
653,35,116662.96,2,1,0,0,2,4.888411206102942,0.18571428571428572,1,0.0,1.0
679,60,0.0,2,1,0,1,2,0.0,0.14166666666666666,1,0.0,0.0
549,49,124829.16,1,1,0,0,1,1.3343240085017631,0.1326530612244898,0,1.0,0.0
850,36,155180.56,2,0,0,0,0,0.915970542191453,0.06944444444444445,0,0.0,1.0
558,32,108262.87,1,1,0,0,1,15.608136026215666,0.046875,0,1.0,0.0
528,40,0.0,2,0,0,1,0,0.0,0.1125,1,0.0,1.0
801,38,0.0,2,0,0,1,0,0.0,0.14473684210526316,1,0.0,0.0
513,48,0.0,1,1,1,1,1,0.0,0.052083333333333336,1,0.0,1.0
666,38,99812.88,2,1,0,0,2,0.630295082116283,0.17105263157894737,1,1.0,0.0
606,35,132164.26,1,1,0,0,1,0.8018868731600381,0.07142857142857142,1,0.0,0.0
599,45,103583.05,1,0,1,0,0,0.7839557782643573,0.23333333333333334,1,1.0,0.0
544,39,142406.43,2,0,0,0,0,0.9711397658663193,0.11538461538461539,1,1.0,0.0
529,38,99842.5,2,0,1,0,0,1.1062015536513155,0.19736842105263158,1,0.0,1.0
850,41,0.0,2,1,0,1,2,0.0,0.13414634146341464,0,0.0,0.0
497,41,0.0,1,0,0,1,0,0.0,0.23170731707317074,1,0.0,0.0
764,39,81042.42,1,1,0,0,1,0.7380497835413073,0.14102564102564102,0,0.0,0.0
603,48,0.0,1,0,1,1,0,0.0,0.11458333333333333,0,0.0,0.0
609,40,0.0,2,1,0,1,2,0.0,0.1625,1,0.0,0.0
487,53,199689.49,1,1,1,0,1,8.248611871851875,0.08490566037735849,1,0.0,0.0
748,33,142645.43,1,0,0,0,0,2.063328196424144,0.045454545454545456,1,0.0,0.0
710,75,0.0,2,1,0,1,2,0.0,0.07333333333333333,0,0.0,1.0
432,45,110219.14,1,0,1,0,0,2.5603955612030376,0.07777777777777778,0,1.0,0.0
534,51,0.0,2,1,0,1,2,0.0,0.06862745098039216,1,0.0,1.0
607,25,0.0,2,0,0,1,0,0.0,0.14,1,0.0,0.0
551,32,0.0,2,0,0,1,0,0.0,0.140625,1,0.0,1.0
674,45,142072.02,1,0,0,0,0,3.838301909883993,0.16666666666666666,1,0.0,0.0
525,25,0.0,2,0,0,1,0,0.0,0.26,0,0.0,0.0
645,33,149564.61,1,0,0,0,0,0.9976638069986933,0.25757575757575757,1,1.0,0.0
755,43,0.0,2,0,0,1,0,0.0,0.22093023255813954,0,0.0,0.0
708,37,153366.13,1,1,0,0,1,5.698517166579845,0.22972972972972974,1,1.0,0.0
715,21,76467.16,1,1,0,0,1,0.44070060108561493,0.30952380952380953,1,0.0,0.0
727,26,121508.28,1,1,0,0,1,0.8277895424127732,0.36538461538461536,0,0.0,0.0
559,27,0.0,1,1,0,1,1,0.0,0.05555555555555555,0,0.0,1.0
545,36,73211.12,2,0,1,0,0,0.817194737618757,0.2361111111111111,1,0.0,1.0
524,22,0.0,2,0,0,1,0,0.0,0.4318181818181818,1,0.0,0.0
707,55,0.0,2,1,0,1,2,0.0,0.02727272727272727,0,0.0,0.0
671,38,92674.94,2,0,0,0,0,25.40034588893731,0.013157894736842105,1,0.0,1.0
439,52,96196.24,4,0,1,0,0,0.48370075914823507,0.0673076923076923,1,0.0,1.0
667,36,114391.62,1,1,0,0,1,2.141622142999696,0.041666666666666664,0,1.0,0.0
831,32,80262.66,1,0,0,0,0,0.4118805485414339,0.296875,1,1.0,0.0
545,33,173331.52,1,0,0,0,0,1.1520574942965909,0.22727272727272727,0,0.0,1.0
604,35,147285.52,1,1,0,0,1,2.5478375416572603,0.21428571428571427,0,0.0,1.0
657,67,119785.47,2,1,0,0,2,1.1139174552137845,0.08208955223880597,1,0.0,1.0
487,36,140137.15,1,0,0,0,0,0.7220797825245616,0.041666666666666664,0,0.0,1.0
750,52,107467.56,1,0,1,0,0,0.8513348761801282,0.125,0,1.0,0.0
694,37,98218.04,2,0,1,0,0,0.5386076183296075,0.22972972972972974,0,1.0,0.0
711,35,133607.75,1,1,0,0,1,1.1079751171184498,0.07142857142857142,0,1.0,0.0
551,37,0.0,2,1,0,1,2,0.0,0.0945945945945946,1,0.0,0.0
559,38,95139.41,1,1,0,0,1,1.0989062153846438,0.2236842105263158,0,0.0,0.0
620,29,0.0,2,1,0,1,2,0.0,0.1206896551724138,0,0.0,0.0
660,42,0.0,2,0,0,1,0,0.0,0.13095238095238096,1,0.0,1.0
449,37,0.0,2,0,0,1,0,0.0,0.17567567567567569,0,0.0,0.0
703,26,97331.19,1,0,0,0,0,1.5275187783012436,0.057692307692307696,0,1.0,0.0
795,37,139265.63,2,1,0,0,2,0.7007183607455792,0.06756756756756757,1,1.0,0.0
594,31,0.0,1,1,0,1,1,0.0,0.3064516129032258,0,0.0,0.0
586,34,168094.01,1,0,0,0,0,8.379724730440921,0.16176470588235295,1,0.0,1.0
613,30,131563.88,2,0,0,0,0,0.7710026688938899,0.18333333333333332,0,1.0,0.0
601,44,0.0,2,0,0,1,0,0.0,0.07954545454545454,1,0.0,0.0
657,50,0.0,2,0,0,1,0,0.0,0.19,1,0.0,0.0
531,31,0.0,1,1,0,1,1,0.0,0.11290322580645161,1,0.0,0.0
621,47,107363.29,1,1,0,0,1,1.6072281433550877,0.1595744680851064,1,1.0,0.0
782,33,94493.03,1,1,0,0,1,0.9276082365514616,0.07575757575757576,0,0.0,0.0
528,29,170214.23,2,0,0,0,0,3.4536721111900173,0.3275862068965517,0,1.0,0.0
696,52,139781.06,1,0,1,0,0,5.0928741109945195,0.125,1,0.0,0.0
586,35,0.0,2,0,0,1,0,0.0,0.21428571428571427,0,0.0,0.0
626,26,148610.41,3,1,1,0,3,1.4220680895154991,0.3269230769230769,0,0.0,1.0
498,73,170241.7,2,1,0,0,2,1.0292169178743402,0.03424657534246575,1,0.0,0.0
691,33,128306.83,1,1,0,0,1,1.1296426126054187,0.045454545454545456,0,0.0,0.0
568,47,0.0,2,1,0,1,2,0.0,0.1595744680851064,0,0.0,0.0
715,35,0.0,1,1,0,1,1,0.0,0.1,0,0.0,0.0
680,32,175454.0,1,1,0,0,1,2.268285884641062,0.234375,1,1.0,0.0
802,41,0.0,2,0,0,1,0,0.0,0.15853658536585366,1,0.0,1.0
539,22,100885.93,2,1,0,0,2,2.601919860523835,0.022727272727272728,0,0.0,0.0
494,69,93320.8,1,1,0,0,1,3.810499117206551,0.13768115942028986,1,0.0,0.0
594,38,63176.44,2,1,0,0,2,4.3669102541770695,0.17105263157894737,1,1.0,0.0
596,33,139451.67,1,0,0,0,0,2.2085014170981734,0.07575757575757576,1,0.0,0.0
649,52,49113.75,1,0,0,0,0,1.1733019298160534,0.16346153846153846,0,0.0,0.0
699,32,123906.22,3,1,1,0,3,0.972234257932178,0.046875,1,1.0,0.0
787,40,0.0,2,1,0,1,2,0.0,0.1625,0,0.0,0.0
604,28,0.0,2,0,0,1,0,0.0,0.26785714285714285,1,0.0,0.0
489,52,131441.51,1,0,1,0,0,3.5294734770257925,0.028846153846153848,0,1.0,0.0
651,56,0.0,1,0,1,1,0,0.0,0.044642857142857144,1,0.0,0.0
698,57,136325.48,2,1,1,0,2,1.8790485548847717,0.11403508771929824,1,0.0,0.0
578,38,113150.44,2,0,1,0,0,0.640304121488336,0.11842105263157894,0,1.0,0.0
538,42,0.0,1,0,0,1,0,0.0,0.2261904761904762,0,0.0,1.0
696,33,0.0,2,1,0,1,2,0.0,0.13636363636363635,0,0.0,0.0
507,46,102785.16,1,1,0,0,1,1.4615802020002084,0.18478260869565216,0,1.0,0.0
685,34,83264.28,1,0,0,0,0,8.61567338694657,0.19117647058823528,1,0.0,1.0
705,41,72252.64,2,1,0,0,2,0.5069803557026645,0.10975609756097561,1,1.0,0.0
499,29,148051.52,1,0,0,0,0,1.2480640243105707,0.22413793103448276,0,1.0,0.0
717,76,138489.66,1,1,0,0,1,2.0246688870974956,0.125,0,0.0,0.0
510,63,0.0,2,1,0,1,2,0.0,0.1349206349206349,1,0.0,0.0
632,32,111589.33,1,1,0,0,1,0.6549284941619222,0.203125,1,0.0,0.0
668,39,122104.79,1,0,1,0,0,1.0810740053336203,0.01282051282051282,0,1.0,0.0
744,32,96106.83,1,1,0,0,1,1.2041384588148134,0.140625,1,1.0,0.0
663,42,115930.87,1,0,0,0,0,5.836294501852115,0.17857142857142858,1,1.0,0.0
638,37,124513.66,2,0,0,0,0,0.7850209716308153,0.20270270270270271,0,1.0,0.0
688,54,0.0,1,0,1,1,0,0.0,0.17592592592592593,0,0.0,0.0
588,46,0.0,1,0,0,1,0,0.0,0.18478260869565216,1,0.0,1.0
631,33,0.0,1,1,1,1,1,0.0,0.22727272727272727,1,0.0,0.0
687,35,100988.39,2,0,0,0,0,4.539156977149235,0.24285714285714285,1,0.0,1.0
599,44,118577.24,1,1,0,0,1,3.770399039476596,0.23863636363636365,1,0.0,0.0
718,28,0.0,2,0,0,1,0,0.0,0.23214285714285715,1,0.0,1.0
730,27,0.0,2,1,0,1,2,0.0,0.2037037037037037,1,0.0,0.0
533,39,0.0,1,1,1,1,1,0.0,0.0641025641025641,0,0.0,0.0
711,28,0.0,2,1,0,1,2,0.0,0.19642857142857142,0,0.0,1.0
555,26,0.0,2,1,0,1,2,0.0,0.36538461538461536,0,0.0,1.0
850,42,113311.11,1,1,0,0,1,0.5717160015590725,0.2261904761904762,0,0.0,0.0
678,41,0.0,1,0,0,1,0,0.0,0.23170731707317074,0,0.0,0.0
576,32,0.0,2,0,0,1,0,0.0,0.234375,1,0.0,0.0
835,20,124365.42,1,0,1,0,0,0.6901569899989312,0.225,1,1.0,0.0
592,42,147249.29,2,1,0,0,2,2.336399518786647,0.03571428571428571,1,0.0,0.0
774,36,103688.19,1,1,0,0,1,0.871528973780044,0.20833333333333334,1,0.0,0.0
620,29,138740.24,2,0,0,0,0,0.896824797104568,0.05172413793103448,0,0.0,0.0
519,39,111900.14,1,1,0,0,1,1.1467743246260922,0.11538461538461539,1,0.0,1.0
734,37,152760.24,1,1,0,0,1,3.118096812712409,0.013513513513513514,0,0.0,1.0
763,31,143966.3,2,1,1,0,2,1.0263955188488902,0.24193548387096775,1,1.0,0.0
733,51,141556.96,1,0,0,0,0,1.0873061197308282,0.20588235294117646,1,0.0,0.0
650,43,0.0,2,1,0,1,2,0.0,0.1511627906976744,0,0.0,0.0
538,33,0.0,2,0,0,1,0,0.0,0.16666666666666666,0,0.0,0.0
577,46,0.0,1,1,0,1,1,0.0,0.03260869565217391,0,0.0,0.0
792,30,0.0,2,0,0,1,0,0.0,0.2833333333333333,1,0.0,0.0
686,41,0.0,1,1,1,1,1,0.0,0.25609756097560976,0,0.0,0.0
589,29,0.0,2,1,0,1,2,0.0,0.08620689655172414,1,0.0,0.0
530,25,162560.32,1,0,0,0,0,2.534854887795936,0.38,1,0.0,0.0
778,29,123229.46,1,0,0,0,0,0.6799913851561915,0.25862068965517243,0,1.0,0.0
616,31,76665.71,2,1,0,0,2,0.4680158266206818,0.24193548387096775,1,0.0,1.0
550,38,140278.99,3,1,1,0,3,0.8181533723174051,0.25,1,0.0,0.0
655,51,0.0,2,1,0,1,2,0.0,0.06862745098039216,0,0.0,0.0
721,46,115764.32,2,0,0,0,0,1.1244517458122876,0.03260869565217391,1,0.0,0.0
499,36,131142.53,2,0,0,0,0,0.7497309333106791,0.1527777777777778,1,1.0,0.0
511,45,68375.27,1,0,1,0,0,0.3539802626044303,0.12222222222222222,1,0.0,0.0
579,39,117833.3,3,0,1,0,0,20.204612482853225,0.14102564102564102,0,1.0,0.0
696,36,0.0,2,1,0,1,2,0.0,0.20833333333333334,0,0.0,1.0
681,34,0.0,2,0,0,1,0,0.0,0.22058823529411764,1,0.0,0.0
815,45,0.0,1,1,1,1,1,0.0,0.16666666666666666,1,0.0,0.0
681,30,111093.01,1,0,0,0,0,1.6103472553303164,0.08333333333333333,1,0.0,1.0
641,42,132657.55,1,0,0,0,0,3.750758803320158,0.2261904761904762,1,0.0,1.0
591,56,128882.49,1,1,1,0,1,0.6567496899506295,0.16964285714285715,0,0.0,0.0
565,59,69129.59,1,1,0,0,1,0.40496160281624843,0.16101694915254236,1,1.0,0.0
487,37,0.0,2,1,0,1,2,0.0,0.17567567567567569,1,0.0,0.0
729,39,121404.64,1,1,0,0,1,0.7605893452522025,0.11538461538461539,1,0.0,0.0
505,45,131355.3,3,0,1,0,0,0.6722505995890506,0.2111111111111111,0,0.0,1.0
580,35,102097.33,1,1,0,0,1,0.606686321599103,0.04285714285714286,0,0.0,0.0
642,40,154863.15,1,1,0,0,1,1.1217617719390112,0.0375,1,0.0,0.0
850,41,99945.93,2,0,0,0,0,1.4041232751023422,0.08536585365853659,0,0.0,1.0
616,39,121704.32,2,0,0,0,0,2.190608974878189,0.0641025641025641,1,1.0,0.0
526,43,0.0,2,0,0,1,0,0.0,0.08139534883720931,0,0.0,1.0
523,35,138782.76,1,1,0,0,1,0.7456630786396707,0.24285714285714285,1,1.0,0.0
663,35,0.0,2,1,0,1,2,0.0,0.2714285714285714,1,0.0,0.0
840,30,136291.71,1,0,0,0,0,2.518585817669906,0.2833333333333333,1,0.0,0.0
570,42,107856.57,2,0,0,0,0,0.8457359469752335,0.011904761904761904,1,1.0,0.0
676,26,108348.66,1,0,1,0,0,1.7988333255302682,0.057692307692307696,0,1.0,0.0
689,47,93871.95,3,0,1,0,0,0.5983700730153132,0.031914893617021274,1,0.0,0.0
703,45,0.0,1,0,1,1,0,0.0,0.03333333333333333,0,0.0,1.0
491,19,125860.2,1,0,0,0,0,0.9704583569470628,0.13157894736842105,1,1.0,0.0
584,49,172713.44,1,0,0,0,0,1.5168689132905933,0.17346938775510204,1,0.0,0.0
810,51,0.0,2,1,0,1,2,0.0,0.10784313725490197,0,0.0,0.0
745,59,0.0,1,1,0,1,1,0.0,0.1440677966101695,0,0.0,1.0
625,39,130786.92,1,1,0,0,1,1.0780586771507092,0.08974358974358974,0,0.0,0.0
535,29,112367.34,1,0,0,0,0,0.6053238950058977,0.08620689655172414,0,0.0,0.0
729,45,91091.06,2,0,0,0,0,1.2805536920960012,0.16666666666666666,0,0.0,1.0
655,26,106198.5,1,1,0,0,1,3.316483154088732,0.28846153846153844,0,0.0,0.0
751,47,142669.93,2,0,0,0,0,0.8765557382081169,0.11702127659574468,1,0.0,0.0
525,33,112833.35,1,1,0,0,1,0.6441011154497706,0.045454545454545456,1,0.0,0.0
532,40,0.0,2,1,0,1,2,0.0,0.1375,0,0.0,0.0
696,43,0.0,2,1,0,1,2,0.0,0.10465116279069768,0,0.0,1.0
786,32,104336.43,2,0,0,0,0,1.7517631140342114,0.078125,0,1.0,0.0
580,55,104305.74,1,1,0,0,1,0.5934851885230265,0.11818181818181818,1,0.0,0.0
596,47,140187.1,2,1,0,0,2,0.8042295351504168,0.11702127659574468,1,1.0,0.0
683,39,0.0,2,0,0,1,0,0.0,0.11538461538461539,1,0.0,0.0
747,45,114959.12,1,0,1,0,0,0.6070820764245929,0.03333333333333333,0,0.0,0.0
602,33,164704.38,1,1,1,0,1,0.9113934431218739,0.16666666666666666,1,0.0,0.0
779,62,119096.55,1,1,0,0,1,1.0181029243823394,0.1693548387096774,1,0.0,0.0
551,31,0.0,2,1,0,1,2,0.0,0.04838709677419355,1,0.0,0.0
666,47,0.0,1,0,1,1,0,0.0,0.05319148936170213,1,0.0,0.0
526,30,0.0,1,0,0,1,0,0.0,0.2833333333333333,1,0.0,1.0
849,41,115465.28,1,0,0,0,0,1.1191152938439843,0.23170731707317074,0,0.0,0.0
471,27,0.0,2,0,0,1,0,0.0,0.16666666666666666,0,0.0,0.0
628,43,184926.61,1,0,0,0,0,1.5042196277376578,0.08139534883720931,1,0.0,1.0
674,43,85957.88,2,0,0,0,0,9.814347157411351,0.19767441860465115,1,1.0,0.0
797,32,114084.6,1,1,0,0,1,0.9069932898082091,0.328125,1,0.0,0.0
590,29,166930.76,2,0,0,0,0,1.362825461575118,0.08620689655172414,0,0.0,1.0
588,27,0.0,1,0,0,1,0,0.0,0.3148148148148148,0,0.0,0.0
577,29,0.0,2,1,0,1,2,0.0,0.25862068965517243,1,0.0,0.0
571,38,107193.82,2,0,0,0,0,2.75110319952243,0.17105263157894737,0,0.0,0.0
680,36,116275.12,1,1,0,0,1,1.8225854588317907,0.09722222222222222,1,0.0,0.0
648,27,0.0,2,1,0,1,2,0.0,0.2777777777777778,0,0.0,1.0
618,39,91068.56,1,0,0,0,0,3.426246130033872,0.0641025641025641,1,0.0,0.0
648,41,123049.21,1,1,0,0,1,24.2807887508485,0.13414634146341464,1,1.0,0.0
759,39,0.0,2,1,0,1,2,0.0,0.16666666666666666,0,0.0,0.0
585,40,0.0,2,0,0,1,0,0.0,0.1875,1,0.0,0.0
774,42,137781.65,1,0,0,0,0,0.6912682744523941,0.08333333333333333,0,0.0,0.0
697,48,108128.96,2,1,0,0,2,1.0402479687166442,0.052083333333333336,0,1.0,0.0
605,39,105317.73,2,0,0,0,0,0.7630483205764632,0.2692307692307692,1,0.0,1.0
676,20,80569.73,1,0,0,0,0,1.174092556167045,0.075,1,0.0,0.0
678,22,174852.89,1,1,0,0,1,6.2114570981376245,0.20454545454545456,0,0.0,0.0
495,45,89158.94,3,0,1,0,0,0.6596022690114342,0.07777777777777778,0,0.0,1.0
787,85,0.0,2,1,0,1,2,0.0,0.12352941176470589,0,0.0,0.0
770,36,89800.14,1,1,0,0,1,0.8477814547435045,0.06944444444444445,1,0.0,0.0
817,45,101207.75,1,0,1,0,0,1.1473224994479216,0.2111111111111111,1,1.0,0.0
659,43,106086.42,2,0,0,0,0,3.9434941302813247,0.03488372093023256,1,0.0,0.0
693,21,0.0,2,1,0,1,2,0.0,0.07142857142857142,1,0.0,0.0
744,47,0.0,2,0,0,1,0,0.0,0.20212765957446807,1,0.0,0.0
829,26,101440.36,2,1,0,0,2,5.249041939406483,0.3269230769230769,0,0.0,1.0
716,38,0.0,2,0,0,1,0,0.0,0.11842105263157894,1,0.0,0.0
671,34,106603.74,2,1,0,0,2,4.039748058923684,0.22058823529411764,1,0.0,0.0
835,29,130420.2,2,0,0,0,0,1.2271660383589948,0.3620689655172414,0,1.0,0.0
636,38,0.0,1,0,0,1,0,0.0,0.039473684210526314,0,0.0,0.0
649,29,45022.23,1,1,0,0,1,0.25949895205541873,0.08620689655172414,1,0.0,1.0
621,27,74298.43,1,1,0,0,1,1.41297542017414,0.05555555555555555,1,1.0,0.0
658,31,133003.03,1,1,1,0,1,0.908861450098459,0.11290322580645161,0,1.0,0.0
784,48,0.0,2,1,0,1,2,0.0,0.15625,1,0.0,1.0
783,37,136689.66,1,0,0,0,0,0.6907298008784101,0.04054054054054054,0,0.0,1.0
615,32,0.0,2,1,0,1,2,0.0,0.140625,1,0.0,0.0
791,44,0.0,2,1,1,1,2,0.0,0.125,0,0.0,0.0
762,53,102520.37,1,1,0,0,1,0.6023650911535144,0.02830188679245283,1,0.0,0.0
607,35,0.0,2,1,0,1,2,0.0,0.07142857142857142,1,0.0,0.0
601,34,0.0,2,0,0,1,0,0.0,0.16176470588235295,0,0.0,0.0
540,67,88382.01,1,1,0,0,1,1.4864611995021695,0.022388059701492536,1,0.0,1.0
812,44,115049.15,2,0,0,0,0,0.6971010742222115,0.10227272727272728,1,0.0,0.0
685,58,104796.54,1,1,0,0,1,0.679691931135335,0.02586206896551724,1,0.0,0.0
680,33,123082.08,1,0,0,0,0,0.9119759505602985,0.045454545454545456,1,0.0,0.0
680,58,0.0,2,1,0,1,2,0.0,0.14655172413793102,0,0.0,1.0
631,33,0.0,2,0,0,1,0,0.0,0.25757575757575757,0,0.0,0.0
569,43,0.0,2,1,0,1,2,0.0,0.1744186046511628,0,0.0,0.0
584,33,88311.48,2,1,0,0,2,0.49710271261212485,0.10606060606060606,1,1.0,0.0
582,40,0.0,3,1,0,1,3,0.0,0.2375,0,0.0,0.0
609,32,71872.19,1,1,0,0,1,0.47307397882783647,0.234375,1,0.0,0.0
506,35,110046.93,2,0,0,0,0,4.1811572535128585,0.18571428571428572,1,0.0,1.0
503,42,104430.08,1,1,0,0,1,0.707718846281592,0.20238095238095238,1,0.0,0.0
503,28,0.0,2,0,0,1,0,0.0,0.19642857142857142,0,0.0,0.0
806,31,138653.51,1,0,0,0,0,0.7266789015366892,0.3387096774193548,1,1.0,0.0
653,31,102575.04,1,1,0,0,1,9.287398117078665,0.24193548387096775,0,0.0,0.0
666,43,137780.74,2,1,1,0,2,1.1568390035184408,0.1744186046511628,1,0.0,0.0
674,32,0.0,2,0,0,1,0,0.0,0.078125,1,0.0,1.0
798,32,0.0,2,1,0,1,2,0.0,0.234375,1,0.0,0.0
740,30,105209.54,1,0,0,0,0,35.476218007762185,0.2833333333333333,0,0.0,0.0
531,32,109570.21,2,1,0,0,2,0.6368478642708167,0.015625,0,1.0,0.0
614,44,118715.86,1,0,1,0,0,0.8886442470292595,0.14772727272727273,0,1.0,0.0
556,35,0.0,2,1,0,1,2,0.0,0.3,1,0.0,0.0
678,43,153393.18,2,1,0,0,2,0.7913829526366167,0.05813953488372093,0,1.0,0.0
587,33,132603.36,1,0,0,0,0,2.377396160978989,0.19696969696969696,1,1.0,0.0
527,36,0.0,2,1,0,1,2,0.0,0.18055555555555555,0,0.0,1.0
757,34,129398.01,2,0,0,0,0,2.8776574262939203,0.04411764705882353,0,1.0,0.0
468,28,0.0,2,0,0,1,0,0.0,0.125,1,0.0,1.0
693,29,151352.74,1,0,0,0,0,0.767715585064517,0.08620689655172414,1,0.0,0.0
483,44,136836.49,1,0,1,0,0,0.7113529308710865,0.125,0,0.0,0.0
466,40,91592.06,1,0,1,0,0,0.6486176236187532,0.1125,1,0.0,0.0
770,30,0.0,2,0,0,1,0,0.0,0.2833333333333333,0,0.0,0.0
734,54,0.0,1,0,1,1,0,0.0,0.06481481481481481,0,0.0,0.0
716,22,0.0,2,1,0,1,2,0.0,0.38636363636363635,0,0.0,0.0
439,36,165536.28,2,1,0,0,2,1.3354241519071446,0.06944444444444445,1,0.0,0.0
538,25,62482.95,1,1,0,0,1,0.6080507647813929,0.22,1,1.0,0.0
743,40,68155.59,1,0,0,0,0,0.71835242546585,0.2125,1,0.0,0.0
734,43,55853.33,2,1,1,0,2,0.5890902973594824,0.08139534883720931,0,0.0,1.0
656,37,0.0,2,1,0,1,2,0.0,0.06756756756756757,1,0.0,0.0
666,31,79589.43,1,0,0,0,0,19.64409599241775,0.08064516129032258,0,0.0,0.0
627,41,100880.76,1,1,0,0,1,0.7491168722675503,0.13414634146341464,1,0.0,1.0
480,25,174330.35,2,0,0,0,0,0.9597145316056929,0.14,0,1.0,0.0
792,19,143390.51,1,0,0,0,0,4.308111984674846,0.39473684210526316,1,0.0,0.0
613,59,91415.76,1,0,1,0,0,3.268817850246728,0.1440677966101695,1,1.0,0.0
476,30,134366.42,1,0,0,0,0,1.9660157147909278,0.11666666666666667,1,1.0,0.0
539,24,0.0,2,1,0,1,2,0.0,0.14583333333333334,0,0.0,0.0
696,60,88786.81,1,1,0,0,1,0.4510163598995019,0.14166666666666666,1,0.0,1.0
810,35,96814.46,2,1,0,0,2,0.8033592994823837,0.1,1,1.0,0.0
763,32,160680.41,1,0,0,0,0,5.202142948488621,0.296875,1,1.0,0.0
640,29,0.0,2,0,0,1,0,0.0,0.1206896551724138,0,0.0,0.0
655,47,0.0,2,0,0,1,0,0.0,0.22340425531914893,0,0.0,0.0
526,31,145537.21,1,0,0,0,0,1.0991768175434218,0.1774193548387097,1,1.0,0.0
678,28,0.0,2,1,1,1,2,0.0,0.16071428571428573,0,0.0,0.0
554,45,0.0,2,1,0,1,2,0.0,0.14444444444444443,0,0.0,0.0
597,30,119370.11,1,1,1,0,1,0.6532694472120792,0.08333333333333333,0,0.0,1.0
560,28,0.0,2,1,0,1,2,0.0,0.05357142857142857,0,0.0,1.0
850,47,134381.52,1,0,1,0,0,5.011638371008458,0.22340425531914893,0,1.0,0.0
546,74,114888.74,2,1,1,0,2,1.7216018370347903,0.11486486486486487,0,1.0,0.0
623,42,149332.48,2,0,0,0,0,1.480955562947153,0.03571428571428571,1,1.0,0.0
698,40,105061.74,3,0,1,0,0,0.9744512680873609,0.1875,0,0.0,0.0
620,32,0.0,2,1,0,1,2,0.0,0.234375,1,0.0,0.0
619,40,0.0,1,1,1,1,1,0.0,0.2625,0,0.0,0.0
561,21,0.0,1,1,0,1,1,0.0,0.21428571428571427,1,0.0,0.0
753,39,155062.8,1,1,0,0,1,9.419570313520355,0.19230769230769232,0,0.0,0.0
721,43,88798.34,1,0,0,0,0,1.946835489106616,0.08139534883720931,1,0.0,1.0
451,33,0.0,2,0,0,1,0,0.0,0.19696969696969696,1,0.0,0.0
680,51,143139.87,1,0,1,0,0,2.994781618627165,0.10784313725490197,0,1.0,0.0
590,23,0.0,2,0,0,1,0,0.0,0.32608695652173914,0,0.0,1.0
634,27,107027.52,1,0,0,0,0,0.6171341110837156,0.12962962962962962,1,1.0,0.0
676,29,140720.93,1,0,0,0,0,3.884938178762294,0.15517241379310345,1,0.0,0.0
642,30,80964.57,2,0,0,0,0,0.4633452024502802,0.2833333333333333,1,0.0,0.0
760,39,178585.46,1,0,1,0,0,2.6602017210791224,0.16666666666666666,1,0.0,0.0
736,26,135889.13,1,1,0,0,1,0.8201258073438575,0.17307692307692307,0,0.0,1.0
656,43,134919.85,1,0,0,0,0,0.6929878560060855,0.1744186046511628,1,0.0,0.0
776,33,115130.34,1,0,1,0,0,0.8888554851709881,0.25757575757575757,1,1.0,0.0
832,34,138190.13,2,1,0,0,2,0.9431987916364644,0.19117647058823528,0,0.0,1.0
631,37,131519.49,2,1,0,0,2,2.5412832602750206,0.25675675675675674,1,1.0,0.0
795,56,0.0,1,0,1,1,0,0.0,0.09821428571428571,0,0.0,1.0
648,39,126935.98,2,1,0,0,2,2.1886743979058134,0.08974358974358974,0,1.0,0.0
615,39,133707.09,1,1,0,0,1,1.2362686453312992,0.11538461538461539,1,0.0,0.0
682,27,97893.2,1,0,0,0,0,0.5891999312893396,0.05555555555555555,0,0.0,0.0
694,34,127900.03,1,0,0,0,0,1.2571411300310205,0.16176470588235295,1,0.0,0.0
694,37,143835.47,1,1,0,0,1,4.315792174139777,0.28378378378378377,1,0.0,0.0
607,44,0.0,2,1,0,1,2,0.0,0.011363636363636364,1,0.0,0.0
664,48,0.0,1,0,1,1,0,0.0,0.21875,1,0.0,0.0
756,60,0.0,1,1,1,1,1,0.0,0.041666666666666664,1,0.0,0.0
645,40,129596.77,1,1,0,0,1,1.2553739286433874,0.0875,0,0.0,0.0
653,30,0.0,2,0,0,1,0,0.0,0.15,1,0.0,1.0
710,24,110407.44,2,0,1,0,0,6.9730589013246025,0.10416666666666667,0,1.0,0.0
697,76,0.0,2,1,0,1,2,0.0,0.09868421052631579,0,0.0,0.0
619,41,142015.76,2,0,0,0,0,1.2422145843250267,0.2073170731707317,0,1.0,0.0
648,55,81370.07,1,1,0,0,1,0.4482334099246074,0.02727272727272727,1,0.0,1.0
482,48,69329.47,1,0,1,0,0,0.6754524874534203,0.052083333333333336,0,1.0,0.0
548,28,116755.5,2,1,1,0,2,0.7362275033188581,0.30357142857142855,0,0.0,0.0
752,44,83870.33,1,0,0,0,0,0.46927489676216705,0.14772727272727273,1,0.0,1.0
648,39,130694.89,2,1,1,0,2,0.8489085674786585,0.16666666666666666,0,0.0,0.0
643,34,117451.47,1,0,0,0,0,1.7965571695729892,0.25,0,0.0,1.0
573,35,206868.78,2,1,0,0,2,2.0086853554059902,0.2714285714285714,0,1.0,0.0
686,39,111695.62,1,0,0,0,0,0.8174155716381241,0.08974358974358974,0,0.0,0.0
644,40,137285.26,4,0,1,0,0,1.781430209941967,0.2375,0,0.0,0.0
702,29,149218.39,1,1,0,0,1,15.488710308583862,0.22413793103448276,0,0.0,0.0
652,51,0.0,2,1,0,1,2,0.0,0.14705882352941177,1,0.0,0.0
641,32,0.0,2,1,0,1,2,0.0,0.234375,1,0.0,1.0
692,41,130701.29,1,0,1,0,0,2.2020177157063134,0.2073170731707317,0,1.0,0.0
574,34,0.0,2,0,0,1,0,0.0,0.16176470588235295,1,0.0,1.0
643,31,167949.48,1,0,0,0,0,1.173131892564116,0.11290322580645161,0,0.0,0.0
834,23,131254.81,1,0,0,0,0,6.4976663712915155,0.1956521739130435,1,0.0,0.0
591,28,0.0,2,1,0,1,2,0.0,0.19642857142857142,1,0.0,0.0
470,34,0.0,2,1,0,1,2,0.0,0.27941176470588236,1,0.0,1.0
608,34,86656.13,1,1,0,0,1,1.4468903575127536,0.22058823529411764,1,0.0,1.0
649,37,114737.26,1,1,1,0,1,1.075760513527116,0.22972972972972974,0,1.0,0.0
665,38,0.0,2,0,0,1,0,0.0,0.14473684210526316,0,0.0,0.0
651,39,0.0,1,0,0,1,0,0.0,0.16666666666666666,0,0.0,0.0
555,62,119817.33,1,1,1,0,1,2.753908582539803,0.07258064516129033,1,1.0,0.0
637,48,130806.99,2,1,1,0,2,0.9909106231987204,0.15625,0,0.0,0.0
675,49,0.0,1,1,1,1,1,0.0,0.01020408163265306,0,0.0,0.0
677,40,0.0,2,0,0,1,0,0.0,0.1375,1,0.0,1.0
850,35,80931.75,1,0,1,0,0,6.40248895034836,0.07142857142857142,0,1.0,0.0
815,56,0.0,3,1,1,1,3,0.0,0.0625,0,0.0,0.0
665,32,132178.67,1,0,0,0,0,11.13856435960616,0.046875,1,1.0,0.0
485,27,0.0,2,0,0,1,0,0.0,0.12962962962962962,0,0.0,0.0
577,43,0.0,2,1,0,1,2,0.0,0.1511627906976744,1,0.0,1.0
586,35,164769.02,3,0,1,0,0,1.375192389950361,0.21428571428571427,0,0.0,0.0
722,29,107233.85,2,0,0,0,0,4.302101988612658,0.05172413793103448,1,1.0,0.0
528,27,176227.07,2,1,0,0,2,1.2634347111426787,0.2777777777777778,0,0.0,0.0
542,39,109949.39,2,1,0,0,2,2.664170643560098,0.11538461538461539,0,0.0,0.0
552,34,0.0,2,1,0,1,2,0.0,0.16176470588235295,0,0.0,0.0
678,60,117738.81,1,0,1,0,0,0.7982792277970497,0.175,0,0.0,0.0
575,37,133292.45,1,0,0,0,0,1.198930903218489,0.25675675675675674,0,0.0,1.0
669,43,160474.59,1,1,0,0,1,1.6722349619347394,0.03488372093023256,0,0.0,0.0
636,43,0.0,2,0,0,1,0,0.0,0.1511627906976744,1,0.0,0.0
667,55,154393.43,1,1,1,0,1,1.1214262097754757,0.17272727272727273,1,1.0,0.0
652,45,110827.49,1,1,1,0,1,0.7225466790851282,0.2111111111111111,0,1.0,0.0
637,36,145750.45,2,1,0,0,2,1.5078398117311336,0.2916666666666667,0,1.0,0.0
516,45,109044.3,1,1,0,0,1,0.9415048425493675,0.18888888888888888,0,0.0,1.0
801,32,75170.54,1,1,0,0,1,1.98341772318896,0.140625,0,0.0,0.0
692,42,0.0,2,0,0,1,0,0.0,0.05952380952380952,0,0.0,0.0
585,28,105795.9,1,1,0,0,1,2.566610116571798,0.23214285714285715,0,0.0,0.0
590,32,0.0,2,0,0,1,0,0.0,0.171875,1,0.0,0.0
554,66,0.0,2,1,0,1,2,0.0,0.12878787878787878,1,0.0,1.0
659,49,0.0,1,0,1,1,0,0.0,0.030612244897959183,0,0.0,0.0
690,26,118097.87,1,0,0,0,0,1.9278505645635085,0.1346153846153846,0,0.0,0.0
697,29,172693.54,1,0,0,0,0,1.2178671675412083,0.017241379310344827,1,1.0,0.0
610,36,129440.3,2,0,0,0,0,1.2611176902425825,0.125,1,0.0,0.0
599,36,0.0,2,0,0,1,0,0.0,0.125,1,0.0,1.0
544,23,96471.2,1,0,0,0,0,2.7135261421518972,0.06521739130434782,1,0.0,0.0
548,46,0.0,1,1,1,1,1,0.0,0.03260869565217391,0,0.0,0.0
635,24,140197.18,1,1,0,0,1,0.9808331414653593,0.1875,1,0.0,1.0
722,20,0.0,2,0,0,1,0,0.0,0.325,1,0.0,0.0
564,33,135946.26,1,0,0,0,0,2.152035902550221,0.13636363636363635,0,0.0,0.0
719,69,0.0,2,1,0,1,2,0.0,0.050724637681159424,1,0.0,0.0
547,50,81290.02,3,1,1,0,3,0.45733288858391286,0.07,1,1.0,0.0
850,42,0.0,1,0,1,1,0,0.0,0.20238095238095238,0,0.0,0.0
515,60,113715.36,1,0,1,0,0,6.17171662350124,0.15833333333333333,1,1.0,0.0
667,56,168883.08,1,1,0,0,1,8.936189531811047,0.044642857142857144,1,0.0,1.0
607,36,143421.74,1,0,0,0,0,1.4652810655330881,0.2361111111111111,1,1.0,0.0
525,26,153644.39,1,1,0,0,1,2.431125203484619,0.28846153846153844,1,0.0,0.0
606,53,109330.06,1,1,0,0,1,1.4411890904168032,0.02830188679245283,0,0.0,1.0
686,27,115095.88,2,0,0,0,0,1.4638872417978044,0.05555555555555555,0,1.0,0.0
611,35,0.0,1,1,1,1,1,0.0,0.3,1,0.0,0.0
827,46,183276.32,1,1,0,0,1,13.61508386652968,0.03260869565217391,1,0.0,1.0
572,33,68193.72,1,0,0,0,0,3.409803638225519,0.2878787878787879,1,0.0,0.0
726,32,0.0,2,0,0,1,0,0.0,0.265625,0,0.0,0.0
579,31,139729.54,1,1,0,0,1,1.0288121359146813,0.20967741935483872,1,1.0,0.0
598,56,98365.33,1,1,0,0,1,2.222828266895777,0.08035714285714286,0,0.0,1.0
663,36,0.0,2,0,0,1,0,0.0,0.2916666666666667,1,0.0,0.0
505,37,122453.97,2,1,0,0,2,2.3238256616046424,0.28378378378378377,0,1.0,0.0
576,30,132174.41,2,0,0,0,0,1.409589281122788,0.25,1,1.0,0.0
555,24,0.0,2,1,0,1,2,0.0,0.10416666666666667,0,0.0,1.0
524,30,0.0,2,0,0,1,0,0.0,0.05,1,0.0,0.0
776,39,104349.45,1,0,0,0,0,1.3125048346593664,0.0641025641025641,1,0.0,1.0
645,41,138881.04,1,0,1,0,0,1.0688293058979959,0.06097560975609756,0,1.0,0.0
850,32,116968.91,1,0,0,0,0,0.6680287605138268,0.015625,0,1.0,0.0
603,35,105346.03,2,1,0,0,2,0.8079891548199308,0.04285714285714286,1,1.0,0.0
691,26,136623.19,1,0,0,0,0,0.8916274987110795,0.36538461538461536,1,0.0,0.0
583,29,0.0,2,1,0,1,2,0.0,0.3620689655172414,0,0.0,0.0
584,66,0.0,1,0,1,1,0,0.0,0.08333333333333333,0,0.0,0.0
679,33,0.0,2,1,0,1,2,0.0,0.19696969696969696,0,0.0,0.0
646,36,124445.52,1,0,0,0,0,1.406445038963716,0.18055555555555555,1,0.0,0.0
559,34,68999.66,2,1,0,0,2,1.0316893158475586,0.16176470588235295,0,0.0,0.0
595,36,85768.42,1,1,0,0,1,3.4578783789722287,0.18055555555555555,1,0.0,1.0
527,47,0.0,1,0,1,1,0,0.0,0.031914893617021274,1,0.0,0.0
684,34,100628.0,2,1,0,0,2,0.5288840110082381,0.27941176470588236,1,0.0,1.0
673,32,0.0,1,1,0,1,1,0.0,0.015625,0,0.0,1.0
802,38,0.0,2,1,0,1,2,0.0,0.19736842105263158,1,0.0,1.0
675,54,0.0,1,0,1,1,0,0.0,0.12037037037037036,1,0.0,0.0
762,19,0.0,2,0,0,1,0,0.0,0.34210526315789475,0,0.0,1.0
580,50,125647.36,1,0,1,0,0,2.1835734822237916,0.01,1,0.0,0.0
621,31,100375.39,1,1,0,0,1,1.1105283095938432,0.27419354838709675,0,1.0,0.0
411,36,0.0,1,0,0,1,0,0.0,0.2916666666666667,0,0.0,0.0
815,24,171922.72,1,1,0,0,1,0.9656954368803993,0.3125,1,0.0,0.0
631,32,146810.99,2,1,0,0,2,0.8111494757565405,0.078125,0,1.0,0.0
514,45,109032.23,1,1,1,0,1,0.7015860358986182,0.07777777777777778,0,1.0,0.0
638,57,0.0,1,0,1,1,0,0.0,0.11403508771929824,1,0.0,0.0
791,25,0.0,1,0,0,1,0,0.0,0.3,1,0.0,1.0
516,35,128653.59,1,0,0,0,0,1.0085789930107778,0.15714285714285714,1,0.0,0.0
734,37,80387.81,1,1,0,0,1,1.0403008167599759,0.0945945945945946,1,0.0,0.0
611,58,0.0,2,1,1,1,2,0.0,0.14655172413793102,1,0.0,0.0
850,43,108508.82,3,0,1,0,0,0.5895750948948578,0.011627906976744186,1,1.0,0.0
641,31,155978.17,1,0,0,0,0,1.7044613197589686,0.3387096774193548,1,0.0,0.0
585,38,0.0,1,1,0,1,1,0.0,0.14473684210526316,0,0.0,0.0
552,50,121175.56,1,0,1,0,0,1.0312280888978755,0.09,1,1.0,0.0
507,29,89349.47,2,0,0,0,0,0.4946610065522627,0.15517241379310345,0,0.0,0.0
735,38,86131.71,2,0,0,0,0,0.9213922427865823,0.19736842105263158,1,0.0,1.0
707,58,102346.86,1,1,0,0,1,0.8925055487904631,0.0603448275862069,0,0.0,0.0
698,36,121263.62,1,1,0,0,1,9.057039871893691,0.20833333333333334,0,1.0,0.0
841,31,0.0,2,0,0,1,0,0.0,0.08064516129032258,1,0.0,0.0
688,33,0.0,1,0,1,1,0,0.0,0.07575757575757576,0,0.0,1.0
614,51,0.0,2,1,0,1,2,0.0,0.06862745098039216,1,0.0,0.0
511,48,149726.08,1,0,1,0,0,1.695481778897182,0.13541666666666666,1,1.0,0.0
447,43,0.0,2,0,1,1,0,0.0,0.05813953488372093,1,0.0,0.0
738,35,161274.05,2,0,0,0,0,0.8889008248706518,0.15714285714285714,1,0.0,0.0
422,33,0.0,2,0,0,1,0,0.0,0.07575757575757576,0,0.0,0.0
537,30,103138.17,1,1,0,0,1,1.0681648097557883,0.05,1,0.0,1.0
707,40,109628.44,1,0,0,0,0,0.5789204171391398,0.0875,0,1.0,0.0
690,54,0.0,1,0,1,1,0,0.0,0.10185185185185185,1,0.0,0.0
664,33,97286.16,2,0,0,0,0,0.6782627283161571,0.22727272727272727,1,1.0,0.0
850,33,118004.26,1,0,0,0,0,0.6413804138841454,0.22727272727272727,0,0.0,0.0
584,32,85534.83,1,0,0,0,0,0.5057095899779968,0.296875,1,0.0,1.0
728,59,0.0,1,1,1,1,1,0.0,0.07627118644067797,0,0.0,0.0
560,43,95140.44,2,0,1,0,0,0.7723539166783837,0.10465116279069768,0,0.0,1.0
629,31,0.0,1,1,1,1,1,0.0,0.20967741935483872,0,0.0,0.0
658,25,0.0,2,1,0,1,2,0.0,0.14,1,0.0,0.0
794,54,75900.84,1,1,0,0,1,0.39499663970345705,0.027777777777777776,0,1.0,0.0
790,41,126619.27,1,0,0,0,0,0.6387641683421165,0.06097560975609756,0,0.0,0.0
640,44,111833.47,1,0,0,0,0,1.6640959268040736,0.17045454545454544,1,0.0,0.0
652,37,0.0,2,0,0,1,0,0.0,0.20270270270270271,1,0.0,1.0
583,57,238387.56,1,1,1,0,1,1.6110969824890167,0.06140350877192982,0,0.0,0.0
775,32,108698.96,2,1,0,0,2,0.674852345922813,0.078125,0,0.0,0.0
584,39,112687.69,1,1,0,0,1,0.882091208801273,0.0641025641025641,0,0.0,0.0
635,48,81556.89,2,0,0,0,0,0.42496278437730134,0.09375,0,1.0,0.0
814,48,136596.85,1,1,0,0,1,0.7352102798330831,0.19791666666666666,1,0.0,0.0
735,43,98807.45,1,0,1,0,0,0.5353356084464821,0.22093023255813954,0,1.0,0.0
678,31,0.0,2,1,0,1,2,0.0,0.04838709677419355,0,0.0,0.0
693,37,0.0,2,1,0,1,2,0.0,0.04054054054054054,1,0.0,0.0
640,30,107499.7,1,1,0,0,1,0.5729246665382601,0.21666666666666667,0,0.0,0.0
773,23,0.0,2,0,0,1,0,0.0,0.3695652173913043,0,0.0,1.0
736,30,0.0,2,0,0,1,0,0.0,0.31666666666666665,0,0.0,0.0
693,28,0.0,2,1,0,1,2,0.0,0.30357142857142855,0,0.0,0.0
496,41,176024.05,2,0,0,0,0,0.9653670871691833,0.036585365853658534,0,0.0,0.0
751,39,0.0,2,1,0,1,2,0.0,0.08974358974358974,0,0.0,0.0
528,39,127631.62,1,1,1,0,1,5.749482854929095,0.01282051282051282,1,1.0,0.0
754,19,0.0,1,0,0,1,0,0.0,0.5,0,0.0,1.0
568,26,109819.16,2,0,0,0,0,0.7108386374241475,0.40384615384615385,0,1.0,0.0
592,41,138734.94,1,0,0,0,0,1.5411270655288378,0.06097560975609756,0,0.0,1.0
558,25,111363.1,2,0,0,0,0,0.5645345216481252,0.42,1,1.0,0.0
825,34,0.0,2,1,0,1,2,0.0,0.27941176470588236,1,0.0,0.0
677,28,143988.0,2,0,1,0,0,16.443199428094406,0.017857142857142856,1,1.0,0.0
653,34,118838.75,1,1,0,0,1,2.249833541993517,0.16176470588235295,1,0.0,0.0
593,35,161637.75,1,1,0,0,1,8.078066574510258,0.12857142857142856,1,0.0,1.0
632,44,133793.89,1,1,1,0,1,3.865965925935344,0.07954545454545454,0,0.0,0.0
601,35,71553.83,1,0,0,0,0,0.40338049146646465,0.24285714285714285,1,1.0,0.0
786,62,0.0,1,1,0,1,1,0.0,0.13709677419354838,0,0.0,0.0
654,40,0.0,2,0,0,1,0,0.0,0.0875,0,0.0,0.0
572,38,0.0,2,1,0,1,2,0.0,0.19736842105263158,0,0.0,0.0
813,62,64667.95,2,1,0,0,2,0.46041711253856565,0.1693548387096774,0,0.0,0.0
523,28,121164.11,1,1,0,0,1,2.0214296641914613,0.08928571428571429,0,0.0,0.0
506,50,0.0,2,0,0,1,0,0.0,0.07,1,0.0,1.0
513,72,98903.06,1,1,0,0,1,1.2172348725401292,0.04861111111111111,1,0.0,1.0
664,31,104158.84,1,0,0,0,0,0.7763149745268811,0.24193548387096775,0,0.0,0.0
684,54,0.0,2,1,0,1,2,0.0,0.12037037037037036,1,0.0,0.0
608,63,139529.93,2,1,1,0,2,0.7941501729453111,0.05555555555555555,0,0.0,1.0
527,25,0.0,2,1,0,1,2,0.0,0.26,0,0.0,0.0
666,53,64646.7,1,0,1,0,0,0.5049715483022716,0.10377358490566038,1,0.0,0.0
779,71,0.0,2,1,1,1,2,0.0,0.04929577464788732,1,0.0,0.0
629,40,0.0,2,1,0,1,2,0.0,0.1625,0,0.0,0.0
430,35,118894.22,1,0,0,0,0,35.476218007762185,0.04285714285714286,1,0.0,0.0
712,24,0.0,1,1,0,1,1,0.0,0.10416666666666667,1,0.0,0.0
682,30,0.0,2,1,0,1,2,0.0,0.31666666666666665,1,0.0,0.0
634,41,68213.99,1,1,0,0,1,10.68605270495938,0.2073170731707317,0,0.0,0.0
487,31,0.0,2,0,0,1,0,0.0,0.04838709677419355,0,0.0,1.0
808,47,139196.0,1,1,0,0,1,1.8802810128305851,0.18085106382978725,1,0.0,1.0
527,32,0.0,2,1,0,1,2,0.0,0.234375,0,0.0,0.0
637,50,126345.55,1,1,1,0,1,7.293093396444239,0.09,1,1.0,0.0
802,40,0.0,2,1,0,1,2,0.0,0.1375,1,0.0,1.0
529,38,0.0,1,0,1,1,0,0.0,0.06578947368421052,0,0.0,0.0
850,43,0.0,2,0,0,1,0,0.0,0.08139534883720931,0,0.0,0.0
738,18,0.0,2,1,0,1,2,0.0,0.25,1,0.0,0.0
817,34,129278.43,1,0,0,0,0,0.7808373495082017,0.16176470588235295,1,0.0,0.0
735,31,119558.35,1,0,0,0,0,1.6393872753490124,0.11290322580645161,1,0.0,0.0
619,41,92467.58,1,0,0,0,0,2.4160968993351966,0.13414634146341464,0,1.0,0.0
671,27,0.0,2,0,0,1,0,0.0,0.2037037037037037,1,0.0,0.0
581,31,0.0,2,0,0,1,0,0.0,0.20967741935483872,0,0.0,1.0
690,36,0.0,2,0,0,1,0,0.0,0.2916666666666667,1,0.0,1.0
579,56,99340.83,1,0,1,0,0,21.9550360904715,0.08035714285714286,1,0.0,1.0
688,24,0.0,2,1,0,1,2,0.0,0.14583333333333334,0,0.0,1.0
599,28,126833.79,2,0,1,0,0,2.084570415959874,0.16071428571428573,0,0.0,1.0
729,29,109676.52,1,1,0,0,1,4.292712138451404,0.1896551724137931,1,1.0,0.0
718,29,0.0,1,1,0,1,1,0.0,0.1206896551724138,0,0.0,0.0
712,53,134729.99,2,1,0,0,2,1.015269739398256,0.12264150943396226,1,1.0,0.0
474,37,98431.37,1,0,0,0,0,1.3002919176152425,0.0945945945945946,1,0.0,0.0
565,33,130368.31,2,0,0,0,0,1.234040867472781,0.25757575757575757,1,1.0,0.0
658,31,123974.96,1,0,0,0,0,1.2135995634074774,0.24193548387096775,0,0.0,0.0
714,63,138082.16,1,1,0,0,1,0.8284339423659458,0.07142857142857142,1,0.0,0.0
725,45,129855.32,1,0,0,0,0,5.361568808797815,0.03333333333333333,1,0.0,0.0
825,40,132308.22,1,0,0,0,0,1.1296470819263427,0.1625,1,0.0,0.0
665,45,155447.65,2,0,1,0,0,2.9966996286118297,0.12222222222222222,0,1.0,0.0
670,35,124268.64,2,1,0,0,2,1.4737387133587747,0.07142857142857142,1,0.0,1.0
474,34,176311.36,1,0,0,0,0,1.1004722613035656,0.27941176470588236,0,1.0,0.0
591,40,99886.42,2,1,0,0,2,1.1261635928217435,0.0625,1,0.0,0.0
508,31,0.0,2,1,0,1,2,0.0,0.24193548387096775,0,0.0,0.0
695,36,0.0,2,1,0,1,2,0.0,0.06944444444444445,0,0.0,0.0
660,24,85089.3,1,1,0,0,1,1.1877510853026982,0.22916666666666666,1,1.0,0.0
687,41,134318.21,2,1,0,0,2,0.6781503918501312,0.25609756097560976,1,1.0,0.0
658,29,75395.53,2,1,0,0,2,1.3729266485929763,0.1896551724137931,1,1.0,0.0
705,33,116765.7,1,0,1,0,0,0.6124283850161257,0.16666666666666666,0,1.0,0.0
739,60,0.0,1,1,0,1,1,0.0,0.075,1,0.0,1.0
844,38,111501.66,1,1,0,0,1,0.9343632572608161,0.19736842105263158,1,0.0,0.0
602,48,76595.08,2,0,0,0,0,0.6026546518249886,0.15625,0,1.0,0.0
759,33,160541.36,2,0,0,0,0,1.716246389060588,0.2878787878787879,0,0.0,0.0
747,38,129728.6,1,0,0,0,0,1.4528817946447632,0.06578947368421052,1,1.0,0.0
673,47,0.0,2,0,0,1,0,0.0,0.031914893617021274,1,0.0,0.0
671,34,130929.02,4,1,1,0,4,4.636419876590207,0.16176470588235295,0,0.0,1.0
640,74,116800.25,1,1,0,0,1,3.422073144898998,0.033783783783783786,0,1.0,0.0
581,40,101016.53,1,1,1,0,1,12.742786681551841,0.0125,1,1.0,0.0
630,67,0.0,2,1,0,1,2,0.0,0.08208955223880597,1,0.0,0.0
703,33,190566.65,1,1,0,0,1,2.382138509720351,0.25757575757575757,0,0.0,0.0
698,47,0.0,1,0,1,1,0,0.0,0.13829787234042554,0,0.0,1.0
742,43,97067.69,1,1,1,0,1,1.593336324090384,0.1511627906976744,0,1.0,0.0
652,37,92208.54,1,1,1,0,1,0.4664044859707194,0.12162162162162163,0,0.0,0.0
644,37,186347.97,2,0,0,0,0,2.0078278664546656,0.06756756756756757,1,0.0,0.0
735,55,103176.62,1,1,0,0,1,0.6309834392916315,0.045454545454545456,1,0.0,1.0
777,58,0.0,1,1,1,1,1,0.0,0.07758620689655173,0,0.0,0.0
644,40,77270.08,2,1,1,0,2,0.6672655095676984,0.1125,0,1.0,0.0
665,37,111911.63,1,1,1,0,1,1.0140534654190243,0.0945945945945946,0,1.0,0.0
529,72,94216.05,1,1,0,0,1,1.1972048884400208,0.0763888888888889,1,1.0,0.0
803,45,0.0,2,1,0,1,2,0.0,0.16666666666666666,0,0.0,1.0
604,26,0.0,2,0,0,1,0,0.0,0.1346153846153846,0,0.0,1.0
738,49,106770.82,1,0,0,0,0,0.8645391625459604,0.1326530612244898,1,0.0,0.0
655,72,138089.97,2,1,0,0,2,1.3819858026422966,0.0763888888888889,0,1.0,0.0
698,39,133191.19,2,1,0,0,2,2.4993425656247488,0.24358974358974358,1,1.0,0.0
775,66,0.0,2,1,0,1,2,0.0,0.14393939393939395,0,0.0,0.0
735,41,74135.85,1,1,1,0,1,6.291176245958538,0.18292682926829268,1,0.0,0.0
766,41,99208.46,2,0,0,0,0,1.5897930528763027,0.15853658536585366,1,0.0,1.0
537,84,92242.34,1,1,0,0,1,0.4952955100539108,0.10119047619047619,1,1.0,0.0
599,25,108380.72,1,1,0,0,1,1.3717871655594855,0.3,1,1.0,0.0
420,55,91893.32,1,0,1,0,0,0.634310126893336,0.08181818181818182,0,0.0,1.0
674,32,85757.93,1,1,0,0,1,0.8981580821516096,0.234375,0,0.0,0.0
570,46,0.0,2,0,0,1,0,0.0,0.07608695652173914,0,0.0,0.0
623,33,96759.42,1,1,0,0,1,0.5536101652498486,0.25757575757575757,1,1.0,0.0
710,30,0.0,2,1,0,1,2,0.0,0.21666666666666667,1,0.0,0.0
466,29,0.0,2,1,0,1,2,0.0,0.22413793103448276,1,0.0,0.0
759,22,0.0,1,0,0,1,0,0.0,0.25,0,0.0,0.0
581,71,0.0,2,1,0,1,2,0.0,0.06338028169014084,1,0.0,0.0
820,33,132150.26,2,0,0,0,0,5.728485493717319,0.07575757575757576,1,0.0,0.0
759,41,0.0,2,1,0,1,2,0.0,0.23170731707317074,1,0.0,0.0
628,31,175443.75,1,0,1,0,0,1.550292365777409,0.20967741935483872,0,0.0,0.0
676,31,78990.15,1,1,0,0,1,0.6330447785164933,0.11290322580645161,1,0.0,0.0
591,33,113743.37,1,0,0,0,0,0.9126771057871674,0.13636363636363635,0,0.0,0.0
690,26,157624.84,1,1,0,0,1,3.177902862222323,0.21153846153846154,0,0.0,0.0
624,62,125163.62,2,1,0,0,2,0.8266399405597292,0.12096774193548387,0,0.0,0.0
573,23,0.0,1,0,0,1,0,0.0,0.10869565217391304,0,0.0,0.0
694,60,0.0,1,1,0,1,1,0.0,0.15833333333333333,1,0.0,0.0
632,29,80922.75,1,0,0,0,0,10.345822817824077,0.25862068965517243,0,0.0,1.0
632,40,193354.86,2,0,0,0,0,1.2960360926422323,0.0875,1,0.0,0.0
832,40,107648.94,2,1,0,0,2,0.7995318180774996,0.2375,0,1.0,0.0
598,46,131769.04,1,0,1,0,0,0.7123373544440158,0.16304347826086957,0,1.0,0.0
430,36,138992.48,2,0,0,0,0,1.1357968438175234,0.041666666666666664,1,1.0,0.0
711,37,113899.92,1,0,0,0,0,1.4199116886613927,0.22972972972972974,0,0.0,0.0
582,26,114450.32,1,1,0,0,1,8.127050041753536,0.25,1,1.0,0.0
605,39,0.0,2,0,0,1,0,0.0,0.08974358974358974,1,0.0,0.0
657,37,0.0,2,1,0,1,2,0.0,0.06756756756756757,0,0.0,0.0
578,40,63609.92,1,0,1,0,0,0.8485100233290527,0.1625,1,0.0,1.0
532,38,0.0,2,0,0,1,0,0.0,0.25,1,0.0,0.0
612,42,75497.51,1,0,0,0,0,0.5043800336950336,0.25,0,0.0,0.0
792,42,0.0,2,0,0,1,0,0.0,0.05952380952380952,0,0.0,0.0
674,26,0.0,2,1,0,1,2,0.0,0.40384615384615385,0,0.0,0.0
680,31,0.0,2,1,0,1,2,0.0,0.04838709677419355,1,0.0,0.0
593,39,117704.73,1,0,0,0,0,0.5946650533383518,0.01282051282051282,0,0.0,0.0
679,35,130463.55,2,1,0,0,2,3.4937324210135623,0.04285714285714286,1,1.0,0.0
493,32,46161.18,1,1,0,0,1,0.5800717280065948,0.265625,1,0.0,1.0
688,42,0.0,2,0,0,1,0,0.0,0.13095238095238096,1,0.0,1.0
769,43,110182.54,2,1,0,0,2,1.2586777996196408,0.10465116279069768,1,1.0,0.0
581,49,0.0,2,0,0,1,0,0.0,0.21428571428571427,1,0.0,1.0
465,41,117221.15,1,0,0,0,0,0.6965758953946041,0.23170731707317074,1,0.0,0.0
641,35,0.0,2,0,0,1,0,0.0,0.12857142857142856,0,0.0,0.0
731,43,79120.27,1,0,1,0,0,35.476218007762185,0.22093023255813954,0,1.0,0.0
625,37,177069.24,2,1,0,0,2,1.8427524993875504,0.04054054054054054,1,0.0,0.0
468,36,61636.97,1,0,0,0,0,0.5718329482888793,0.09722222222222222,1,0.0,0.0
790,26,0.0,1,0,0,1,0,0.0,0.21153846153846154,1,0.0,0.0
587,37,104414.03,1,0,0,0,0,0.5437465519175375,0.17567567567567569,0,1.0,0.0
692,66,159732.02,1,1,0,0,1,1.351494786111923,0.06818181818181818,1,0.0,0.0
676,34,89437.03,1,1,0,0,1,0.4718587626644128,0.1323529411764706,0,1.0,0.0
571,41,0.0,1,1,0,1,1,0.0,0.2073170731707317,1,0.0,0.0
700,32,0.0,1,0,0,1,0,0.0,0.109375,0,0.0,0.0
445,30,0.0,2,1,0,1,2,0.0,0.11666666666666667,0,0.0,0.0
746,36,142400.77,1,1,0,0,1,0.7361507351464427,0.20833333333333334,1,0.0,0.0
722,47,88011.4,1,1,1,0,1,0.9708181193850134,0.05319148936170213,0,0.0,0.0
596,36,0.0,2,1,0,1,2,0.0,0.06944444444444445,1,0.0,0.0
850,30,154870.28,1,1,0,0,1,2.8577870172891466,0.2833333333333333,0,1.0,0.0
597,46,0.0,2,0,1,1,0,0.0,0.09782608695652174,0,0.0,1.0
436,43,0.0,2,1,0,1,2,0.0,0.12790697674418605,1,0.0,1.0
660,28,118402.25,2,0,0,0,0,8.28571238627481,0.05357142857142857,1,1.0,0.0
649,37,87374.88,2,1,0,0,2,35.476218007762185,0.25675675675675674,1,0.0,0.0
646,32,105397.8,1,0,1,0,0,1.3493018561353038,0.265625,1,1.0,0.0
560,31,125341.69,1,0,0,0,0,1.5756659562814535,0.1774193548387097,0,0.0,1.0
710,49,129164.88,1,1,0,0,1,0.6683210212238236,0.21428571428571427,1,1.0,0.0
513,40,141004.46,1,0,0,0,0,1.3425229454669194,0.0875,1,0.0,0.0
607,21,0.0,2,0,0,1,0,0.0,0.023809523809523808,0,0.0,0.0
757,57,89079.41,1,1,1,0,1,1.6750481053008253,0.06140350877192982,1,0.0,0.0
619,40,103604.31,2,0,0,0,0,0.7350531632044572,0.2375,1,1.0,0.0
612,24,182705.05,1,1,0,0,1,1.0632397153459483,0.0625,1,0.0,0.0
842,29,0.0,2,1,0,1,2,0.0,0.29310344827586204,1,0.0,0.0
713,33,94598.48,1,0,1,0,0,0.4789295459016793,0.19696969696969696,1,0.0,0.0
657,36,188241.05,2,0,1,0,0,1.028305221618915,0.2361111111111111,1,0.0,1.0
770,37,0.0,2,0,0,1,0,0.0,0.25675675675675674,0,0.0,0.0
773,40,0.0,2,1,0,1,2,0.0,0.2625,0,0.0,0.0
470,39,117469.91,2,0,0,0,0,1.843911883956055,0.14102564102564102,1,1.0,0.0
781,35,80790.74,1,0,0,0,0,0.6938966427270653,0.12857142857142856,1,0.0,1.0
428,62,107735.93,1,1,0,0,1,1.8453377597534342,0.024193548387096774,0,0.0,0.0
600,43,133379.41,1,0,1,0,0,0.7519430920095348,0.19767441860465115,1,1.0,0.0
697,37,168066.87,1,0,0,0,0,4.7407508223199395,0.20270270270270271,0,0.0,1.0
692,43,69014.49,2,0,0,0,0,0.4192289592615053,0.05813953488372093,0,1.0,0.0
791,28,0.0,1,0,0,1,0,0.0,0.16071428571428573,1,0.0,0.0
538,42,98548.62,2,1,0,0,2,1.0478461436223234,0.03571428571428571,0,1.0,0.0
820,49,0.0,2,1,0,1,2,0.0,0.030612244897959183,0,0.0,0.0
679,26,76554.06,1,1,0,0,1,0.4142507245756482,0.1346153846153846,0,0.0,1.0
649,36,0.0,2,1,0,1,2,0.0,0.06944444444444445,0,0.0,0.0
632,27,107375.82,1,1,0,0,1,1.7124133912176471,0.12962962962962962,0,0.0,0.0
594,40,122417.17,2,1,0,0,2,0.6413181241414602,0.2375,1,0.0,0.0
682,42,0.0,1,1,1,1,1,0.0,0.011904761904761904,0,0.0,0.0
720,33,97188.62,1,0,0,0,0,1.057751390393078,0.19696969696969696,1,0.0,1.0
769,31,61297.05,2,1,0,0,2,8.610321364457468,0.14516129032258066,1,0.0,0.0
746,30,112666.67,1,0,1,0,0,9.620256331437744,0.05,1,0.0,1.0
623,40,0.0,1,1,0,1,1,0.0,0.1875,0,0.0,1.0
537,28,157842.07,1,0,0,0,0,1.8161034162063472,0.125,1,0.0,0.0
468,46,91443.75,1,0,0,0,0,8.344032126491216,0.16304347826086957,1,0.0,0.0
588,30,110148.49,1,0,1,0,0,19.017678136708163,0.016666666666666666,0,1.0,0.0
729,34,53299.96,2,1,0,0,2,1.2436707494720227,0.27941176470588236,0,0.0,1.0
543,37,0.0,2,1,0,1,2,0.0,0.0945945945945946,1,0.0,1.0
499,39,0.0,2,1,0,1,2,0.0,0.16666666666666666,1,0.0,1.0
784,28,70233.74,2,1,0,0,2,0.39181187470966433,0.08928571428571429,1,1.0,0.0
604,33,0.0,1,0,1,1,0,0.0,0.10606060606060606,1,0.0,0.0
614,25,75212.28,1,0,0,0,0,1.2755185866305419,0.42,0,0.0,1.0
671,31,41299.03,1,1,0,0,1,0.40220195648092094,0.24193548387096775,0,0.0,0.0
587,35,83286.56,1,0,0,0,0,0.6633497543537261,0.1,0,0.0,1.0
593,43,0.0,2,0,0,1,0,0.0,0.2441860465116279,1,0.0,1.0
453,29,0.0,1,0,1,1,0,0.0,0.22413793103448276,1,0.0,0.0
570,35,85668.59,1,0,0,0,0,0.8118217097604806,0.18571428571428572,1,1.0,0.0
655,45,57327.04,1,1,0,0,1,1.2107083421330518,0.16666666666666666,0,0.0,0.0
632,47,0.0,2,0,0,1,0,0.0,0.07446808510638298,1,0.0,1.0
681,37,69609.85,1,1,0,0,1,0.9650766552015332,0.20270270270270271,0,0.0,0.0
591,46,129269.27,1,0,0,0,0,0.7906119635366016,0.09782608695652174,1,1.0,0.0
779,27,0.0,2,1,0,1,2,0.0,0.05555555555555555,1,0.0,0.0
456,63,165350.61,2,0,1,0,0,1.174706610380418,0.023809523809523808,0,0.0,0.0
686,41,152105.57,2,1,0,0,2,1.1490470171159433,0.18292682926829268,0,0.0,0.0
617,74,0.0,2,1,0,1,2,0.0,0.14189189189189189,1,0.0,0.0
850,32,106290.64,1,0,0,0,0,0.8713509580335017,0.171875,0,0.0,0.0
646,30,100548.67,2,0,0,0,0,0.7340134965368779,0.35,0,1.0,0.0
735,46,106344.95,1,0,1,0,0,0.9298136183812991,0.05434782608695652,1,1.0,0.0
543,35,137482.19,1,0,0,0,0,2.203581002510805,0.15714285714285714,1,0.0,0.0
490,37,116465.53,1,1,0,0,1,4.765995260421079,0.0945945945945946,0,0.0,0.0
640,45,0.0,1,1,0,1,1,0.0,0.03333333333333333,1,0.0,0.0
445,45,0.0,2,1,0,1,2,0.0,0.23333333333333334,1,0.0,1.0
761,36,127637.92,1,1,0,0,1,1.574534074526118,0.2638888888888889,1,0.0,0.0
426,34,0.0,2,1,0,1,2,0.0,0.10294117647058823,0,0.0,0.0
777,37,0.0,1,1,0,1,1,0.0,0.04054054054054054,1,0.0,0.0
534,35,81951.74,2,0,0,0,0,0.7084989452278401,0.07142857142857142,1,0.0,0.0
777,42,147531.82,1,1,0,0,1,3.8003634682235785,0.13095238095238096,0,0.0,0.0
806,18,0.0,2,1,0,1,2,0.0,0.19444444444444445,1,0.0,1.0
790,33,135120.72,1,0,0,0,0,0.6921955622365892,0.3181818181818182,0,0.0,0.0
643,32,0.0,1,0,0,1,0,0.0,0.078125,0,0.0,1.0
584,37,0.0,2,1,0,1,2,0.0,0.22972972972972974,0,0.0,1.0
638,34,0.0,2,1,0,1,2,0.0,0.22058823529411764,0,0.0,0.0
771,18,0.0,2,0,0,1,0,0.0,0.08333333333333333,1,0.0,1.0
600,39,0.0,2,0,0,1,0,0.0,0.14102564102564102,0,0.0,0.0
661,41,28082.95,1,0,1,0,0,0.40356447378953075,0.13414634146341464,0,0.0,1.0
554,43,0.0,2,0,1,1,0,0.0,0.2441860465116279,0,0.0,0.0
627,49,111087.5,1,1,0,0,1,0.7573394690868805,0.09183673469387756,1,0.0,1.0
659,38,0.0,2,1,0,1,2,0.0,0.25,0,0.0,0.0
835,35,127120.07,1,0,0,0,0,4.427930010042256,0.18571428571428572,1,0.0,0.0
763,35,115651.6,2,1,0,0,2,1.1045229038016362,0.21428571428571427,0,0.0,0.0
625,31,77743.01,2,0,0,0,0,1.0319410146558092,0.14516129032258066,1,1.0,0.0
799,30,0.0,2,0,0,1,0,0.0,0.31666666666666665,0,0.0,0.0
849,69,71996.09,1,1,0,0,1,0.5177081627020771,0.10869565217391304,1,0.0,0.0
692,28,61581.97,1,1,0,0,1,0.8774746579946028,0.19642857142857142,1,0.0,0.0
623,24,0.0,2,0,0,1,0,0.0,0.22916666666666666,0,0.0,0.0
453,42,0.0,3,0,1,1,0,0.0,0.13095238095238096,0,0.0,1.0
408,84,87873.39,1,0,1,0,0,0.46620764290010186,0.10119047619047619,0,0.0,0.0
778,37,105617.73,2,1,1,0,2,0.789955738491357,0.013513513513513514,0,1.0,0.0
695,42,0.0,1,1,1,1,1,0.0,0.13095238095238096,0,0.0,0.0
677,44,148770.61,2,1,0,0,2,0.778664165935129,0.10227272727272728,0,1.0,0.0
662,37,94901.09,1,1,0,0,1,1.9674838161284136,0.14864864864864866,1,0.0,1.0
534,29,174851.9,1,1,0,0,1,2.208302901351376,0.25862068965517243,1,0.0,0.0
602,59,0.0,2,1,0,1,2,0.0,0.1271186440677966,1,0.0,0.0
554,43,120847.11,1,0,1,0,0,15.874596229151368,0.05813953488372093,0,1.0,0.0
667,42,0.0,1,0,0,1,0,0.0,0.15476190476190477,1,0.0,0.0
672,43,0.0,1,0,0,1,0,0.0,0.12790697674418605,1,0.0,0.0
838,67,103267.8,1,1,0,0,1,1.3186876333145365,0.06716417910447761,0,0.0,1.0
692,34,109699.08,1,1,0,0,1,2.894441701840453,0.1323529411764706,0,0.0,1.0
675,49,135133.39,1,1,1,0,1,0.7527389921159631,0.17346938775510204,1,0.0,0.0
731,33,0.0,1,0,0,1,0,0.0,0.045454545454545456,1,0.0,1.0
468,32,137649.47,1,0,0,0,0,0.6926969233218038,0.265625,0,0.0,0.0
542,43,113567.94,1,0,0,0,0,1.268288471900764,0.1511627906976744,1,0.0,1.0
662,35,0.0,2,0,1,1,0,0.0,0.18571428571428572,0,0.0,1.0
770,37,141547.26,2,1,0,0,2,0.7849440654834033,0.14864864864864866,1,1.0,0.0
675,61,62055.17,3,0,1,0,0,0.3731381327065696,0.09016393442622951,0,0.0,0.0
647,51,131156.76,1,0,0,0,0,4.388769745518014,0.08823529411764706,1,1.0,0.0
604,31,134837.58,1,0,0,0,0,0.7021686537934477,0.20967741935483872,1,0.0,0.0
833,39,0.0,2,0,0,1,0,0.0,0.08974358974358974,0,0.0,0.0
741,40,104784.23,1,0,1,0,0,0.7752333522435877,0.1125,1,0.0,1.0
658,36,0.0,2,1,0,1,2,0.0,0.041666666666666664,1,0.0,1.0
528,36,156948.41,1,1,1,0,1,1.046927997306176,0.041666666666666664,0,0.0,0.0
590,60,147751.75,1,0,1,0,0,1.6750562086654308,0.10833333333333334,0,0.0,0.0
675,34,124619.33,2,1,0,0,2,0.7614127600316152,0.04411764705882353,1,0.0,0.0
765,41,124182.21,1,0,0,0,0,1.2399073111394077,0.10975609756097561,1,0.0,0.0
650,64,142028.36,1,0,1,0,0,4.400420249168967,0.1171875,0,0.0,0.0
817,44,0.0,1,0,1,1,0,0.0,0.19318181818181818,1,0.0,0.0
699,31,125837.86,2,0,0,0,0,0.6644248809595844,0.3387096774193548,0,1.0,0.0
495,34,117160.32,1,1,1,0,1,1.009391554631058,0.27941176470588236,0,1.0,0.0
491,61,0.0,2,1,0,1,2,0.0,0.13934426229508196,0,0.0,1.0
847,51,97565.74,1,0,1,0,0,0.6766702458631983,0.10784313725490197,1,0.0,0.0
676,30,0.0,2,1,0,1,2,0.0,0.18333333333333332,0,0.0,1.0
746,25,104833.79,1,0,0,0,0,1.4578005431616008,0.14,0,0.0,1.0
470,31,101675.22,2,0,0,0,0,2.2577058826794865,0.08064516129032258,0,0.0,1.0
714,20,0.0,2,1,0,1,2,0.0,0.175,1,0.0,1.0
695,50,0.0,1,0,1,1,0,0.0,0.17,0,0.0,0.0
674,46,174701.05,1,0,1,0,0,1.937018021366278,0.05434782608695652,1,0.0,0.0
664,36,71142.77,2,0,0,0,0,0.5810699454702527,0.18055555555555555,1,1.0,0.0
697,31,108805.42,2,1,0,0,2,0.8786901837025142,0.11290322580645161,1,1.0,0.0
670,68,0.0,2,1,0,1,2,0.0,0.0661764705882353,1,0.0,0.0
541,32,0.0,1,1,0,1,1,0.0,0.140625,0,0.0,0.0
640,66,116037.76,1,1,0,0,1,0.6284641137843137,0.14393939393939395,0,0.0,0.0
647,28,0.0,2,1,0,1,2,0.0,0.30357142857142855,1,0.0,0.0
757,23,80673.96,2,0,0,0,0,0.8583007288335844,0.10869565217391304,1,0.0,0.0
704,39,124640.51,1,0,1,0,0,1.0697643300971607,0.038461538461538464,0,1.0,0.0
778,31,182275.23,2,0,0,0,0,0.956161662694708,0.3064516129032258,1,1.0,0.0
639,41,98635.77,1,0,0,0,0,0.4932485460195526,0.13414634146341464,0,1.0,0.0
637,33,0.0,2,0,0,1,0,0.0,0.16666666666666666,1,0.0,0.0
686,35,0.0,1,0,0,1,0,0.0,0.12857142857142856,1,0.0,0.0
577,43,79757.21,1,0,1,0,0,0.5879557590570913,0.19767441860465115,1,0.0,1.0
506,28,53053.76,1,1,0,0,1,2.1585574941188055,0.30357142857142855,1,1.0,0.0
757,28,120911.75,2,1,0,0,2,0.9212291522635426,0.26785714285714285,1,0.0,0.0
826,55,115285.85,1,0,0,0,0,0.8227230308012358,0.08181818181818182,1,0.0,0.0
721,41,0.0,2,0,0,1,0,0.0,0.06097560975609756,1,0.0,0.0
489,40,221532.8,1,0,0,0,0,1.288970005366907,0.0875,1,0.0,1.0
446,51,105056.13,1,0,0,0,0,1.4877411897723019,0.08823529411764706,0,0.0,0.0
677,37,88363.03,1,1,0,0,1,0.7491738259375161,0.0945945945945946,1,0.0,0.0
769,29,123757.52,2,0,0,0,0,1.458138131429704,0.08620689655172414,1,0.0,0.0
677,56,123959.97,1,1,1,0,1,2.0458235877773396,0.09821428571428571,1,0.0,1.0
555,62,114822.64,1,1,0,0,1,13.5957184299331,0.1693548387096774,0,1.0,0.0
652,37,145219.3,1,0,0,0,0,0.9125608300887372,0.25675675675675674,0,1.0,0.0
722,32,106807.64,1,1,0,0,1,1.3871177922924105,0.171875,0,1.0,0.0
643,36,148159.71,1,0,0,0,0,2.653448648253674,0.013888888888888888,1,0.0,0.0
796,40,99745.95,1,0,0,0,0,0.5618692761292073,0.0375,0,1.0,0.0
720,37,156282.79,1,0,0,0,0,3.3984478495002453,0.22972972972972974,0,1.0,0.0
613,41,0.0,2,0,0,1,0,0.0,0.18292682926829268,1,0.0,0.0
506,57,0.0,2,1,1,1,2,0.0,0.11403508771929824,0,0.0,0.0
608,50,0.0,1,0,1,1,0,0.0,0.13,1,0.0,0.0
667,77,0.0,1,1,0,1,1,0.0,0.032467532467532464,1,0.0,1.0
750,47,121376.15,2,0,1,0,0,2.2281237494171595,0.1595744680851064,0,0.0,0.0
610,33,111582.11,1,0,0,0,0,0.9792700232052242,0.13636363636363635,1,0.0,0.0
588,34,129417.82,1,0,0,0,0,0.8418606278921151,0.3088235294117647,0,1.0,0.0
479,26,0.0,2,1,0,1,2,0.0,0.057692307692307696,0,0.0,0.0
682,37,0.0,2,1,0,1,2,0.0,0.14864864864864866,1,0.0,0.0
677,36,0.0,1,0,0,1,0,0.0,0.20833333333333334,0,0.0,0.0
850,40,94607.08,1,0,0,0,0,2.5784474819638015,0.1625,1,1.0,0.0
580,56,131368.3,1,0,1,0,0,1.2286635377756028,0.026785714285714284,0,0.0,0.0
746,21,166883.07,2,1,0,0,2,0.857725542640968,0.40476190476190477,0,0.0,0.0
635,37,0.0,2,0,0,1,0,0.0,0.0945945945945946,0,0.0,1.0
664,25,172812.72,2,1,0,0,2,1.5999748170649568,0.26,1,1.0,0.0
558,36,126606.63,2,1,0,0,2,0.7345283704558224,0.013888888888888888,0,1.0,0.0
415,46,134950.19,3,0,1,0,0,0.7556494163449399,0.20652173913043478,1,0.0,0.0
798,60,96956.1,1,0,1,0,0,3.0385722398211885,0.10833333333333334,0,0.0,0.0
792,29,107601.79,1,0,1,0,0,5.686242481443394,0.15517241379310345,0,1.0,0.0
489,46,92060.06,1,0,1,0,0,0.6253062765942633,0.18478260869565216,0,1.0,0.0
730,33,0.0,2,0,0,1,0,0.0,0.015151515151515152,1,0.0,0.0
773,41,0.0,2,1,0,1,2,0.0,0.10975609756097561,1,0.0,0.0
711,36,137688.71,1,1,0,0,1,2.936726380022651,0.2638888888888889,1,0.0,0.0
592,55,85845.43,2,1,0,0,2,0.6658843950740703,0.15454545454545454,1,0.0,1.0
695,27,125552.96,1,0,0,0,0,1.1924234506885882,0.24074074074074073,1,1.0,0.0
640,33,167298.42,1,1,0,0,1,1.1507454293892705,0.045454545454545456,0,0.0,0.0
470,31,55732.92,2,1,0,0,2,0.5369594810004054,0.14516129032258066,1,0.0,1.0
789,37,110689.07,1,1,1,0,1,1.5563258590445384,0.17567567567567569,0,1.0,0.0
604,39,98544.11,1,1,0,0,1,1.8831798766906873,0.19230769230769232,0,0.0,1.0
493,35,178317.6,1,0,0,0,0,0.9031956903735426,0.24285714285714285,0,1.0,0.0
671,48,115713.84,2,0,0,0,0,1.3905934540084681,0.17708333333333334,0,0.0,0.0
656,46,143267.14,2,0,0,0,0,0.7419307144991858,0.20652173913043478,1,0.0,0.0
739,19,89750.21,1,0,0,0,0,0.46500405783092985,0.2894736842105263,1,0.0,1.0
560,26,116576.45,1,0,0,0,0,0.7398467725470537,0.1346153846153846,0,0.0,1.0
827,47,143001.5,2,0,0,0,0,1.3121991952541097,0.18085106382978725,0,1.0,0.0
681,23,157761.56,1,0,0,0,0,1.0676818025669048,0.32608695652173914,1,0.0,0.0
740,37,0.0,2,1,0,1,2,0.0,0.14864864864864866,0,0.0,0.0
663,31,103430.11,2,1,0,0,2,2.8352342238695054,0.14516129032258066,1,0.0,1.0
845,52,0.0,1,0,1,1,0,0.0,0.009615384615384616,0,0.0,1.0
555,27,0.0,2,0,0,1,0,0.0,0.2037037037037037,1,0.0,1.0
680,48,115115.38,1,0,1,0,0,0.824847448688589,0.17708333333333334,0,1.0,0.0
638,39,122501.28,2,1,0,0,2,1.2893677217268296,0.01282051282051282,0,1.0,0.0
640,62,0.0,1,1,0,1,1,0.0,0.056451612903225805,1,0.0,1.0
778,42,0.0,2,1,0,1,2,0.0,0.15476190476190477,1,0.0,0.0
679,45,146758.24,1,0,0,0,0,3.027947781510604,0.07777777777777778,1,0.0,0.0
593,32,0.0,2,1,0,1,2,0.0,0.109375,0,0.0,0.0
788,55,0.0,1,1,1,1,1,0.0,0.06363636363636363,1,0.0,0.0
770,70,110738.89,1,0,1,0,0,4.885301465472783,0.1357142857142857,0,0.0,0.0
729,67,94203.8,1,1,0,0,1,0.920030322663691,0.03731343283582089,1,0.0,0.0
545,47,105792.49,1,1,1,0,1,1.559643497387633,0.18085106382978725,1,0.0,0.0
597,41,153198.23,1,1,0,0,1,1.6635461784905772,0.10975609756097561,1,0.0,0.0
537,38,0.0,2,0,0,1,0,0.0,0.09210526315789473,1,0.0,0.0
732,79,61811.23,1,1,0,0,1,0.5930625250662517,0.13291139240506328,1,0.0,0.0
542,34,101116.06,1,0,0,0,0,0.5148579108388381,0.25,1,0.0,0.0
688,46,74458.25,1,1,0,0,1,10.842418647184996,0.010869565217391304,0,1.0,0.0
542,33,142871.27,2,0,0,0,0,1.8378359291607824,0.25757575757575757,1,1.0,0.0
754,35,98585.94,2,1,0,0,2,0.9290232443479816,0.18571428571428572,1,1.0,0.0
750,37,0.0,1,1,1,1,1,0.0,0.17567567567567569,0,0.0,0.0
731,30,0.0,2,1,0,1,2,0.0,0.25,1,0.0,0.0
699,43,80764.03,1,0,1,0,0,0.405076738550658,0.08139534883720931,0,0.0,0.0
534,42,144801.97,1,1,1,0,1,11.598641984109756,0.2261904761904762,0,0.0,0.0
494,27,0.0,2,0,0,1,0,0.0,0.09259259259259259,1,0.0,1.0
497,35,110053.62,2,1,0,0,2,1.1847983476024797,0.21428571428571427,1,1.0,0.0
632,28,118890.81,1,1,0,0,1,0.8190386718781485,0.19642857142857142,0,0.0,0.0
724,31,0.0,1,0,1,1,0,0.0,0.1774193548387097,1,0.0,0.0
751,37,151218.98,1,1,0,0,1,1.3833919935625458,0.013513513513513514,0,1.0,0.0
733,42,150507.21,1,1,0,0,1,0.8855182169141527,0.2261904761904762,1,0.0,0.0
701,21,0.0,2,1,0,1,2,0.0,0.4523809523809524,0,0.0,1.0
525,33,131023.76,2,0,0,0,0,2.3790523029680286,0.13636363636363635,1,1.0,0.0
666,44,122314.5,1,0,1,0,0,1.783637337209526,0.056818181818181816,0,1.0,0.0
653,29,0.0,2,1,0,1,2,0.0,0.08620689655172414,1,0.0,0.0
850,28,0.0,2,1,0,1,2,0.0,0.16071428571428573,1,0.0,0.0
646,52,111739.4,2,1,0,0,2,1.6343772790207376,0.125,0,1.0,0.0
750,43,113882.31,1,1,0,0,1,1.527280678802678,0.1511627906976744,1,0.0,0.0
764,24,98148.61,1,0,0,0,0,3.656155242214868,0.3125,1,0.0,0.0
658,32,0.0,2,0,0,1,0,0.0,0.296875,0,0.0,0.0
727,32,59271.82,1,1,0,0,1,1.2879458101543162,0.046875,1,0.0,0.0
687,31,0.0,2,1,0,1,2,0.0,0.08064516129032258,0,0.0,0.0
631,33,0.0,2,1,0,1,2,0.0,0.07575757575757576,1,0.0,1.0
797,30,69413.44,1,1,0,0,1,0.9299942375637689,0.35,1,0.0,0.0
650,25,160599.06,2,1,0,0,2,5.656386259479609,0.3,1,0.0,1.0
850,22,0.0,1,1,0,1,1,0.0,0.1590909090909091,1,0.0,1.0
676,40,147803.48,1,0,1,0,0,1.552850190466565,0.0625,0,0.0,0.0
620,44,0.0,2,1,0,1,2,0.0,0.19318181818181818,1,0.0,1.0
576,52,170228.59,2,0,1,0,0,1.1464859204934421,0.18269230769230768,0,0.0,0.0
482,35,133111.73,1,1,0,0,1,1.66475085028005,0.07142857142857142,0,0.0,0.0
695,39,0.0,2,0,0,1,0,0.0,0.14102564102564102,0,0.0,1.0
706,18,176139.5,2,0,0,0,0,1.358522240755135,0.1388888888888889,1,0.0,0.0
668,32,0.0,2,1,0,1,2,0.0,0.078125,0,0.0,0.0
679,35,110245.13,1,1,0,0,1,0.6183399947804752,0.04285714285714286,1,1.0,0.0
703,45,0.0,2,0,0,1,0,0.0,0.12222222222222222,0,0.0,0.0
670,67,158719.57,1,1,0,0,1,1.3381815284583556,0.09701492537313433,1,0.0,1.0
590,76,160979.68,1,1,0,0,1,11.623434068036719,0.07236842105263158,0,0.0,0.0
613,35,123557.65,2,1,0,0,2,0.7229635398503491,0.12857142857142856,1,0.0,1.0
742,60,0.0,1,1,1,1,1,0.0,0.075,0,0.0,0.0
608,33,0.0,1,0,1,1,0,0.0,0.13636363636363635,0,0.0,0.0
571,40,112896.86,1,1,0,0,1,0.9299306206335186,0.2625,1,0.0,0.0
595,39,120962.13,1,0,0,0,0,5.1901689735823515,0.19230769230769232,0,0.0,0.0
745,48,96048.55,1,0,0,0,0,1.2890407070572187,0.21875,1,1.0,0.0
589,21,0.0,2,1,0,1,2,0.0,0.16666666666666666,0,0.0,0.0
749,37,185063.7,2,1,0,0,2,1.3756532382472124,0.28378378378378377,1,0.0,0.0
678,22,118064.93,2,1,0,0,2,0.6041444234798811,0.29545454545454547,0,0.0,0.0
603,46,0.0,2,1,0,1,2,0.0,0.05434782608695652,1,0.0,0.0
504,73,0.0,1,1,0,1,1,0.0,0.11643835616438356,0,0.0,0.0
739,40,149131.03,3,1,1,0,3,2.483944415860691,0.1375,1,1.0,0.0
604,34,0.0,2,0,0,1,0,0.0,0.22058823529411764,0,0.0,0.0
612,35,0.0,1,1,0,1,1,0.0,0.1,0,0.0,0.0
629,44,125512.98,2,0,0,0,0,1.587089182406097,0.14772727272727273,0,0.0,1.0
652,42,83492.07,2,0,0,0,0,2.202078484783907,0.08333333333333333,0,0.0,1.0
565,34,0.0,1,0,0,1,0,0.0,0.22058823529411764,1,0.0,0.0
707,49,0.0,1,0,1,1,0,0.0,0.21428571428571427,0,0.0,0.0
645,30,125739.26,1,1,0,0,1,0.650009359383419,0.05,1,0.0,0.0
762,34,98592.88,1,1,1,0,1,0.5140633862987208,0.25,0,1.0,0.0
639,39,141789.15,1,0,0,0,0,1.5335692412988702,0.038461538461538464,0,0.0,1.0
709,22,112949.71,1,0,0,0,0,0.7276161475154536,0.022727272727272728,1,1.0,0.0
823,34,105057.33,1,0,0,0,0,11.395839208931198,0.10294117647058823,1,0.0,0.0
817,46,89087.89,1,1,1,0,1,1.0130202739620104,0.010869565217391304,0,1.0,0.0
665,27,147435.96,1,0,0,0,0,0.7862871266060424,0.09259259259259259,0,1.0,0.0
646,39,154439.86,1,0,0,0,0,0.9004186449095225,0.01282051282051282,1,1.0,0.0
568,30,73054.37,2,1,0,0,2,2.7044152815311144,0.2833333333333333,1,0.0,0.0
850,62,124678.35,1,0,1,0,0,1.7580883286095013,0.024193548387096774,0,0.0,0.0
473,40,152576.25,2,0,0,0,0,2.0879496153797734,0.2125,1,1.0,0.0
731,41,152243.57,1,1,0,0,1,1.7147521884146788,0.23170731707317074,0,0.0,0.0
619,25,0.0,1,0,0,1,0,0.0,0.18,1,0.0,0.0
715,42,88120.97,2,1,0,0,2,4.130498794893837,0.05952380952380952,1,1.0,0.0
772,51,143930.92,1,1,1,0,1,3.083583584119721,0.18627450980392157,0,1.0,0.0
686,31,0.0,2,0,0,1,0,0.0,0.04838709677419355,0,0.0,0.0
749,29,137059.05,3,0,1,0,0,1.330971213687909,0.25862068965517243,0,1.0,0.0
781,27,186558.55,1,1,1,0,1,1.0656086694244988,0.2777777777777778,0,0.0,0.0
675,66,115654.47,2,1,0,0,2,0.876357050662164,0.08333333333333333,1,0.0,1.0
730,29,0.0,2,0,0,1,0,0.0,0.08620689655172414,1,0.0,1.0
683,38,126152.84,1,0,0,0,0,8.202528649685462,0.09210526315789473,1,0.0,1.0
554,51,105701.91,1,1,1,0,1,0.5878899963676062,0.14705882352941177,0,1.0,0.0
722,46,0.0,1,1,1,1,1,0.0,0.14130434782608695,1,0.0,0.0
689,67,157094.78,1,1,0,0,1,1.5789846740926643,0.1417910447761194,1,1.0,0.0
796,40,113228.38,2,1,0,0,2,2.4394208990890878,0.0625,1,1.0,0.0
447,32,0.0,1,1,0,1,1,0.0,0.328125,0,0.0,0.0
498,37,108432.88,2,1,0,0,2,7.293994033384793,0.22972972972972974,1,1.0,0.0
663,27,0.0,1,1,0,1,1,0.0,0.3148148148148148,1,0.0,1.0
498,44,120702.67,2,1,0,0,2,1.2294426358015147,0.056818181818181816,0,1.0,0.0
627,32,0.0,1,0,0,1,0,0.0,0.046875,0,0.0,0.0
649,45,0.0,2,1,0,1,2,0.0,0.16666666666666666,1,0.0,0.0
738,29,139106.19,1,0,1,0,0,0.9804976350335741,0.3275862068965517,0,1.0,0.0
587,39,101851.8,2,0,0,0,0,14.335813847433604,0.16666666666666666,0,1.0,0.0
655,32,130935.56,1,0,1,0,0,14.16617637671579,0.203125,0,1.0,0.0
647,37,116509.99,1,1,1,0,1,0.7792335153239351,0.0945945945945946,1,1.0,0.0
776,37,93124.04,2,1,0,0,2,0.4749280294932199,0.04054054054054054,0,1.0,0.0
688,35,111578.18,1,0,1,0,0,0.6714824664570742,0.15714285714285714,1,1.0,0.0
605,32,0.0,2,1,0,1,2,0.0,0.296875,1,0.0,0.0
596,39,86546.29,1,1,0,0,1,0.6567982327993067,0.2692307692307692,0,0.0,0.0
427,33,0.0,1,1,0,1,1,0.0,0.25757575757575757,1,0.0,0.0
629,39,129669.32,2,0,0,0,0,1.5665262499929025,0.0641025641025641,1,0.0,0.0
496,29,0.0,2,0,0,1,0,0.0,0.08620689655172414,1,0.0,1.0
717,36,164557.95,1,1,0,0,1,1.9985728292485112,0.06944444444444445,0,0.0,1.0
777,23,0.0,2,1,0,1,2,0.0,0.2826086956521739,1,0.0,0.0
535,35,118989.92,1,1,0,0,1,0.8779100017323591,0.24285714285714285,1,0.0,1.0
744,29,0.0,1,0,0,1,0,0.0,0.05172413793103448,1,0.0,0.0
755,31,0.0,2,1,0,1,2,0.0,0.1774193548387097,1,0.0,0.0
593,45,79259.75,1,0,0,0,0,1.43201830300779,0.14444444444444443,0,0.0,1.0
514,38,112230.38,1,0,1,0,0,6.713102138937955,0.11842105263157894,1,0.0,0.0
721,40,118129.87,1,1,0,0,1,0.7370281069874247,0.2375,1,0.0,0.0
835,38,86824.09,1,0,0,0,0,0.49357958925675316,0.19736842105263158,1,0.0,1.0
682,64,128306.7,1,1,0,0,1,1.9428095799283573,0.1640625,0,0.0,0.0
590,40,117641.43,2,0,0,0,0,1.2759505656511645,0.0625,0,1.0,0.0
653,37,125734.2,2,0,1,0,0,0.9339512125769975,0.0945945945945946,0,1.0,0.0
837,49,103302.37,1,1,0,0,1,2.0265074034483574,0.17346938775510204,1,0.0,0.0
841,27,0.0,1,0,0,1,0,0.0,0.3148148148148148,1,0.0,0.0
584,36,82696.09,2,0,0,0,0,0.9956290180707384,0.125,1,0.0,1.0
769,29,145471.37,1,0,0,0,0,0.772207552699471,0.15517241379310345,1,0.0,0.0
599,34,101506.66,1,0,0,0,0,0.5125790254103343,0.07352941176470588,1,0.0,1.0
698,47,156265.31,2,0,0,0,0,35.476218007762185,0.11702127659574468,1,0.0,0.0
477,27,128554.98,1,1,0,0,1,0.9653145252845164,0.05555555555555555,1,0.0,0.0
477,34,139959.55,2,1,0,0,2,0.7371070498701711,0.25,1,1.0,0.0
745,34,132944.53,1,1,0,0,1,4.180130310980533,0.22058823529411764,1,0.0,1.0
749,35,0.0,3,1,0,1,3,0.0,0.1,0,0.0,0.0
850,61,0.0,1,0,1,1,0,0.0,0.02459016393442623,1,0.0,0.0
528,22,93547.23,2,1,0,0,2,35.476218007762185,0.25,1,1.0,0.0
750,33,152302.72,1,0,0,0,0,2.135051736580535,0.07575757575757576,1,0.0,0.0
543,31,147674.26,1,1,0,0,1,8.864128895014096,0.08064516129032258,0,0.0,0.0
579,59,148021.12,1,1,0,0,1,1.9767983694274591,0.059322033898305086,0,0.0,1.0
624,37,0.0,2,0,0,1,0,0.0,0.013513513513513514,1,0.0,0.0
595,46,142360.62,2,0,1,0,0,2.9399744746233147,0.11956521739130435,1,1.0,0.0
596,27,151027.56,1,0,0,0,0,0.886720050389387,0.09259259259259259,0,1.0,0.0
431,44,138843.7,1,0,1,0,0,3.6839013502767766,0.056818181818181816,0,1.0,0.0
647,26,109958.15,1,1,1,0,1,0.8050043325716558,0.3269230769230769,0,0.0,1.0
640,31,138857.59,1,0,0,0,0,2.854698544070251,0.3064516129032258,0,0.0,0.0
752,45,105426.5,2,1,0,0,2,1.1743486036394541,0.07777777777777778,0,1.0,0.0
710,41,149155.53,2,0,1,0,0,3.540173966457057,0.23170731707317074,0,1.0,0.0
638,27,135096.05,1,1,1,0,1,0.7242796021889216,0.16666666666666666,1,1.0,0.0
660,28,170890.05,2,0,0,0,0,4.092204483248283,0.08928571428571429,1,1.0,0.0
609,45,89122.3,1,1,0,0,1,0.44727091983969725,0.1,0,0.0,1.0
596,54,78126.28,1,1,1,0,1,0.5090193493246296,0.009259259259259259,0,0.0,1.0
705,38,123894.43,1,0,0,0,0,5.850120171309041,0.09210526315789473,0,0.0,0.0
444,36,0.0,2,1,0,1,2,0.0,0.20833333333333334,1,0.0,0.0
727,58,106913.43,1,0,1,0,0,4.130802488215748,0.09482758620689655,1,1.0,0.0
496,32,127845.83,1,0,0,0,0,1.923355578890992,0.140625,1,0.0,0.0
554,22,0.0,2,1,0,1,2,0.0,0.38636363636363635,0,0.0,0.0
537,26,106397.75,1,0,0,0,0,1.0273600257540658,0.28846153846153844,1,0.0,0.0
839,51,0.0,1,1,1,1,1,0.0,0.06862745098039216,0,0.0,0.0
700,43,0.0,2,0,0,1,0,0.0,0.011627906976744186,0,0.0,1.0
458,35,166492.48,1,0,0,0,0,1.2306455067879265,0.15714285714285714,0,0.0,1.0
850,28,0.0,2,1,0,1,2,0.0,0.08928571428571429,0,0.0,0.0
699,31,114493.68,1,0,0,0,0,0.8272824936205411,0.20967741935483872,1,0.0,1.0
615,44,126104.98,2,1,0,0,2,1.1389640190095613,0.2159090909090909,0,1.0,0.0
850,51,124425.99,1,0,1,0,0,1.0495965759930976,0.08823529411764706,1,1.0,0.0
604,40,0.0,2,0,0,1,0,0.0,0.0375,0,0.0,0.0
668,34,0.0,1,0,0,1,0,0.0,0.014705882352941176,1,0.0,1.0
594,38,0.0,2,0,0,1,0,0.0,0.27631578947368424,0,0.0,1.0
470,30,101140.76,1,1,0,0,1,1.9867497321129535,0.11666666666666667,1,0.0,0.0
701,41,150844.94,1,1,0,0,1,1.181944732181223,0.012195121951219513,1,1.0,0.0
664,35,115024.5,1,1,0,0,1,0.6779435150508829,0.04285714285714286,1,0.0,1.0
477,30,131286.46,1,0,0,0,0,0.6762273336820409,0.21666666666666667,0,0.0,0.0
756,42,0.0,2,0,0,1,0,0.0,0.2261904761904762,0,0.0,0.0
625,40,141267.67,1,1,0,0,1,0.7963296079915901,0.1875,0,0.0,0.0
703,73,137761.55,1,1,0,0,1,0.8627434783627046,0.07534246575342465,1,0.0,1.0
646,30,0.0,2,0,0,1,0,0.0,0.25,1,0.0,0.0
650,33,98064.97,1,0,0,0,0,1.8710050695447829,0.015151515151515152,1,0.0,0.0
664,31,114519.57,2,1,0,0,2,1.4455340127149912,0.3064516129032258,0,0.0,0.0
682,29,101012.77,1,0,1,0,0,3.0994173525178357,0.22413793103448276,0,1.0,0.0
725,44,0.0,1,1,0,1,1,0.0,0.23863636363636365,0,0.0,0.0
553,46,82291.1,1,0,1,0,0,0.731145057009272,0.07608695652173914,1,1.0,0.0
576,39,84719.98,1,0,0,0,0,0.4434106915596399,0.24358974358974358,1,0.0,0.0
608,56,0.0,2,1,0,1,2,0.0,0.09821428571428571,0,0.0,1.0
850,39,104386.53,1,0,0,0,0,0.9858223475666736,0.01282051282051282,0,0.0,0.0
627,31,128131.73,1,0,0,0,0,1.3328663041738134,0.27419354838709675,1,0.0,0.0
667,44,122806.95,1,0,0,0,0,8.121153746959699,0.056818181818181816,1,0.0,0.0
548,44,0.0,1,0,0,1,0,0.0,0.19318181818181818,1,0.0,1.0
774,76,112510.89,1,1,0,0,1,0.7860518710485505,0.05921052631578947,1,0.0,0.0
794,57,117056.46,1,0,1,0,0,1.2541145919992014,0.06140350877192982,1,1.0,0.0
497,55,131778.66,1,1,0,0,1,13.212694663132018,0.13636363636363635,0,1.0,0.0
587,36,70784.27,1,0,0,0,0,2.314662262163016,0.041666666666666664,0,0.0,0.0
850,29,0.0,2,1,0,1,2,0.0,0.3620689655172414,0,0.0,0.0
722,46,0.0,2,0,0,1,0,0.0,0.11956521739130435,1,0.0,0.0
555,35,0.0,2,0,0,1,0,0.0,0.04285714285714286,0,0.0,1.0
609,38,140752.06,2,1,0,0,2,0.8210412856099206,0.17105263157894737,1,1.0,0.0
734,39,92126.26,2,0,0,0,0,0.8154618119477396,0.16666666666666666,0,0.0,1.0
718,39,93148.74,2,1,0,0,2,0.48833561960326793,0.19230769230769232,0,1.0,0.0
645,49,110132.55,3,1,1,0,3,0.586776152345364,0.11224489795918367,0,0.0,1.0
598,23,0.0,2,0,0,1,0,0.0,0.2826086956521739,0,0.0,1.0
628,50,122227.71,1,1,1,0,1,8.59622245806072,0.09,1,1.0,0.0
629,40,121647.54,2,1,1,0,2,1.8758080478341497,0.0625,1,1.0,0.0
739,58,110597.76,1,1,1,0,1,0.6907021735576117,0.02586206896551724,1,1.0,0.0
653,60,120731.39,4,1,1,0,4,0.8738449625947563,0.041666666666666664,0,0.0,0.0
711,28,0.0,2,1,0,1,2,0.0,0.30357142857142855,1,0.0,0.0
783,38,0.0,3,1,1,1,3,0.0,0.039473684210526314,1,0.0,1.0
681,38,153722.47,1,0,0,0,0,1.5171863100908443,0.17105263157894737,1,0.0,0.0
712,34,114088.32,1,0,0,0,0,1.2294581607901496,0.25,1,0.0,0.0
554,48,0.0,2,1,0,1,2,0.0,0.15625,0,0.0,0.0
611,37,0.0,2,0,0,1,0,0.0,0.17567567567567569,0,0.0,0.0
560,41,152532.3,1,0,0,0,0,14.148658388284979,0.10975609756097561,1,1.0,0.0
646,32,0.0,2,0,0,1,0,0.0,0.046875,1,0.0,1.0
680,34,143292.95,1,0,0,0,0,2.153906360739796,0.10294117647058823,1,0.0,0.0
631,26,149144.61,1,1,0,0,1,1.205706354015131,0.057692307692307696,1,0.0,0.0
746,36,127157.04,1,1,0,0,1,0.8166737368349559,0.2638888888888889,1,0.0,0.0
654,43,84673.17,2,1,0,0,2,1.0315636674632243,0.22093023255813954,1,1.0,0.0
687,33,135962.4,2,0,0,0,0,1.1167438309123954,0.2878787878787879,1,1.0,0.0
708,32,151691.44,2,1,0,0,2,0.8777855132450378,0.109375,1,1.0,0.0
679,32,88335.05,1,0,0,0,0,0.5535269708503532,0.015625,0,1.0,0.0
636,45,139859.23,1,1,0,0,1,1.290172165964322,0.16666666666666666,0,0.0,0.0
695,45,43134.65,1,1,0,0,1,0.5577899519405778,0.2111111111111111,1,0.0,0.0
677,42,99580.13,1,0,0,0,0,4.739888599911657,0.13095238095238096,1,0.0,0.0
720,34,110717.38,1,1,0,0,1,11.7791338854933,0.19117647058823528,0,0.0,0.0
780,37,0.0,2,0,1,1,0,0.0,0.0945945945945946,0,0.0,0.0
653,36,0.0,2,0,0,1,0,0.0,0.09722222222222222,0,0.0,1.0
674,28,0.0,1,0,0,1,0,0.0,0.125,0,0.0,0.0
620,40,108197.11,2,0,0,0,0,2.1759823455141993,0.1375,1,1.0,0.0
623,40,0.0,2,1,0,1,2,0.0,0.1625,1,0.0,0.0
547,29,104450.86,1,1,0,0,1,2.8107444092345584,0.22413793103448276,0,0.0,0.0
530,39,0.0,2,0,0,1,0,0.0,0.0641025641025641,1,0.0,0.0
746,34,0.0,1,1,0,1,1,0.0,0.1323529411764706,0,0.0,0.0
512,31,0.0,2,0,0,1,0,0.0,0.24193548387096775,0,0.0,0.0
630,40,0.0,2,1,0,1,2,0.0,0.2125,1,0.0,0.0
570,21,116099.82,1,1,0,0,1,0.7839888034610628,0.35714285714285715,1,0.0,1.0
605,39,111169.91,1,0,0,0,0,11.529277980585746,0.16666666666666666,1,0.0,0.0
530,37,0.0,2,1,0,1,2,0.0,0.12162162162162163,1,0.0,1.0
813,25,123616.43,1,1,0,0,1,0.9297241515570848,0.22,0,1.0,0.0
704,37,155619.58,1,1,0,0,1,1.151973231392088,0.25675675675675674,0,0.0,1.0
565,31,89558.39,2,1,0,0,2,20.1592759997659,0.08064516129032258,1,1.0,0.0
645,45,0.0,1,1,1,1,1,0.0,0.1,1,0.0,1.0
526,32,131938.92,2,1,0,0,2,35.476218007762185,0.203125,0,1.0,0.0
778,33,151772.63,2,0,1,0,0,0.8420074258697348,0.2878787878787879,0,0.0,0.0
677,72,0.0,2,1,0,1,2,0.0,0.11805555555555555,0,0.0,0.0
588,64,0.0,1,1,0,1,1,0.0,0.0546875,0,0.0,0.0
488,22,0.0,2,1,0,1,2,0.0,0.29545454545454547,0,0.0,0.0
519,39,97700.02,1,1,0,0,1,3.1813716886632806,0.038461538461538464,1,0.0,0.0
709,31,0.0,2,1,0,1,2,0.0,0.20967741935483872,1,0.0,0.0
642,56,103244.86,2,0,1,0,0,0.7217360387979872,0.11607142857142858,0,1.0,0.0
710,34,147833.3,2,1,0,0,2,35.476218007762185,0.25,1,1.0,0.0
653,46,0.0,2,0,0,1,0,0.0,0.11956521739130435,0,0.0,0.0
743,71,0.0,2,1,0,1,2,0.0,0.007042253521126761,1,0.0,0.0
418,39,0.0,2,0,0,1,0,0.0,0.0641025641025641,0,0.0,0.0
670,33,84521.48,2,1,0,0,2,0.4268372504425733,0.2878787878787879,0,1.0,0.0
723,28,91938.31,1,0,0,0,0,0.6407616659412605,0.19642857142857142,0,1.0,0.0
549,45,124240.93,1,1,0,0,1,0.8487938152197073,0.14444444444444443,1,1.0,0.0
543,42,0.0,2,0,0,1,0,0.0,0.13095238095238096,0,0.0,0.0
595,37,157084.99,1,0,0,0,0,1.1655944918134575,0.06756756756756757,1,0.0,1.0
673,25,108244.82,2,1,0,0,2,1.0450867661450218,0.14,0,1.0,0.0
741,21,0.0,2,1,0,1,2,0.0,0.4523809523809524,0,0.0,0.0
508,41,82161.7,2,0,0,0,0,0.4375481853549113,0.13414634146341464,0,1.0,0.0
662,59,104568.41,1,0,1,0,0,12.973039933303891,0.0423728813559322,1,1.0,0.0
752,36,119912.46,1,0,0,0,0,0.9642682069337754,0.06944444444444445,0,0.0,0.0
809,36,68881.59,2,1,0,0,2,0.631153061988374,0.2638888888888889,1,0.0,0.0
575,30,0.0,2,1,0,1,2,0.0,0.08333333333333333,1,0.0,1.0
591,40,86376.29,1,1,1,0,1,0.6315526216043266,0.0375,0,0.0,1.0
643,45,150840.03,2,0,0,0,0,0.969924127436585,0.2111111111111111,0,0.0,1.0
698,55,155059.1,2,1,0,0,2,1.072440356830214,0.15454545454545454,1,1.0,0.0
496,29,0.0,2,0,0,1,0,0.0,0.15517241379310345,0,0.0,0.0
597,44,78128.13,2,1,0,0,2,0.7157603145059954,0.19318181818181818,1,0.0,0.0
603,46,98899.76,2,1,0,0,2,1.1474442792048483,0.09782608695652174,1,1.0,0.0
655,37,0.0,1,1,0,1,1,0.0,0.04054054054054054,1,0.0,1.0
431,63,160982.89,1,1,0,0,1,0.9581791874812547,0.10317460317460317,1,0.0,0.0
620,70,87926.24,2,0,1,0,0,2.636369360557892,0.05,0,0.0,0.0
782,35,0.0,1,1,0,1,1,0.0,0.12857142857142856,0,0.0,0.0
581,46,79385.21,2,0,0,0,0,0.42115550525741374,0.05434782608695652,1,0.0,1.0
553,53,127997.83,1,0,1,0,0,0.773963557549943,0.10377358490566038,1,1.0,0.0
658,44,168396.34,1,1,0,0,1,11.875849540153444,0.056818181818181816,1,0.0,0.0
686,43,134896.03,1,1,0,0,1,1.3786276783236866,0.05813953488372093,1,1.0,0.0
539,36,0.0,3,1,0,1,3,0.0,0.18055555555555555,1,0.0,1.0
685,50,94238.75,2,1,1,0,2,1.8600339444907508,0.13,0,0.0,0.0
850,29,0.0,2,0,0,1,0,0.0,0.05172413793103448,1,0.0,0.0
763,39,0.0,2,0,0,1,0,0.0,0.19230769230769232,0,0.0,1.0
634,43,212696.32,1,0,0,0,0,1.8452032474056965,0.08139534883720931,1,1.0,0.0
567,59,0.0,2,0,1,1,0,0.0,0.059322033898305086,1,0.0,0.0
539,39,139153.68,2,0,0,0,0,0.9423712711883174,0.08974358974358974,1,0.0,0.0
764,41,0.0,2,0,0,1,0,0.0,0.18292682926829268,1,0.0,0.0
653,40,0.0,2,0,0,1,0,0.0,0.0125,0,0.0,0.0
566,44,0.0,2,0,0,1,0,0.0,0.125,1,0.0,1.0
714,29,92887.13,1,1,0,0,1,1.3349785978598003,0.22413793103448276,1,1.0,0.0
580,65,0.0,2,1,0,1,2,0.0,0.023076923076923078,0,0.0,1.0
548,29,83442.98,1,1,0,0,1,0.4713802899235497,0.1896551724137931,1,0.0,0.0
646,36,144773.29,2,0,0,0,0,2.72036667837943,0.18055555555555555,0,1.0,0.0
622,52,111973.97,1,1,1,0,1,0.6879812879656573,0.18269230769230768,0,1.0,0.0
706,35,178032.53,1,1,0,0,1,4.220512542114442,0.24285714285714285,0,0.0,0.0
680,23,140007.19,1,1,0,0,1,4.414530564009298,0.2391304347826087,1,0.0,0.0
698,37,98400.61,2,0,0,0,0,3.933148481830086,0.14864864864864866,1,0.0,0.0
581,46,0.0,2,0,0,1,0,0.0,0.03260869565217391,0,0.0,1.0
728,45,108924.33,2,0,1,0,0,1.292082100653133,0.07777777777777778,1,1.0,0.0
707,32,132835.56,1,0,0,0,0,0.9704651374827731,0.140625,0,0.0,1.0
761,26,0.0,2,1,0,1,2,0.0,0.057692307692307696,0,0.0,0.0
483,41,118334.44,1,0,1,0,0,0.7253151858310616,0.036585365853658534,1,1.0,0.0
736,25,81732.88,2,0,0,0,0,0.5987832227629535,0.38,0,1.0,0.0
716,66,121411.9,1,0,1,0,0,12.055116468415513,0.08333333333333333,1,1.0,0.0
654,32,121455.65,1,0,1,0,0,0.6390064204399306,0.296875,1,0.0,0.0
649,20,0.0,2,1,0,1,2,0.0,0.275,1,0.0,1.0
649,46,0.0,2,1,0,1,2,0.0,0.11956521739130435,1,0.0,0.0
612,31,117989.76,1,1,0,0,1,2.179713383456313,0.27419354838709675,0,0.0,0.0
657,40,0.0,2,1,0,1,2,0.0,0.2625,1,0.0,1.0
511,31,137411.29,1,1,0,0,1,0.8489725866168182,0.1774193548387097,0,0.0,0.0
682,61,73688.2,1,1,0,0,1,0.42806554320485846,0.1721311475409836,1,0.0,0.0
748,58,122330.7,2,1,0,0,2,0.9831271655214864,0.16379310344827586,1,0.0,1.0
554,43,99906.89,1,0,0,0,0,3.998772433507482,0.12790697674418605,1,1.0,0.0
794,28,0.0,2,1,0,1,2,0.0,0.19642857142857142,0,0.0,1.0
807,47,167664.83,1,0,1,0,0,1.3366019321735911,0.20212765957446807,0,0.0,0.0
594,34,141525.55,1,0,0,0,0,14.985525431086968,0.22058823529411764,0,0.0,0.0
652,33,124832.51,1,0,0,0,0,0.637297051032668,0.10606060606060606,0,0.0,1.0
729,34,132121.71,1,1,0,0,1,1.2534040550682375,0.27941176470588236,0,0.0,0.0
625,39,0.0,2,0,0,1,0,0.0,0.0641025641025641,1,0.0,0.0
597,60,78539.84,1,1,0,0,1,1.6192486044415415,0.008333333333333333,0,1.0,0.0
657,38,123770.46,1,0,1,0,0,2.632256969595918,0.14473684210526316,0,1.0,0.0
633,43,0.0,2,1,0,1,2,0.0,0.12790697674418605,1,0.0,0.0
663,49,116150.65,3,1,1,0,3,1.3768498018781712,0.15306122448979592,1,1.0,0.0
535,47,160729.1,1,1,0,0,1,1.1009796396742595,0.010638297872340425,1,0.0,0.0
702,29,88378.6,1,0,0,0,0,0.9980499434903709,0.3620689655172414,0,0.0,0.0
712,33,182888.08,1,0,0,0,0,35.476218007762185,0.07575757575757576,1,0.0,0.0
607,31,0.0,2,1,0,1,2,0.0,0.27419354838709675,1,0.0,0.0
476,37,0.0,1,1,1,1,1,0.0,0.12162162162162163,1,0.0,0.0
748,23,85600.08,1,0,0,0,0,0.6384315600888464,0.3695652173913043,0,0.0,1.0
815,35,0.0,2,1,0,1,2,0.0,0.12857142857142856,1,0.0,0.0
602,32,0.0,2,1,0,1,2,0.0,0.328125,1,0.0,0.0
649,40,95001.33,1,1,0,0,1,0.7710897187664133,0.1125,1,1.0,0.0
551,27,113873.22,1,1,1,0,1,1.3376270413153786,0.09259259259259259,1,0.0,1.0
509,30,0.0,2,0,0,1,0,0.0,0.21666666666666667,1,0.0,0.0
685,40,74896.92,1,0,0,0,0,0.37694378122873623,0.1875,1,0.0,1.0
536,22,89492.62,1,0,0,0,0,2.084353644530869,0.25,0,0.0,0.0
711,38,128718.78,1,0,0,0,0,1.1212979373131715,0.09210526315789473,1,0.0,1.0
761,27,0.0,2,0,0,1,0,0.0,0.3148148148148148,1,0.0,1.0
535,49,0.0,1,0,1,1,0,0.0,0.07142857142857142,0,0.0,0.0
566,22,144954.75,2,0,0,0,0,1.4176919616223458,0.3409090909090909,1,1.0,0.0
620,21,0.0,2,0,0,1,0,0.0,0.4523809523809524,1,0.0,1.0
837,37,94001.61,2,0,0,0,0,0.667985394109962,0.17567567567567569,1,1.0,0.0
685,40,0.0,1,0,1,1,0,0.0,0.1875,0,0.0,0.0
673,65,0.0,1,1,0,1,1,0.0,0.007692307692307693,1,0.0,0.0
638,24,0.0,2,1,0,1,2,0.0,0.0625,1,0.0,0.0
614,46,0.0,1,0,1,1,0,0.0,0.09782608695652174,1,0.0,0.0
626,44,0.0,1,1,1,1,1,0.0,0.056818181818181816,0,0.0,0.0
834,38,0.0,2,1,0,1,2,0.0,0.2236842105263158,1,0.0,1.0
691,24,0.0,2,1,0,1,2,0.0,0.2708333333333333,1,0.0,0.0
706,38,0.0,2,1,0,1,2,0.0,0.2236842105263158,1,0.0,1.0
633,37,141546.35,1,1,0,0,1,1.1339028388035644,0.20270270270270271,1,0.0,0.0
644,32,141528.88,1,1,1,0,1,0.8470302595620975,0.265625,0,1.0,0.0
666,30,109805.3,1,1,0,0,1,0.6710725935936073,0.25,1,0.0,0.0
708,32,86614.06,2,1,0,0,2,0.5031890383480511,0.328125,1,0.0,0.0
496,59,91680.1,2,0,1,0,0,0.5619644165598376,0.1271186440677966,0,1.0,0.0
730,38,38848.19,2,0,0,0,0,0.4132605478632796,0.013157894736842105,1,1.0,0.0
696,40,153639.11,1,1,0,0,1,1.1104888607867949,0.0875,1,0.0,1.0
809,80,0.0,2,1,0,1,2,0.0,0.10625,1,0.0,1.0
701,33,123870.07,1,0,0,0,0,1.2666206932798996,0.22727272727272727,0,0.0,1.0
604,30,0.0,2,0,0,1,0,0.0,0.18333333333333332,1,0.0,0.0
665,39,46323.57,1,0,0,0,0,0.3385903622330682,0.2692307692307692,1,0.0,0.0
639,60,162039.78,1,1,1,0,1,1.9207510141920507,0.09166666666666666,0,0.0,0.0
696,19,110928.51,1,1,0,0,1,35.476218007762185,0.07894736842105263,1,0.0,0.0
520,38,0.0,2,0,0,1,0,0.0,0.14473684210526316,1,0.0,0.0
545,53,114421.55,1,0,1,0,0,0.6335659256227378,0.10377358490566038,1,1.0,0.0
634,29,130036.21,2,1,0,0,2,1.8616347330121237,0.29310344827586204,0,1.0,0.0
750,26,151510.17,2,1,0,0,2,7.604893809680606,0.057692307692307696,0,0.0,0.0
530,41,0.0,2,1,0,1,2,0.0,0.10975609756097561,0,0.0,1.0
589,59,0.0,2,1,1,1,2,0.0,0.0423728813559322,0,0.0,0.0
654,37,83568.55,1,0,0,0,0,1.7762507938748149,0.17567567567567569,1,0.0,0.0
648,43,139972.18,1,0,0,0,0,0.97426455899711,0.1744186046511628,0,0.0,0.0
835,45,100212.13,1,0,0,0,0,0.656790119087458,0.07777777777777778,1,0.0,1.0
446,39,90217.07,1,0,0,0,0,0.47147307143900846,0.038461538461538464,0,0.0,0.0
514,66,0.0,2,1,0,1,2,0.0,0.14393939393939395,1,0.0,1.0
694,33,124067.32,1,1,0,0,1,1.592487639567094,0.13636363636363635,1,1.0,0.0
554,46,0.0,2,1,0,1,2,0.0,0.09782608695652174,1,0.0,1.0
720,57,162082.31,4,0,1,0,0,5.9706016157378805,0.02631578947368421,0,1.0,0.0
641,51,117306.69,4,1,1,0,4,4.358620435970947,0.049019607843137254,0,1.0,0.0
813,32,122889.88,1,1,0,0,1,4.641350778292854,0.046875,1,0.0,0.0
480,40,148790.61,1,1,0,0,1,1.8755741472090879,0.1625,1,0.0,0.0
811,46,180226.24,1,0,1,0,0,13.38415700998987,0.20652173913043478,1,0.0,0.0
715,32,104857.19,2,0,0,0,0,0.918584801858594,0.109375,0,1.0,0.0
620,31,166833.86,2,1,0,0,2,1.2342283865221204,0.08064516129032258,1,0.0,1.0
721,42,102936.72,1,0,0,0,0,35.476218007762185,0.10714285714285714,1,0.0,0.0
772,48,108736.52,1,0,1,0,0,0.5891481335613498,0.13541666666666666,0,1.0,0.0
680,44,129974.79,2,1,0,0,2,3.8923487933474643,0.011363636363636364,1,1.0,0.0
535,38,85982.07,1,0,0,0,0,9.306073479194966,0.2236842105263158,1,0.0,0.0
655,20,134397.61,1,0,0,0,0,4.794685011419687,0.375,0,0.0,0.0
660,63,137841.53,1,1,0,0,1,3.221252035168839,0.1349206349206349,1,0.0,0.0
762,56,100260.88,3,1,1,0,3,1.299668591306945,0.1875,1,1.0,0.0
662,39,139822.11,2,1,0,0,2,0.9562388824032678,0.14102564102564102,1,1.0,0.0
463,41,123151.51,2,0,0,0,0,1.756072850391415,0.2073170731707317,0,1.0,0.0
501,27,95331.83,2,0,0,0,0,0.7216326525050838,0.16666666666666666,1,1.0,0.0
603,42,0.0,1,1,0,1,1,0.0,0.15476190476190477,0,0.0,1.0
688,37,138162.41,2,1,0,0,2,1.2127242361818251,0.20270270270270271,1,0.0,1.0
430,38,0.0,2,1,0,1,2,0.0,0.25,1,0.0,0.0
632,48,126066.26,1,0,1,0,0,1.9591748500814572,0.13541666666666666,1,1.0,0.0
601,42,96763.89,1,1,0,0,1,0.4856560798800865,0.10714285714285714,0,0.0,1.0
769,38,0.0,2,0,0,1,0,0.0,0.06578947368421052,0,0.0,0.0
551,42,139561.46,1,0,1,0,0,3.213004844090548,0.05952380952380952,1,0.0,0.0
841,52,0.0,1,0,1,1,0,0.0,0.10576923076923077,0,0.0,0.0
469,31,0.0,1,0,1,1,0,0.0,0.20967741935483872,0,0.0,1.0
479,27,172463.45,1,1,0,0,1,4.277763047027912,0.09259259259259259,1,0.0,1.0
701,37,107798.85,1,0,0,0,0,6.353168632457023,0.22972972972972974,1,0.0,0.0
593,36,70181.48,2,0,0,0,0,0.8706394512184229,0.06944444444444445,1,0.0,0.0
738,38,177997.07,1,1,0,0,1,9.25409565461067,0.14473684210526316,1,0.0,1.0
635,31,0.0,2,0,0,1,0,0.0,0.04838709677419355,1,0.0,1.0
658,32,0.0,1,1,0,1,1,0.0,0.265625,1,0.0,0.0
687,36,0.0,1,0,0,1,0,0.0,0.1527777777777778,0,0.0,1.0
650,37,0.0,2,0,0,1,0,0.0,0.25675675675675674,1,0.0,0.0
720,21,123200.78,1,1,0,0,1,0.6817472407119167,0.11904761904761904,1,0.0,1.0
602,63,0.0,2,1,0,1,2,0.0,0.11904761904761904,0,0.0,0.0
618,33,0.0,2,1,0,1,2,0.0,0.13636363636363635,1,0.0,1.0
803,41,137742.9,2,1,0,0,2,0.8250112213299063,0.23170731707317074,1,1.0,0.0
793,63,116270.72,1,1,0,0,1,0.6310683779819451,0.15079365079365079,0,0.0,0.0
616,41,113220.2,2,1,0,0,2,0.9925161678073452,0.25609756097560976,1,1.0,0.0
550,51,0.0,2,0,0,1,0,0.0,0.10784313725490197,1,0.0,1.0
602,56,115895.22,3,0,1,0,0,27.744913422245205,0.0625,0,0.0,0.0
452,60,121730.49,1,1,0,0,1,0.8514747983569882,0.10833333333333334,0,0.0,0.0
655,28,113811.85,2,1,0,0,2,1.4810528903355487,0.125,0,0.0,1.0
510,26,136214.08,1,0,0,0,0,0.8527059001461907,0.25,0,0.0,0.0
557,39,146200.01,1,0,0,0,0,0.8215992816682668,0.21794871794871795,1,0.0,0.0
676,37,106242.67,1,1,0,0,1,0.6374077809791355,0.28378378378378377,1,0.0,0.0
640,29,0.0,2,0,0,1,0,0.0,0.15517241379310345,0,0.0,0.0
529,31,0.0,1,0,0,1,0,0.0,0.20967741935483872,1,0.0,1.0
559,45,24043.45,1,1,1,0,1,0.14161328217374647,0.18888888888888888,1,0.0,0.0
689,58,0.0,2,1,0,1,2,0.0,0.09482758620689655,0,0.0,0.0
626,39,132287.92,3,1,1,0,3,2.5702486082863216,0.2692307692307692,1,1.0,0.0
697,30,0.0,2,0,0,1,0,0.0,0.05,1,0.0,1.0
823,44,0.0,2,1,0,1,2,0.0,0.03409090909090909,0,0.0,0.0
565,32,90322.99,2,1,0,0,2,0.7606699333181014,0.140625,0,1.0,0.0
631,23,0.0,2,0,0,1,0,0.0,0.15217391304347827,1,0.0,1.0
646,34,131283.11,1,0,0,0,0,1.0059881235218098,0.10294117647058823,0,0.0,0.0
676,48,131659.59,2,1,0,0,2,9.302493791134836,0.03125,1,0.0,1.0
850,54,120952.74,1,0,0,0,0,1.806231244628656,0.08333333333333333,0,0.0,1.0
810,38,153166.17,1,1,0,0,1,1.6423091592146872,0.25,0,0.0,0.0
581,30,53291.86,1,0,0,0,0,0.27109050169475246,0.016666666666666666,1,0.0,1.0
718,35,167924.95,1,0,0,0,0,3.9029041752778113,0.07142857142857142,0,0.0,0.0
713,43,86394.14,1,1,0,0,1,0.6645594191418248,0.12790697674418605,1,0.0,0.0
672,50,0.0,1,0,1,1,0,0.0,0.03,0,0.0,0.0
781,33,0.0,2,1,0,1,2,0.0,0.10606060606060606,1,0.0,1.0
656,47,0.0,2,1,0,1,2,0.0,0.031914893617021274,1,0.0,1.0
583,31,158978.79,1,0,0,0,0,12.677815328965417,0.14516129032258066,0,0.0,0.0
808,37,100431.84,1,0,1,0,0,2.857927765726496,0.06756756756756757,0,1.0,0.0
721,33,0.0,2,1,0,1,2,0.0,0.16666666666666666,1,0.0,1.0
778,29,150358.97,1,0,1,0,0,2.407476517896643,0.22413793103448276,0,1.0,0.0
850,45,114347.85,2,1,0,0,2,1.048196975635906,0.1,0,0.0,1.0
693,39,0.0,2,1,0,1,2,0.0,0.11538461538461539,0,0.0,0.0
520,34,134007.9,1,1,0,0,1,0.6935863759924364,0.1323529411764706,1,0.0,0.0
759,31,98899.91,1,1,0,0,1,2.0675729013488784,0.14516129032258066,1,1.0,0.0
637,60,0.0,2,1,0,1,2,0.0,0.058333333333333334,1,0.0,0.0
755,40,137430.82,2,0,0,0,0,0.7774573669600071,0.0625,1,1.0,0.0
662,47,0.0,2,1,0,1,2,0.0,0.13829787234042554,0,0.0,0.0
503,37,0.0,2,1,0,1,2,0.0,0.22972972972972974,0,0.0,0.0
599,39,188976.89,2,1,0,0,2,1.0728600821071097,0.0641025641025641,1,1.0,0.0
583,40,0.0,2,0,0,1,0,0.0,0.1125,0,0.0,1.0
764,48,75990.97,1,0,1,0,0,0.4799688058997197,0.03125,0,0.0,1.0
513,29,0.0,2,1,0,1,2,0.0,0.3620689655172414,1,0.0,0.0
730,62,112181.08,1,1,0,0,1,1.823641665828116,0.08870967741935484,1,0.0,1.0
820,34,97208.46,1,1,0,0,1,1.6322649197354888,0.3088235294117647,1,0.0,1.0
597,26,0.0,2,0,0,1,0,0.0,0.28846153846153844,0,0.0,1.0
637,32,0.0,1,0,0,1,0,0.0,0.171875,1,0.0,0.0
696,34,150856.79,1,1,0,0,1,18.312796651525048,0.27941176470588236,1,0.0,0.0
635,37,146748.07,1,1,0,0,1,12.862956651923378,0.25675675675675674,0,1.0,0.0
673,57,0.0,2,1,0,1,2,0.0,0.07894736842105263,0,0.0,1.0
662,33,0.0,2,1,0,1,2,0.0,0.10606060606060606,1,0.0,1.0
683,41,148863.17,1,1,0,0,1,0.9081878043090355,0.012195121951219513,1,0.0,1.0
850,55,0.0,1,0,1,1,0,0.0,0.11818181818181818,1,0.0,0.0
815,28,0.0,2,1,0,1,2,0.0,0.23214285714285715,1,0.0,1.0
671,34,153360.02,1,0,0,0,0,1.0914460277305256,0.3088235294117647,1,0.0,1.0
601,40,92055.36,1,1,1,0,1,0.5590869818239593,0.0875,0,0.0,0.0
709,39,124723.92,1,0,0,0,0,1.6936322136321158,0.24358974358974358,0,1.0,0.0
702,28,103033.83,1,1,0,0,1,2.5552206477366317,0.05357142857142857,1,1.0,0.0
558,40,0.0,2,0,0,1,0,0.0,0.1625,1,0.0,0.0
691,40,0.0,2,1,0,1,2,0.0,0.0375,1,0.0,1.0
700,30,0.0,1,1,0,1,1,0.0,0.31666666666666665,0,0.0,0.0
667,33,0.0,2,1,0,1,2,0.0,0.13636363636363635,1,0.0,0.0
624,54,116726.22,1,0,1,0,0,1.056354486145136,0.06481481481481481,1,1.0,0.0
580,23,113923.81,2,0,0,0,0,0.5805258832149602,0.2391304347826087,0,0.0,0.0
571,31,0.0,2,1,0,1,2,0.0,0.11290322580645161,0,0.0,1.0
561,37,0.0,2,0,0,1,0,0.0,0.14864864864864866,1,0.0,0.0
529,28,0.0,2,1,0,1,2,0.0,0.3392857142857143,1,0.0,0.0
670,36,0.0,2,0,0,1,0,0.0,0.20833333333333334,1,0.0,0.0
666,21,121827.43,2,1,0,0,2,1.2204795845613439,0.07142857142857142,0,1.0,0.0
628,42,0.0,2,1,0,1,2,0.0,0.17857142857142858,1,0.0,1.0
577,60,125389.7,2,1,0,0,2,0.7020002997462793,0.175,1,0.0,0.0
652,38,103895.31,1,1,0,0,1,0.6507674516900799,0.039473684210526314,0,0.0,1.0
678,26,111128.04,1,0,1,0,0,1.823496893043203,0.21153846153846154,1,0.0,0.0
692,49,0.0,2,0,0,1,0,0.0,0.19387755102040816,0,0.0,1.0
675,32,0.0,2,0,0,1,0,0.0,0.328125,1,0.0,1.0
712,52,0.0,1,1,1,1,1,0.0,0.18269230769230768,1,0.0,1.0
639,37,151242.48,1,1,0,0,1,3.046869324608949,0.14864864864864866,0,1.0,0.0
618,48,0.0,1,0,1,1,0,0.0,0.15625,1,0.0,0.0
554,39,129709.62,1,0,0,0,0,0.7489089373487425,0.0641025641025641,1,0.0,0.0
533,47,83347.25,1,1,0,0,1,0.6052934971468202,0.20212765957446807,1,0.0,0.0
540,28,84121.04,1,1,0,0,1,1.0423980111906461,0.23214285714285715,0,0.0,1.0
704,33,0.0,2,0,0,1,0,0.0,0.10606060606060606,1,0.0,1.0
678,43,102338.19,1,1,0,0,1,1.284838586316089,0.12790697674418605,1,0.0,0.0
712,29,87375.78,2,0,0,0,0,0.5257408547630613,0.1206896551724138,0,0.0,0.0
651,44,0.0,3,0,1,1,0,0.0,0.056818181818181816,1,0.0,0.0
789,51,104677.09,1,0,0,0,0,1.4094815177473305,0.06862745098039216,1,1.0,0.0
775,32,121669.23,1,1,0,0,1,0.9664004726313606,0.265625,1,1.0,0.0
564,40,108407.34,1,1,0,0,1,1.2954647463857307,0.1875,1,1.0,0.0
841,33,154969.79,2,1,0,0,2,1.5573796752481617,0.22727272727272727,0,1.0,0.0
850,39,141829.67,1,1,0,0,1,1.5291747116631569,0.01282051282051282,1,0.0,1.0
637,63,0.0,1,0,1,1,0,0.0,0.0873015873015873,0,0.0,0.0
500,45,109162.82,1,1,0,0,1,0.8653683095027607,0.05555555555555555,1,0.0,0.0
655,44,87471.63,1,1,0,0,1,0.46380677788984626,0.19318181818181818,1,0.0,0.0
666,33,147229.65,1,1,0,0,1,2.6099378899604457,0.07575757575757576,0,0.0,0.0
658,24,0.0,2,1,0,1,2,0.0,0.10416666666666667,0,0.0,0.0
749,66,182532.23,2,1,0,0,2,0.9339987244597733,0.09848484848484848,1,1.0,0.0
654,32,0.0,2,1,0,1,2,0.0,0.203125,1,0.0,0.0
623,39,160903.2,1,0,0,0,0,2.0425574697468853,0.038461538461538464,0,0.0,0.0
761,33,138053.79,2,0,0,0,0,0.9279030081984584,0.19696969696969696,0,0.0,0.0
627,44,153548.12,1,0,1,0,0,4.349672021365918,0.14772727272727273,1,0.0,0.0
757,31,149085.9,2,1,0,0,2,0.7564803157485175,0.27419354838709675,1,1.0,0.0
695,53,95231.91,1,0,1,0,0,1.3577055336475539,0.16037735849056603,0,1.0,0.0
726,34,0.0,2,0,0,1,0,0.0,0.10294117647058823,1,0.0,0.0
587,41,85109.21,1,0,0,0,0,35.476218007762185,0.2073170731707317,1,0.0,1.0
605,43,125338.8,2,0,0,0,0,5.228739738176715,0.19767441860465115,0,1.0,0.0
850,62,0.0,2,1,0,1,2,0.0,0.08870967741935484,1,0.0,1.0
850,38,106831.69,1,1,0,0,1,0.7170936224985689,0.013157894736842105,0,0.0,0.0
751,29,159597.45,1,0,0,0,0,3.9963894198156473,0.1206896551724138,1,0.0,0.0
627,37,147361.57,1,1,0,0,1,1.1077072178203058,0.20270270270270271,0,1.0,0.0
736,43,176134.54,1,1,0,0,1,3.332228610001007,0.10465116279069768,1,0.0,0.0
652,74,0.0,2,1,0,1,2,0.0,0.07432432432432433,0,0.0,0.0
627,35,0.0,2,1,0,1,2,0.0,0.21428571428571427,0,0.0,0.0
636,34,84055.43,1,0,0,0,0,2.241965985131698,0.04411764705882353,1,0.0,0.0
775,60,0.0,2,1,0,1,2,0.0,0.125,1,0.0,0.0
850,45,174088.3,4,0,1,0,0,30.701725302496683,0.12222222222222222,0,0.0,1.0
850,34,199229.14,1,0,0,0,0,2.9252248914910584,0.25,1,0.0,1.0
516,37,0.0,1,0,0,1,0,0.0,0.22972972972972974,1,0.0,0.0
513,42,0.0,2,1,0,1,2,0.0,0.25,0,0.0,1.0
673,69,78833.15,2,1,0,0,2,2.1193330671839106,0.050724637681159424,0,1.0,0.0
564,27,0.0,1,0,0,1,0,0.0,0.24074074074074073,0,0.0,0.0
636,35,0.0,2,1,0,1,2,0.0,0.07142857142857142,0,0.0,0.0
712,29,102540.61,1,1,0,0,1,0.5405928001839291,0.1206896551724138,1,0.0,0.0
568,51,0.0,3,1,0,1,3,0.0,0.08823529411764706,1,0.0,0.0
741,43,0.0,2,1,1,1,2,0.0,0.011627906976744186,1,0.0,1.0
754,39,129401.87,1,1,0,0,1,1.475742687566865,0.21794871794871795,0,1.0,0.0
709,32,0.0,2,1,0,1,2,0.0,0.234375,0,0.0,0.0
510,32,0.0,2,1,0,1,2,0.0,0.046875,0,0.0,0.0
716,33,0.0,2,1,0,1,2,0.0,0.07575757575757576,1,0.0,1.0
607,36,106702.94,2,0,0,0,0,0.5380485933745,0.2916666666666667,1,1.0,0.0
656,26,139584.57,1,0,0,0,0,3.8442533488772908,0.17307692307692307,1,0.0,1.0
550,52,121016.23,1,1,1,0,1,2.8998863444933627,0.10576923076923077,1,1.0,0.0
486,26,0.0,2,1,0,1,2,0.0,0.09615384615384616,1,0.0,0.0
598,59,118210.42,2,0,1,0,0,1.96385202699178,0.1440677966101695,1,1.0,0.0
675,35,0.0,2,0,0,1,0,0.0,0.24285714285714285,1,0.0,1.0
755,29,148654.84,2,1,0,0,2,5.160535150726808,0.15517241379310345,0,0.0,0.0
656,32,136963.12,1,0,0,0,0,1.023523770977425,0.171875,1,0.0,1.0
644,47,137774.11,2,0,0,0,0,0.906982762377605,0.20212765957446807,1,1.0,0.0
598,32,111156.52,1,1,0,0,1,0.6641076571572506,0.140625,0,0.0,0.0
850,31,121237.65,1,1,0,0,1,3.907921914828601,0.11290322580645161,0,0.0,1.0
679,36,97234.58,1,0,0,0,0,0.5144739036502382,0.041666666666666664,1,0.0,0.0
632,60,0.0,2,1,0,1,2,0.0,0.041666666666666664,1,0.0,0.0
550,45,0.0,2,1,0,1,2,0.0,0.011111111111111112,1,0.0,1.0
572,54,97382.53,1,1,0,0,1,0.4974258701214851,0.17592592592592593,0,1.0,0.0
626,47,103108.8,1,1,1,0,1,0.6193597124013465,0.05319148936170213,0,1.0,0.0
625,57,0.0,1,0,1,1,0,0.0,0.13157894736842105,0,0.0,1.0
515,58,131852.81,1,0,1,0,0,1.6190639271649194,0.04310344827586207,0,0.0,0.0
612,35,0.0,1,1,1,1,1,0.0,0.04285714285714286,1,0.0,1.0
628,39,107553.33,1,0,0,0,0,0.9151573702858836,0.21794871794871795,0,0.0,1.0
529,43,0.0,2,0,0,1,0,0.0,0.12790697674418605,0,0.0,1.0
668,46,161806.09,1,1,0,0,1,0.935007843542208,0.16304347826086957,0,1.0,0.0
526,30,0.0,2,0,0,1,0,0.0,0.31666666666666665,1,0.0,0.0
791,52,0.0,1,1,0,1,1,0.0,0.14423076923076922,0,0.0,0.0
573,27,128243.03,1,1,0,0,1,11.02469752431583,0.09259259259259259,1,0.0,0.0
565,38,126645.13,1,1,0,0,1,0.752475972871797,0.14473684210526316,0,0.0,0.0
604,47,62094.71,3,0,1,0,0,6.670323661793299,0.18085106382978725,0,0.0,0.0
656,37,112291.34,1,0,0,0,0,0.7331685502977723,0.20270270270270271,1,0.0,0.0
447,44,89188.83,1,1,0,0,1,1.1827307900198967,0.125,0,0.0,0.0
682,55,0.0,1,0,1,1,0,0.0,0.17272727272727273,1,0.0,0.0
437,28,109161.25,1,0,0,0,0,0.7135262263640607,0.08928571428571429,1,0.0,1.0
792,47,0.0,1,1,1,1,1,0.0,0.010638297872340425,1,0.0,1.0
627,25,0.0,1,1,0,1,1,0.0,0.18,0,0.0,1.0
767,34,0.0,2,0,0,1,0,0.0,0.25,0,0.0,0.0
686,26,0.0,2,0,0,1,0,0.0,0.28846153846153844,1,0.0,0.0
789,53,158271.74,1,1,1,0,1,31.41939377336279,0.02830188679245283,0,0.0,0.0
794,56,96951.21,1,1,0,0,1,1.3507137865544985,0.16964285714285715,1,0.0,0.0
587,35,121863.61,1,1,1,0,1,5.189508101499445,0.15714285714285714,1,1.0,0.0
589,19,83495.11,1,1,1,0,1,0.5837867267929963,0.5,0,1.0,0.0
543,25,146566.01,1,1,0,0,1,0.9080440507214986,0.06,0,1.0,0.0
589,45,0.0,1,0,1,1,0,0.0,0.03333333333333333,0,0.0,1.0
701,23,186101.18,2,1,0,0,2,2.429128313941111,0.2391304347826087,1,1.0,0.0
850,40,0.0,1,0,1,1,0,0.0,0.1625,1,0.0,0.0
726,51,107494.86,2,0,1,0,0,0.762705345174019,0.16666666666666666,0,1.0,0.0
767,47,0.0,1,0,1,1,0,0.0,0.05319148936170213,1,0.0,1.0
648,36,146943.38,2,1,0,0,2,1.1299647153679433,0.2361111111111111,1,0.0,1.0
651,36,0.0,2,0,0,1,0,0.0,0.2361111111111111,0,0.0,1.0
633,36,125130.28,1,0,0,0,0,0.993393270758086,0.18055555555555555,0,0.0,0.0
740,37,0.0,2,1,0,1,2,0.0,0.25675675675675674,0,0.0,0.0
592,34,0.0,2,1,0,1,2,0.0,0.27941176470588236,0,0.0,0.0
670,41,0.0,3,0,0,1,0,0.0,0.25609756097560976,0,0.0,0.0
628,36,0.0,2,1,0,1,2,0.0,0.09722222222222222,1,0.0,0.0
745,47,0.0,2,0,0,1,0,0.0,0.11702127659574468,1,0.0,0.0
705,32,0.0,2,0,0,1,0,0.0,0.109375,1,0.0,0.0
559,42,0.0,2,1,0,1,2,0.0,0.17857142857142858,0,0.0,0.0
595,29,150685.79,1,0,0,0,0,1.7167853870582508,0.22413793103448276,1,0.0,0.0
492,35,141359.37,2,0,0,0,0,3.5768591666154275,0.12857142857142856,1,0.0,0.0
498,29,0.0,1,0,0,1,0,0.0,0.3275862068965517,0,0.0,0.0
655,39,94631.26,2,1,0,0,2,0.6353243702967287,0.16666666666666666,0,0.0,0.0
636,39,118336.14,1,0,0,0,0,0.6407188543438923,0.08974358974358974,0,0.0,0.0
634,45,0.0,1,1,0,1,1,0.0,0.05555555555555555,0,0.0,0.0
793,63,0.0,2,1,0,1,2,0.0,0.007936507936507936,1,0.0,1.0
526,50,124233.24,1,1,1,0,1,0.7790975760556692,0.11,1,1.0,0.0
768,26,51116.26,1,1,1,0,1,0.7255082939244597,0.21153846153846154,0,0.0,0.0
540,64,91869.69,1,1,0,0,1,0.9627726310494436,0.0234375,1,1.0,0.0
732,34,122338.43,2,0,0,0,0,0.6507818499006712,0.25,0,0.0,0.0
617,30,0.0,1,1,0,1,1,0.0,0.2833333333333333,0,0.0,0.0
637,54,0.0,1,1,0,1,1,0.0,0.10185185185185185,0,0.0,1.0
573,26,86270.93,2,1,0,0,2,0.9566706180977019,0.3269230769230769,1,0.0,0.0
531,44,0.0,2,1,0,1,2,0.0,0.07954545454545454,1,0.0,0.0
489,38,117289.92,1,0,0,0,0,1.3761111908925288,0.14473684210526316,0,0.0,0.0
601,35,0.0,2,1,0,1,2,0.0,0.07142857142857142,1,0.0,0.0
452,33,153663.27,1,0,0,0,0,1.3735972796094154,0.22727272727272727,1,1.0,0.0
728,29,0.0,1,1,0,1,1,0.0,0.05172413793103448,0,0.0,1.0
590,27,123599.49,2,0,0,0,0,35.476218007762185,0.3148148148148148,0,1.0,0.0
490,29,0.0,2,0,0,1,0,0.0,0.15517241379310345,1,0.0,0.0
596,76,134208.25,1,1,0,0,1,9.973540530437864,0.125,0,0.0,1.0
635,29,0.0,1,1,0,1,1,0.0,0.05172413793103448,1,0.0,0.0
782,35,98556.89,2,0,0,0,0,0.83774566204736,0.21428571428571427,1,1.0,0.0
790,37,0.0,3,0,0,1,0,0.0,0.0945945945945946,0,0.0,1.0
587,40,0.0,4,1,1,1,4,0.0,0.0625,1,0.0,0.0
794,46,134593.79,1,1,0,0,1,2.901518020961309,0.18478260869565216,0,0.0,1.0
515,41,0.0,2,1,0,1,2,0.0,0.2073170731707317,1,0.0,0.0
746,24,68781.82,1,1,0,0,1,1.4330026486305063,0.4375,1,0.0,1.0
667,56,137464.04,1,0,1,0,0,1.0505644764806499,0.15178571428571427,0,1.0,0.0
709,32,147307.91,1,1,0,0,1,3.604961266489732,0.140625,1,0.0,0.0
536,35,0.0,1,0,1,1,0,0.0,0.24285714285714285,0,0.0,0.0
711,41,145754.91,1,1,0,0,1,1.4366307506293117,0.08536585365853659,0,0.0,0.0
753,46,0.0,3,0,1,1,0,0.0,0.18478260869565216,1,0.0,0.0
748,44,112610.77,1,1,0,0,1,35.476218007762185,0.10227272727272728,1,0.0,0.0
623,57,71481.79,2,1,0,0,2,0.8467165207692655,0.13157894736842105,0,0.0,0.0
465,33,0.0,2,1,0,1,2,0.0,0.16666666666666666,1,0.0,0.0
640,34,77826.8,1,1,0,0,1,0.4617544721510497,0.10294117647058823,0,0.0,1.0
562,75,87140.85,1,1,0,0,1,2.2143584267789915,0.07333333333333333,1,0.0,0.0
502,42,132002.7,1,1,1,0,1,4.679954392650069,0.011904761904761904,0,1.0,0.0
536,32,178011.5,2,0,0,0,0,7.955415902832214,0.234375,1,0.0,0.0
670,32,102954.68,2,1,0,0,2,0.762946849217209,0.140625,0,1.0,0.0
775,51,123783.25,1,1,0,0,1,0.9175751803690618,0.049019607843137254,1,1.0,0.0
759,30,101802.67,1,0,0,0,0,11.708454478538897,0.15,1,1.0,0.0
604,33,148659.48,1,0,0,0,0,3.502918441283026,0.10606060606060606,1,0.0,0.0
766,62,142724.48,1,1,1,0,1,24.21427056629959,0.12096774193548387,0,1.0,0.0
554,41,112152.89,1,1,0,0,1,3.094454158146675,0.10975609756097561,0,0.0,1.0
487,53,89550.85,1,1,0,0,1,0.9941495051225134,0.19811320754716982,0,0.0,0.0
725,35,75915.75,1,0,0,0,0,0.504395335198168,0.21428571428571427,1,0.0,0.0
732,42,118889.66,2,0,0,0,0,1.3599333814899144,0.05952380952380952,0,1.0,0.0
623,40,118788.57,1,0,0,0,0,0.6159047827430518,0.1375,1,0.0,0.0
781,42,156555.54,1,1,0,0,1,0.8911656814478053,0.08333333333333333,0,0.0,0.0
714,53,99141.86,1,1,1,0,1,1.3675295753413415,0.02830188679245283,1,1.0,0.0
577,31,61211.18,1,1,0,0,1,0.42141533477501736,0.14516129032258066,0,1.0,0.0
731,37,128932.4,1,1,0,0,1,0.7134629440010908,0.04054054054054054,0,0.0,1.0
650,23,0.0,1,1,0,1,1,0.0,0.2391304347826087,0,0.0,1.0
779,32,80728.15,1,0,0,0,0,0.9353522713777151,0.328125,1,0.0,0.0
706,46,127660.46,2,0,1,0,0,0.8501752356287539,0.05434782608695652,0,0.0,1.0
733,44,106070.89,1,1,0,0,1,1.0438154771727925,0.07954545454545454,1,0.0,1.0
579,42,137560.38,2,1,0,0,2,1.6102994732008091,0.08333333333333333,0,1.0,0.0
476,34,111905.43,1,1,1,0,1,0.5674061230544276,0.25,0,1.0,0.0
775,40,126212.64,1,0,0,0,0,1.7979630918848044,0.2375,1,0.0,0.0
538,68,0.0,2,0,1,1,0,0.0,0.13970588235294118,1,0.0,1.0
602,38,111835.94,2,0,0,0,0,0.899070597049086,0.19736842105263158,1,0.0,0.0
615,30,0.0,2,0,0,1,0,0.0,0.2833333333333333,1,0.0,0.0
700,28,99705.69,2,0,0,0,0,0.6795425474316802,0.125,0,1.0,0.0
615,32,0.0,2,0,0,1,0,0.0,0.046875,1,0.0,0.0
544,44,108895.93,1,0,1,0,0,1.5729768652533902,0.056818181818181816,1,1.0,0.0
573,56,154669.77,1,1,1,0,1,1.3395581988973635,0.0625,1,0.0,1.0
555,50,128061.0,2,1,0,0,2,2.053045958307749,0.15,1,0.0,1.0
692,31,0.0,2,0,1,1,0,0.0,0.08064516129032258,0,0.0,0.0
476,40,0.0,2,0,0,1,0,0.0,0.1125,0,0.0,0.0
770,46,190678.02,1,1,0,0,1,12.94807542393368,0.20652173913043478,1,0.0,1.0
641,40,0.0,1,0,0,1,0,0.0,0.1875,0,0.0,0.0
705,35,0.0,1,0,1,1,0,0.0,0.15714285714285714,0,0.0,0.0
784,38,136712.91,1,1,0,0,1,0.8045631193432842,0.14473684210526316,1,0.0,0.0
727,52,154733.97,1,0,1,0,0,1.9278928272091425,0.028846153846153848,0,0.0,1.0
576,41,112609.91,1,0,1,0,0,0.589469020999059,0.10975609756097561,0,0.0,0.0
646,69,115462.44,1,0,0,0,0,2.856364231436313,0.15217391304347827,1,0.0,1.0
638,34,133501.36,1,1,0,0,1,0.857735124325994,0.16176470588235295,1,0.0,0.0
632,30,58668.02,1,1,0,0,1,0.7457339072640263,0.05,1,1.0,0.0
850,44,89118.26,1,0,1,0,0,0.8549189063079031,0.17045454545454544,1,0.0,1.0
492,28,0.0,2,0,0,1,0,0.0,0.3392857142857143,0,0.0,0.0
673,77,76510.52,2,1,0,0,2,1.2838055018519494,0.13636363636363635,0,1.0,0.0
609,34,140694.78,2,0,0,0,0,3.040890142849331,0.22058823529411764,1,0.0,1.0
701,36,95448.32,2,0,0,0,0,0.5047876874272124,0.20833333333333334,1,1.0,0.0
651,34,91562.99,1,1,0,0,1,0.7386783848835649,0.1323529411764706,1,0.0,0.0
508,31,72541.48,1,0,0,0,0,0.5588536200094789,0.27419354838709675,1,0.0,0.0
616,43,120867.18,1,0,1,0,0,6.441810762930291,0.08139534883720931,0,0.0,1.0
489,34,0.0,1,0,0,1,0,0.0,0.16176470588235295,1,0.0,0.0
567,45,157320.51,1,0,0,0,0,2.529475236884299,0.03333333333333333,0,0.0,1.0
714,27,0.0,3,1,0,1,3,0.0,0.12962962962962962,1,0.0,1.0
678,30,139676.95,2,1,0,0,2,8.650334427447824,0.05,0,1.0,0.0
581,55,0.0,1,1,0,1,1,0.0,0.11818181818181818,0,0.0,0.0
748,60,0.0,2,1,0,1,2,0.0,0.058333333333333334,1,0.0,1.0
781,19,0.0,2,1,0,1,2,0.0,0.18421052631578946,0,0.0,0.0
691,21,103000.94,1,1,0,0,1,0.9842460906197616,0.16666666666666666,1,0.0,1.0
507,31,134237.07,1,1,1,0,1,0.8065936262090005,0.08064516129032258,1,1.0,0.0
724,34,118235.7,2,0,0,0,0,0.752431155677393,0.19117647058823528,1,1.0,0.0
705,57,0.0,2,1,0,1,2,0.0,0.06140350877192982,0,0.0,1.0
708,64,0.0,3,1,1,1,3,0.0,0.0859375,0,0.0,1.0
580,38,115442.19,2,0,1,0,0,0.8985051660732006,0.25,1,1.0,0.0
850,38,0.0,2,0,0,1,0,0.0,0.14473684210526316,1,0.0,0.0
714,25,0.0,1,1,0,1,1,0.0,0.1,1,0.0,1.0
559,43,0.0,2,1,0,1,2,0.0,0.03488372093023256,0,0.0,0.0
577,44,115557.0,1,1,0,0,1,0.9062742534258308,0.19318181818181818,0,0.0,1.0
647,35,166518.63,2,0,0,0,0,1.1256471747118566,0.1,0,1.0,0.0
554,30,135370.12,1,1,1,0,1,0.7533534550187949,0.21666666666666667,1,0.0,1.0
549,54,92877.33,1,0,1,0,0,35.44070532389035,0.10185185185185185,1,1.0,0.0
528,26,102073.67,2,0,0,0,0,0.6119490460874529,0.40384615384615385,0,0.0,0.0
720,46,97042.6,1,1,1,0,1,0.7268155315359012,0.07608695652173914,1,1.0,0.0
743,41,0.0,1,0,1,1,0,0.0,0.18292682926829268,1,0.0,1.0
615,24,108528.07,2,0,1,0,0,0.6046488759420403,0.3541666666666667,1,1.0,0.0
635,44,79064.85,2,1,0,0,2,0.6978809323632802,0.056818181818181816,0,1.0,0.0
686,45,74274.87,3,0,1,0,0,1.1443014841820358,0.07777777777777778,1,0.0,1.0
840,36,0.0,2,0,0,1,0,0.0,0.18055555555555555,0,0.0,1.0
695,43,100421.1,1,1,0,0,1,0.9928696485782208,0.03488372093023256,1,0.0,0.0
564,26,84006.88,2,0,0,0,0,0.4578231453045989,0.28846153846153844,1,0.0,0.0
805,31,0.0,2,0,0,1,0,0.0,0.14516129032258066,0,0.0,0.0
558,45,0.0,1,0,0,1,0,0.0,0.1,1,0.0,1.0
657,39,80293.81,1,0,0,0,0,0.8261210390461281,0.11538461538461539,0,0.0,0.0
641,42,125437.14,2,0,0,0,0,0.7642567537186168,0.17857142857142858,0,0.0,0.0
755,36,0.0,2,0,0,1,0,0.0,0.2361111111111111,1,0.0,0.0
483,48,0.0,2,1,0,1,2,0.0,0.03125,1,0.0,0.0
545,44,127536.44,1,0,0,0,0,1.1765394402176466,0.056818181818181816,0,1.0,0.0
678,66,0.0,2,1,0,1,2,0.0,0.12878787878787878,1,0.0,0.0
781,48,82794.18,1,0,1,0,0,0.6638315006661232,0.19791666666666666,0,1.0,0.0
571,22,108117.1,1,1,0,0,1,2.027333737110841,0.1590909090909091,0,0.0,1.0
634,35,0.0,1,0,0,1,0,0.0,0.3,0,0.0,1.0
523,27,61688.61,2,0,0,0,0,0.41947873577724926,0.3148148148148148,1,1.0,0.0
501,40,0.0,2,0,0,1,0,0.0,0.0625,0,0.0,0.0
662,74,0.0,2,0,0,1,0,0.0,0.08783783783783784,1,0.0,0.0
573,50,159304.07,1,1,1,0,1,1.0217285255211388,0.01,1,0.0,1.0
648,33,138664.24,1,0,0,0,0,4.768819081021017,0.16666666666666666,1,1.0,0.0
662,22,126362.57,2,1,0,0,2,1.2975727995826822,0.11363636363636363,0,0.0,0.0
725,39,160652.45,2,0,0,0,0,2.7869495034656357,0.11538461538461539,1,0.0,0.0
563,35,183572.84,1,1,1,0,1,2.781080100442751,0.07142857142857142,0,0.0,0.0
628,31,88421.81,1,0,0,0,0,1.2221149065803363,0.016129032258064516,1,0.0,0.0
546,45,0.0,1,0,1,1,0,0.0,0.05555555555555555,0,0.0,1.0
688,41,112871.19,2,1,0,0,2,1.7226525119754146,0.06097560975609756,1,1.0,0.0
850,41,60880.68,1,0,0,0,0,1.9128722801258309,0.2073170731707317,1,1.0,0.0
614,34,0.0,2,0,0,1,0,0.0,0.16176470588235295,0,0.0,0.0
719,37,101455.7,1,0,1,0,0,3.9316919974314644,0.25675675675675674,0,0.0,0.0
757,71,88084.13,2,1,0,0,2,0.5707205079848207,0.007042253521126761,0,0.0,0.0
669,29,0.0,2,1,0,1,2,0.0,0.25862068965517243,1,0.0,0.0
438,59,127197.14,1,0,1,0,0,2.4666393106596507,0.1271186440677966,1,1.0,0.0
492,39,0.0,2,1,0,1,2,0.0,0.19230769230769232,1,0.0,0.0
622,39,83456.79,2,0,0,0,0,2.1463379946270047,0.24358974358974358,0,0.0,0.0
645,42,98298.18,1,1,0,0,1,35.476218007762185,0.10714285714285714,1,0.0,0.0
728,37,0.0,2,1,0,1,2,0.0,0.013513513513513514,1,0.0,0.0
651,35,86911.8,1,0,0,0,0,0.4992198523061286,0.07142857142857142,1,0.0,0.0
783,42,139707.28,1,0,0,0,0,35.476218007762185,0.05952380952380952,0,1.0,0.0
732,67,0.0,2,1,0,1,2,0.0,0.022388059701492536,0,0.0,1.0
553,39,142876.98,2,0,0,0,0,3.2205307766899693,0.038461538461538464,0,0.0,1.0
660,30,146301.31,1,0,0,0,0,1.510613903656737,0.25,1,0.0,0.0
670,40,47364.45,1,1,1,0,1,0.3187798689235184,0.0875,0,0.0,0.0
718,38,0.0,2,0,0,1,0,0.0,0.19736842105263158,1,0.0,0.0
787,51,58137.08,1,1,0,0,1,0.407866994725876,0.00980392156862745,1,0.0,0.0
775,38,179886.41,2,0,0,0,0,1.174779286116482,0.17105263157894737,0,1.0,0.0
479,24,107637.97,2,1,0,0,2,0.6350066838014728,0.2708333333333333,1,1.0,0.0
660,20,167685.56,1,0,0,0,0,2.8945788862247954,0.325,0,0.0,0.0
721,68,136525.99,1,0,0,0,0,0.7783687629895847,0.0661764705882353,1,1.0,0.0
659,39,52106.33,2,1,0,0,2,0.4826208146761147,0.21794871794871795,1,1.0,0.0
743,39,0.0,1,0,0,1,0,0.0,0.21794871794871795,0,0.0,0.0
670,45,104930.38,1,0,1,0,0,0.6729636286057185,0.2111111111111111,0,0.0,0.0
766,34,106434.94,1,1,1,0,1,0.7712863485246672,0.19117647058823528,0,1.0,0.0
845,38,112803.92,1,0,0,0,0,0.6279693274364906,0.06578947368421052,0,0.0,1.0
710,46,120530.34,1,0,1,0,0,0.7235235865442641,0.22826086956521738,0,1.0,0.0
602,43,113641.49,4,0,1,0,0,0.9871795172491376,0.05813953488372093,0,1.0,0.0
604,43,145081.72,1,1,0,0,1,6.07478241499467,0.05813953488372093,1,0.0,1.0
564,35,0.0,2,1,0,1,2,0.0,0.2714285714285714,0,0.0,1.0
637,27,135842.89,1,1,0,0,1,1.3394218344581221,0.2777777777777778,0,1.0,0.0
527,31,112203.25,1,0,0,0,0,0.6155982368943232,0.04838709677419355,0,0.0,0.0
687,34,129895.19,1,1,0,0,1,4.526095702419269,0.22058823529411764,1,0.0,0.0
756,41,149049.92,1,1,1,0,1,2.955969614083631,0.15853658536585366,1,1.0,0.0
503,42,153279.39,1,1,0,0,1,1.0128284403992232,0.2261904761904762,1,1.0,0.0
657,42,41473.33,1,0,1,0,0,0.3670836409082621,0.13095238095238096,1,0.0,1.0
666,40,0.0,2,0,0,1,0,0.0,0.0625,0,0.0,0.0
615,39,113193.51,2,1,0,0,2,2.1698193790165283,0.14102564102564102,1,1.0,0.0
712,27,113174.21,2,0,0,0,0,0.7685198099883895,0.3148148148148148,1,1.0,0.0
764,24,0.0,2,0,0,1,0,0.0,0.020833333333333332,0,0.0,0.0
471,42,164951.56,1,0,0,0,0,0.8657385288630403,0.08333333333333333,1,0.0,0.0
608,27,153325.1,1,1,0,0,1,0.7668005989167627,0.16666666666666666,1,0.0,1.0
682,47,134032.01,1,0,0,0,0,0.92889444921987,0.22340425531914893,0,0.0,1.0
587,32,125445.04,2,1,0,0,2,0.9611484527005086,0.109375,0,1.0,0.0
714,35,126077.43,2,1,0,0,2,2.3367040902792757,0.18571428571428572,0,1.0,0.0
630,31,0.0,2,1,0,1,2,0.0,0.04838709677419355,0,0.0,1.0
648,28,90371.09,1,1,0,0,1,0.6153858358642702,0.30357142857142855,0,1.0,0.0
785,40,0.0,2,1,0,1,2,0.0,0.0875,0,0.0,0.0
601,47,142802.02,1,1,0,0,1,2.4811823744023442,0.031914893617021274,0,1.0,0.0
717,28,90537.16,1,1,0,0,1,1.2103576388809976,0.05357142857142857,0,0.0,0.0
707,44,0.0,2,1,0,1,2,0.0,0.14772727272727273,0,0.0,0.0
771,23,156123.73,1,0,0,0,0,2.138926769949756,0.32608695652173914,0,0.0,0.0
602,35,0.0,2,0,0,1,0,0.0,0.15714285714285714,0,0.0,0.0
626,38,141074.59,1,0,1,0,0,2.672041322389186,0.19736842105263158,1,0.0,0.0
588,59,0.0,2,1,0,1,2,0.0,0.07627118644067797,1,0.0,1.0
616,42,117899.95,2,0,0,0,0,0.784598843890784,0.15476190476190477,0,1.0,0.0
621,33,0.0,2,1,0,1,2,0.0,0.13636363636363635,1,0.0,1.0
674,26,166257.96,1,1,0,0,1,1.1130582020896909,0.25,1,0.0,0.0
633,46,0.0,2,0,0,1,0,0.0,0.07608695652173914,0,0.0,1.0
698,64,169362.43,1,0,1,0,0,1.9981098689826915,0.0234375,0,1.0,0.0
508,26,205962.0,1,0,0,0,0,1.3166787491034064,0.28846153846153844,1,0.0,0.0
736,24,0.0,2,0,1,1,0,0.0,0.020833333333333332,0,0.0,0.0
672,68,126061.51,2,1,0,0,2,0.6816428574866021,0.007352941176470588,1,1.0,0.0
613,21,105627.95,1,1,0,0,1,2.8890477991745964,0.35714285714285715,0,0.0,0.0
712,32,100606.02,1,0,0,0,0,0.6071794003961277,0.296875,1,0.0,0.0
624,38,0.0,2,1,0,1,2,0.0,0.09210526315789473,0,0.0,0.0
676,38,0.0,2,1,0,1,2,0.0,0.039473684210526314,1,0.0,0.0
683,32,138171.1,2,1,0,0,2,0.7341537597012784,0.015625,0,1.0,0.0
489,31,139395.08,1,1,0,0,1,22.770127935391972,0.24193548387096775,0,0.0,0.0
739,29,0.0,2,1,0,1,2,0.0,0.05172413793103448,1,0.0,0.0
701,37,0.0,2,1,0,1,2,0.0,0.0945945945945946,0,0.0,0.0
666,50,109062.28,1,1,1,0,1,0.7782541525406191,0.15,0,1.0,0.0
565,40,89994.71,2,1,0,0,2,0.7432341687803975,0.0375,0,1.0,0.0
666,36,0.0,2,0,0,1,0,0.0,0.09722222222222222,1,0.0,0.0
633,59,103996.74,1,1,0,0,1,1.008110014617084,0.0423728813559322,1,0.0,0.0
578,34,175111.11,1,1,0,0,1,2.3392031451002078,0.1323529411764706,1,0.0,0.0
812,49,66079.45,2,0,1,0,0,0.7217256858171311,0.17346938775510204,0,0.0,1.0
809,33,148055.74,1,0,0,0,0,0.7432359988777345,0.25757575757575757,1,1.0,0.0
615,36,0.0,1,1,1,1,1,0.0,0.18055555555555555,1,0.0,0.0
684,31,0.0,2,0,0,1,0,0.0,0.27419354838709675,0,0.0,1.0
544,40,0.0,2,0,0,1,0,0.0,0.2125,1,0.0,0.0
713,47,95994.98,1,0,0,0,0,0.4859761465371654,0.031914893617021274,1,1.0,0.0
633,37,0.0,2,0,0,1,0,0.0,0.06756756756756757,1,0.0,0.0
672,23,110741.56,1,0,0,0,0,1.370911679324581,0.45652173913043476,0,1.0,0.0
661,35,0.0,1,0,0,1,0,0.0,0.15714285714285714,1,0.0,0.0
749,28,0.0,1,0,0,1,0,0.0,0.125,0,0.0,1.0
635,32,0.0,2,1,1,1,2,0.0,0.265625,0,0.0,1.0
850,70,96947.58,3,0,1,0,0,1.5565409345162378,0.02142857142857143,0,1.0,0.0
641,41,0.0,2,0,0,1,0,0.0,0.15853658536585366,1,0.0,0.0
633,30,109786.82,2,1,0,0,2,0.7857979107433976,0.08333333333333333,1,1.0,0.0
413,35,0.0,2,1,0,1,2,0.0,0.07142857142857142,1,0.0,1.0
538,31,0.0,2,0,0,1,0,0.0,0.04838709677419355,1,0.0,0.0
437,39,102721.49,1,0,0,0,0,4.628591138935926,0.01282051282051282,0,0.0,0.0
612,33,69478.57,1,0,1,0,0,7.7416294972405675,0.16666666666666666,1,0.0,1.0
516,53,156674.2,1,0,1,0,0,1.3221078832039672,0.02830188679245283,0,1.0,0.0
826,56,174506.1,2,1,1,0,2,1.0785042034236274,0.15178571428571427,0,0.0,1.0
660,23,166070.48,2,0,0,0,0,1.835119716158952,0.2826086956521739,0,1.0,0.0
646,29,105957.44,1,0,0,0,0,6.848374893597494,0.15517241379310345,0,1.0,0.0
767,36,0.0,1,0,0,1,0,0.0,0.09722222222222222,1,0.0,0.0
640,40,110340.68,1,1,0,0,1,0.6988558949531185,0.2125,1,0.0,0.0
778,33,0.0,2,0,0,1,0,0.0,0.045454545454545456,1,0.0,0.0
679,52,135870.01,2,0,0,0,0,2.5142665696020807,0.18269230769230768,1,1.0,0.0
549,31,0.0,2,1,0,1,2,0.0,0.14516129032258066,1,0.0,0.0
598,47,0.0,2,1,0,1,2,0.0,0.05319148936170213,1,0.0,0.0
655,45,0.0,2,0,0,1,0,0.0,0.011111111111111112,0,0.0,0.0
494,30,85704.95,1,1,0,0,1,3.073287395659492,0.11666666666666667,1,0.0,0.0
653,42,0.0,2,1,0,1,2,0.0,0.03571428571428571,0,0.0,0.0
539,38,105435.74,1,0,1,0,0,1.3085182219517268,0.2236842105263158,0,1.0,0.0
645,37,0.0,2,1,0,1,2,0.0,0.04054054054054054,0,0.0,0.0
751,34,108513.25,2,1,0,0,2,4.004353326085785,0.27941176470588236,1,1.0,0.0
528,35,156687.1,1,0,0,0,0,0.7861012873807012,0.1,1,0.0,0.0
696,31,150604.52,1,0,0,0,0,27.050168833967955,0.11290322580645161,1,1.0,0.0
716,44,155114.9,1,0,0,0,0,1.1586734963323029,0.14772727272727273,0,0.0,0.0
602,35,0.0,2,1,0,1,2,0.0,0.24285714285714285,0,0.0,0.0
647,64,91216.0,1,1,0,0,1,2.182139355874643,0.0234375,0,0.0,1.0
850,61,141784.02,1,1,0,0,1,1.5402140573951912,0.05737704918032787,1,1.0,0.0
590,32,127763.24,1,0,0,0,0,1.268517593682355,0.015625,0,0.0,0.0
825,32,0.0,2,1,0,1,2,0.0,0.046875,0,0.0,1.0
850,31,82613.56,2,0,0,0,0,0.5538144176196163,0.20967741935483872,1,0.0,1.0
789,32,69423.52,1,0,0,0,0,0.6457978431520109,0.234375,0,0.0,0.0
701,42,86167.82,1,0,0,0,0,0.5619272250292122,0.15476190476190477,0,0.0,0.0
713,47,0.0,1,0,1,1,0,0.0,0.031914893617021274,0,0.0,1.0
570,30,131406.56,1,1,0,0,1,2.7402941811277395,0.08333333333333333,1,0.0,0.0
536,44,121898.82,1,0,0,0,0,0.9304672425798146,0.10227272727272728,0,1.0,0.0
771,32,77487.2,1,0,0,0,0,2.337892423494541,0.296875,1,1.0,0.0
512,75,0.0,1,0,0,1,0,0.0,0.03333333333333333,0,0.0,0.0
698,45,164450.94,1,0,1,0,0,1.1583416108442415,0.12222222222222222,1,0.0,1.0
656,33,138705.02,2,0,0,0,0,3.7349398109440273,0.22727272727272727,1,0.0,0.0
761,37,132730.17,1,0,0,0,0,0.6660018030647283,0.20270270270270271,1,0.0,1.0
709,30,0.0,2,1,0,1,2,0.0,0.18333333333333332,0,0.0,0.0
597,66,0.0,1,1,0,1,1,0.0,0.05303030303030303,0,0.0,1.0
592,28,116498.22,1,0,0,0,0,0.8073824296345066,0.08928571428571429,1,0.0,0.0
599,41,0.0,2,0,0,1,0,0.0,0.036585365853658534,0,0.0,0.0
572,35,139979.07,1,0,0,0,0,0.7539382466720499,0.04285714285714286,0,1.0,0.0
611,43,127216.31,2,1,0,0,2,7.101403072972634,0.22093023255813954,0,1.0,0.0
634,45,0.0,4,0,1,1,0,0.0,0.05555555555555555,0,0.0,0.0
666,51,148222.65,1,0,1,0,0,0.9443667574063164,0.049019607843137254,1,0.0,0.0
696,41,0.0,2,0,0,1,0,0.0,0.2073170731707317,0,0.0,0.0
669,38,0.0,2,0,0,1,0,0.0,0.2236842105263158,0,0.0,0.0
726,30,134152.29,1,1,0,0,1,0.907517035187383,0.2833333333333333,1,0.0,1.0
497,32,111537.23,4,1,1,0,4,11.742009413632397,0.265625,0,1.0,0.0
750,39,119565.92,1,0,0,0,0,1.3732360630504201,0.19230769230769232,0,0.0,1.0
850,29,0.0,2,0,0,1,0,0.0,0.25862068965517243,0,0.0,1.0
617,38,0.0,1,1,0,1,1,0.0,0.19736842105263158,1,0.0,1.0
652,46,121063.8,3,0,1,0,0,0.7991914068693977,0.22826086956521738,1,1.0,0.0
560,27,124995.98,1,1,0,0,1,1.0900420237795518,0.2777777777777778,0,0.0,1.0
629,39,0.0,2,0,0,1,0,0.0,0.14102564102564102,1,0.0,1.0
660,52,86891.84,1,0,0,0,0,0.9561292429606214,0.08653846153846154,0,1.0,0.0
676,38,0.0,2,1,0,1,2,0.0,0.2236842105263158,1,0.0,0.0
581,43,78022.61,1,1,0,0,1,2.5444442668922522,0.22093023255813954,1,0.0,1.0
798,34,154495.79,1,0,0,0,0,0.8072011936662709,0.27941176470588236,1,0.0,0.0
705,38,189443.72,1,1,0,0,1,1.7763194191669578,0.039473684210526314,1,0.0,0.0
714,31,152926.6,1,1,0,0,1,3.004398153196082,0.20967741935483872,0,0.0,1.0
664,44,142989.69,1,1,1,0,1,1.2385044854851102,0.19318181818181818,0,0.0,0.0
697,43,115371.94,2,0,0,0,0,1.7987489885422692,0.1744186046511628,1,1.0,0.0
609,37,0.0,2,1,0,1,2,0.0,0.17567567567567569,1,0.0,0.0
548,38,178056.54,2,0,0,0,0,4.632578592887399,0.013157894736842105,1,0.0,1.0
850,39,206014.94,2,1,1,0,2,4.816151827760717,0.16666666666666666,1,0.0,1.0
656,41,0.0,2,0,0,1,0,0.0,0.06097560975609756,1,0.0,0.0
727,37,101191.83,1,1,1,0,1,2.928652609735662,0.25675675675675674,1,1.0,0.0
642,55,0.0,2,1,0,1,2,0.0,0.13636363636363635,0,0.0,0.0
710,31,0.0,2,0,0,1,0,0.0,0.1774193548387097,0,0.0,1.0
710,33,0.0,2,0,0,1,0,0.0,0.045454545454545456,1,0.0,1.0
718,37,0.0,2,1,0,1,2,0.0,0.20270270270270271,0,0.0,0.0
586,32,149814.54,1,0,0,0,0,4.706552028113421,0.046875,1,1.0,0.0
617,36,115617.24,1,1,0,0,1,1.6165631064703219,0.20833333333333334,0,0.0,1.0
630,28,0.0,2,0,0,1,0,0.0,0.3392857142857143,1,0.0,0.0
791,42,113657.41,2,1,1,0,2,0.8121421519813691,0.25,0,1.0,0.0
673,39,138160.0,1,1,0,0,1,1.2506618342020346,0.21794871794871795,1,0.0,1.0
477,36,117700.86,1,0,0,0,0,1.5896284591386087,0.09722222222222222,0,1.0,0.0
662,37,0.0,2,0,0,1,0,0.0,0.14864864864864866,0,0.0,0.0
850,37,122506.38,1,1,1,0,1,0.6134679293666276,0.25675675675675674,1,1.0,0.0
635,58,0.0,1,1,1,1,1,0.0,0.02586206896551724,0,0.0,0.0
537,59,0.0,2,0,1,1,0,0.0,0.16101694915254236,1,0.0,0.0
579,39,166501.17,2,0,0,0,0,1.774372675747981,0.08974358974358974,0,0.0,0.0
651,46,89743.05,1,0,1,0,0,0.5737072033223001,0.09782608695652174,0,0.0,1.0
610,25,0.0,2,0,0,1,0,0.0,0.1,0,0.0,0.0
581,30,0.0,2,0,0,1,0,0.0,0.05,1,0.0,0.0
592,39,0.0,2,0,0,1,0,0.0,0.19230769230769232,1,0.0,0.0
688,35,0.0,1,0,1,1,0,0.0,0.18571428571428572,0,0.0,1.0
681,18,98894.39,1,1,0,0,1,10.304289703461354,0.08333333333333333,0,0.0,0.0
658,37,168735.74,2,0,0,0,0,2.3977940419978387,0.0945945945945946,1,1.0,0.0
792,34,0.0,1,1,0,1,1,0.0,0.04411764705882353,1,0.0,0.0
528,62,133201.17,1,0,1,0,0,0.7904706748637519,0.12096774193548387,0,1.0,0.0
624,36,0.0,2,0,0,1,0,0.0,0.013888888888888888,0,0.0,1.0
562,31,127237.25,2,1,0,0,2,0.887794116066867,0.14516129032258066,1,1.0,0.0
678,36,117864.85,2,0,0,0,0,4.267364010070941,0.041666666666666664,1,1.0,0.0
705,64,153469.26,3,0,1,0,0,1.0470381442467613,0.0546875,0,1.0,0.0
650,23,93911.3,2,0,0,0,0,1.3599207604792891,0.1956521739130435,1,1.0,0.0
593,46,76597.79,1,1,0,0,1,1.4066327032808175,0.05434782608695652,0,0.0,1.0
652,40,79927.36,2,1,0,0,2,2.384069487197843,0.1125,0,0.0,0.0
554,27,0.0,2,1,0,1,2,0.0,0.16666666666666666,0,0.0,1.0
584,32,40172.91,1,1,0,0,1,0.29229344164893656,0.265625,1,1.0,0.0
516,33,115195.58,1,1,0,0,1,10.27935394637041,0.22727272727272727,1,0.0,0.0
789,43,116644.29,2,1,0,0,2,1.9383501365137237,0.22093023255813954,0,1.0,0.0
598,20,180293.84,2,1,0,0,2,6.100550523284732,0.425,1,1.0,0.0
669,30,139872.81,1,0,0,0,0,0.7408641086967287,0.25,0,1.0,0.0
645,24,34547.82,1,1,0,0,1,2.968237425864559,0.14583333333333334,0,0.0,0.0
659,32,0.0,2,1,0,1,2,0.0,0.296875,0,0.0,0.0
833,29,96462.25,2,1,0,0,2,1.969132536308479,0.05172413793103448,1,1.0,0.0
697,40,130334.35,2,1,0,0,2,1.1144250509396583,0.1875,0,0.0,1.0
580,39,119688.81,1,0,0,0,0,0.8733715424716434,0.08974358974358974,1,1.0,0.0
691,38,0.0,2,0,0,1,0,0.0,0.039473684210526314,1,0.0,0.0
534,52,0.0,3,1,1,1,3,0.0,0.028846153846153848,1,0.0,0.0
478,32,71187.24,1,1,0,0,1,0.6436772421660295,0.203125,0,0.0,0.0
572,47,0.0,2,0,0,1,0,0.0,0.05319148936170213,0,0.0,0.0
501,37,0.0,2,0,0,1,0,0.0,0.12162162162162163,1,0.0,0.0
624,38,0.0,2,0,0,1,0,0.0,0.2236842105263158,0,0.0,1.0
595,39,136422.41,1,1,0,0,1,0.8989422755753027,0.24358974358974358,0,0.0,0.0
603,30,0.0,2,1,0,1,2,0.0,0.2833333333333333,1,0.0,0.0
602,25,0.0,2,1,0,1,2,0.0,0.02,0,0.0,0.0
500,34,0.0,1,1,0,1,1,0.0,0.19117647058823528,0,0.0,0.0
422,41,153238.88,1,0,0,0,0,13.137662689502568,0.15853658536585366,1,0.0,0.0
615,35,0.0,2,0,0,1,0,0.0,0.21428571428571427,1,0.0,0.0
635,78,47536.4,1,1,0,0,1,0.39812370206366643,0.08333333333333333,0,0.0,0.0
711,32,0.0,2,0,0,1,0,0.0,0.046875,0,0.0,0.0
834,36,142882.49,1,0,1,0,0,1.5878651565022321,0.2361111111111111,1,0.0,0.0
633,44,0.0,2,0,0,1,0,0.0,0.17045454545454544,0,0.0,0.0
650,31,160566.11,2,0,0,0,0,5.93046119252545,0.04838709677419355,0,0.0,0.0
743,65,131935.51,1,1,1,0,1,1.3686161102407277,0.038461538461538464,1,1.0,0.0
567,38,127678.8,2,0,0,0,0,2.8108292794826686,0.17105263157894737,1,0.0,0.0
706,46,105214.58,1,0,1,0,0,0.9679301648684704,0.09782608695652174,0,1.0,0.0
638,46,139859.54,1,0,0,0,0,3.5890602333333077,0.20652173913043478,1,0.0,0.0
641,38,0.0,2,0,0,1,0,0.0,0.09210526315789473,0,0.0,0.0
574,34,112324.45,2,1,0,0,2,6.242178829782326,0.16176470588235295,0,0.0,0.0
642,30,134497.27,1,0,0,0,0,3.109652743000596,0.2833333333333333,1,1.0,0.0
722,35,120171.58,1,0,0,0,0,0.9595165511833909,0.04285714285714286,0,0.0,1.0
623,23,106012.2,2,1,0,0,2,0.5538287259215406,0.06521739130434782,1,0.0,0.0
681,25,0.0,1,1,0,1,1,0.0,0.22,1,0.0,0.0
530,34,0.0,2,1,0,1,2,0.0,0.25,0,0.0,0.0
797,55,0.0,4,1,1,1,4,0.0,0.19090909090909092,0,0.0,0.0
653,51,0.0,1,0,1,1,0,0.0,0.06862745098039216,1,0.0,0.0
850,42,119839.69,1,1,1,0,1,2.3490139173162214,0.20238095238095238,1,1.0,0.0
581,34,0.0,2,1,0,1,2,0.0,0.04411764705882353,1,0.0,1.0
589,38,92219.21,1,0,0,0,0,0.9304923710979047,0.2236842105263158,1,1.0,0.0
555,48,142055.41,2,1,0,0,2,1.795084473799336,0.07291666666666667,1,1.0,0.0
748,49,29602.08,1,0,1,0,0,0.18099537772732005,0.15306122448979592,0,0.0,0.0
745,46,0.0,2,1,0,1,2,0.0,0.16304347826086957,0,0.0,0.0
730,34,0.0,2,1,0,1,2,0.0,0.04411764705882353,1,0.0,0.0
565,44,0.0,2,1,0,1,2,0.0,0.03409090909090909,0,0.0,0.0
778,37,141803.77,1,1,0,0,1,0.7903328806967942,0.0945945945945946,1,0.0,0.0
812,24,0.0,2,1,0,1,2,0.0,0.4375,1,0.0,0.0
526,42,0.0,1,1,0,1,1,0.0,0.03571428571428571,1,0.0,0.0
708,47,126589.12,2,1,1,0,2,0.953726358116453,0.010638297872340425,0,0.0,0.0
680,33,108393.35,1,1,0,0,1,2.7751418571088062,0.07575757575757576,1,0.0,0.0
567,43,115643.58,2,0,0,0,0,0.6623064836617703,0.05813953488372093,1,0.0,1.0
564,48,132876.23,1,0,0,0,0,1.676443844792323,0.11458333333333333,1,0.0,1.0
709,24,110949.41,1,1,0,0,1,0.6583885707171537,0.14583333333333334,0,0.0,0.0
629,46,130666.2,1,1,1,0,1,0.8109532704920916,0.03260869565217391,1,0.0,0.0
510,45,103821.47,2,1,0,0,2,1.3331019077905106,0.23333333333333334,0,0.0,0.0
506,32,0.0,1,1,0,1,1,0.0,0.109375,0,0.0,0.0
605,39,0.0,1,1,0,1,1,0.0,0.19230769230769232,1,0.0,0.0
650,32,132187.73,2,1,0,0,2,0.7412436531429294,0.046875,1,0.0,1.0
850,49,98649.55,1,0,1,0,0,0.8277643932648117,0.17346938775510204,1,1.0,0.0
489,38,126444.08,2,1,0,0,2,1.5296198223815936,0.06578947368421052,1,1.0,0.0
659,30,154159.51,1,0,0,0,0,3.811857198315617,0.2833333333333333,0,1.0,0.0
753,43,0.0,2,0,0,1,0,0.0,0.12790697674418605,0,0.0,0.0
477,48,129250.0,2,1,0,0,2,0.81835728941071,0.17708333333333334,1,1.0,0.0
610,45,0.0,1,0,1,1,0,0.0,0.07777777777777778,0,0.0,1.0
619,33,167733.51,2,1,0,0,2,2.5716737285407034,0.07575757575757576,0,0.0,0.0
619,31,56116.3,2,0,0,0,0,25.70675327768972,0.08064516129032258,0,1.0,0.0
758,30,141581.08,1,0,0,0,0,0.9061185640504713,0.11666666666666667,0,0.0,0.0
516,50,139675.07,2,0,0,0,0,3.063571797211937,0.15,1,1.0,0.0
789,27,66201.96,1,1,0,0,1,0.8331574777067756,0.3148148148148148,0,0.0,0.0
687,44,0.0,2,0,1,1,0,0.0,0.2159090909090909,0,0.0,0.0
485,34,133658.24,1,0,0,0,0,1.9036698469452644,0.10294117647058823,1,1.0,0.0
446,25,136202.78,1,0,0,0,0,0.7706195796406915,0.14,1,1.0,0.0
597,60,131778.08,1,0,1,0,0,12.310496584156425,0.008333333333333333,0,0.0,0.0
712,74,0.0,2,0,0,1,0,0.0,0.07432432432432433,1,0.0,1.0
522,34,0.0,2,1,0,1,2,0.0,0.10294117647058823,0,0.0,0.0
805,26,42712.87,2,1,0,0,2,1.479864489415228,0.3269230769230769,0,1.0,0.0
781,28,0.0,2,0,0,1,0,0.0,0.16071428571428573,0,0.0,0.0
689,57,0.0,2,0,1,1,0,0.0,0.07894736842105263,0,0.0,1.0
670,31,142631.54,2,1,0,0,2,0.8108891406043734,0.04838709677419355,1,1.0,0.0
670,33,141204.65,2,0,0,0,0,1.8516588192313348,0.07575757575757576,1,0.0,0.0
524,25,131402.21,1,0,0,0,0,0.6784868902169361,0.3,0,1.0,0.0
734,39,92636.96,2,1,0,0,2,0.737131152778389,0.08974358974358974,0,0.0,1.0
489,51,0.0,2,1,1,1,2,0.0,0.06862745098039216,0,0.0,0.0
578,31,102088.68,4,0,1,0,0,0.5434087193821636,0.1774193548387097,0,1.0,0.0
622,39,0.0,2,1,0,1,2,0.0,0.24358974358974358,1,0.0,1.0
843,38,134887.53,1,1,0,0,1,12.48376035627818,0.2236842105263158,0,0.0,0.0
687,48,0.0,2,1,0,1,2,0.0,0.09375,1,0.0,0.0
700,28,159900.38,1,0,0,0,0,7.044206143202776,0.30357142857142855,1,0.0,1.0
410,50,102278.79,2,0,0,0,0,1.1386643002475523,0.05,0,1.0,0.0
537,41,0.0,2,1,0,1,2,0.0,0.012195121951219513,0,0.0,0.0
780,43,0.0,1,1,0,1,1,0.0,0.011627906976744186,0,0.0,0.0
652,58,0.0,2,1,0,1,2,0.0,0.11206896551724138,1,0.0,1.0
620,35,76989.97,1,1,0,0,1,4.464793992503968,0.014285714285714285,1,1.0,0.0
697,23,0.0,2,1,0,1,2,0.0,0.45652173913043476,0,0.0,0.0
786,35,0.0,2,0,0,1,0,0.0,0.1,1,0.0,0.0
850,39,114491.82,1,0,0,0,0,1.1484729534856288,0.14102564102564102,0,1.0,0.0
749,54,144768.94,1,0,1,0,0,1.5510298669449405,0.06481481481481481,1,1.0,0.0
445,31,145056.59,1,1,0,0,1,0.8246793689377379,0.24193548387096775,1,0.0,0.0
443,50,117206.3,1,0,1,0,0,2.73583267314299,0.07,1,1.0,0.0
637,41,138014.4,2,0,0,0,0,0.9837145233288506,0.06097560975609756,1,1.0,0.0
616,45,128352.59,3,1,1,0,3,0.8913275888134291,0.14444444444444443,0,1.0,0.0
756,23,112568.31,1,1,0,0,1,0.9925861335125546,0.06521739130434782,0,0.0,0.0
644,33,0.0,1,0,0,1,0,0.0,0.07575757575757576,1,0.0,0.0
850,41,176958.46,2,1,0,0,2,1.4065834017580854,0.036585365853658534,1,1.0,0.0
703,38,99167.54,1,0,0,0,0,1.5088959665207589,0.25,0,1.0,0.0
684,42,103210.27,1,0,0,0,0,3.3290381617538674,0.08333333333333333,0,0.0,1.0
706,48,104478.12,3,1,1,0,3,0.6602104989639476,0.21875,0,1.0,0.0
580,61,125921.37,1,1,0,0,1,1.32998443263399,0.13934426229508196,1,0.0,1.0
777,35,0.0,2,1,0,1,2,0.0,0.1,0,0.0,1.0
676,48,80697.44,1,0,0,0,0,0.7958416889499547,0.07291666666666667,1,1.0,0.0
708,44,161887.81,2,0,0,0,0,1.9074521483899787,0.056818181818181816,0,0.0,0.0
809,24,109558.36,1,0,0,0,0,0.596995806308688,0.3125,1,0.0,0.0
588,38,124271.26,1,0,0,0,0,1.6357897749103956,0.039473684210526314,1,0.0,0.0
623,43,0.0,2,1,0,1,2,0.0,0.03488372093023256,1,0.0,0.0
537,42,190569.23,1,1,0,0,1,1.4987065474009051,0.03571428571428571,1,0.0,1.0
536,53,143923.96,1,0,1,0,0,35.476218007762185,0.04716981132075472,1,0.0,1.0
769,48,96542.16,2,1,0,0,2,0.48786578503095107,0.052083333333333336,1,0.0,0.0
690,33,0.0,2,0,0,1,0,0.0,0.16666666666666666,1,0.0,0.0
771,45,139825.56,1,0,1,0,0,0.8177604279462227,0.011111111111111112,1,0.0,1.0
497,24,111769.14,2,0,0,0,0,2.0008700280181246,0.2708333333333333,1,1.0,0.0
622,37,0.0,2,0,0,1,0,0.0,0.12162162162162163,1,0.0,1.0
602,30,113672.18,2,0,0,0,0,1.11293918007318,0.31666666666666665,1,0.0,1.0
543,32,147256.86,1,0,0,0,0,1.305781749967523,0.234375,0,0.0,0.0
520,45,107023.03,1,0,0,0,0,3.2524922557197358,0.16666666666666666,1,0.0,1.0
669,37,125529.55,1,1,0,0,1,0.773622931762244,0.04054054054054054,1,0.0,0.0
631,41,0.0,1,0,0,1,0,0.0,0.012195121951219513,0,0.0,1.0
537,48,131834.8,1,0,1,0,0,0.7919054745688542,0.09375,1,1.0,0.0
732,62,0.0,2,1,0,1,2,0.0,0.04032258064516129,1,0.0,0.0
844,56,99529.7,1,1,1,0,1,0.6330155123294341,0.09821428571428571,1,0.0,1.0
838,35,0.0,2,1,0,1,2,0.0,0.014285714285714285,1,0.0,1.0
652,27,107303.72,2,0,0,0,0,2.4147512104842925,0.3888888888888889,1,0.0,0.0
660,33,72783.42,1,0,0,0,0,0.40200065185336076,0.015151515151515152,1,0.0,0.0
692,44,0.0,1,1,0,1,1,0.0,0.19318181818181818,0,0.0,1.0
588,35,0.0,2,1,0,1,2,0.0,0.014285714285714285,0,0.0,0.0
533,22,115743.6,1,0,0,0,0,2.6393511967810674,0.4772727272727273,0,1.0,0.0
850,43,161256.53,1,1,0,0,1,1.1512356059434048,0.10465116279069768,1,0.0,0.0
511,27,0.0,2,1,0,1,2,0.0,0.3148148148148148,1,0.0,0.0
530,44,0.0,2,0,0,1,0,0.0,0.14772727272727273,1,0.0,1.0
554,31,0.0,2,1,0,1,2,0.0,0.04838709677419355,1,0.0,0.0
585,40,162261.01,2,0,0,0,0,1.1841318705729882,0.0875,0,1.0,0.0
754,39,74896.33,1,0,0,0,0,2.175248524882693,0.08974358974358974,1,0.0,0.0
474,54,0.0,1,0,1,1,0,0.0,0.06481481481481481,1,0.0,0.0
837,35,144037.6,1,0,0,0,0,0.9911322326196659,0.014285714285714285,1,1.0,0.0
567,23,93522.2,1,1,0,0,1,1.1485459114655516,0.41304347826086957,0,0.0,0.0
800,38,0.0,2,0,0,1,0,0.0,0.039473684210526314,1,0.0,1.0
646,18,0.0,2,1,0,1,2,0.0,0.5833333333333334,1,0.0,0.0
627,38,106922.92,2,1,0,0,2,1.2687971640096265,0.2236842105263158,1,1.0,0.0
505,26,112972.57,1,0,0,0,0,0.7790533679068761,0.3269230769230769,1,0.0,0.0
566,35,123042.0,1,0,1,0,0,1.8573375414588316,0.04285714285714286,0,1.0,0.0
619,33,100488.92,2,1,0,0,2,2.7570686138564424,0.10606060606060606,0,1.0,0.0
757,44,123322.15,1,0,0,0,0,0.8992605147731881,0.10227272727272728,0,0.0,0.0
648,32,0.0,1,1,0,1,1,0.0,0.015625,1,0.0,0.0
621,42,68683.68,1,1,0,0,1,0.9261714503933521,0.20238095238095238,1,0.0,1.0
543,49,59532.18,1,0,0,0,0,0.571027109030051,0.1326530612244898,1,1.0,0.0
658,43,140260.36,2,0,0,0,0,35.476218007762185,0.1744186046511628,0,0.0,0.0
633,50,88302.65,1,1,0,0,1,0.4506659141843528,0.15,1,1.0,0.0
648,19,0.0,2,1,0,1,2,0.0,0.07894736842105263,0,0.0,0.0
501,40,114655.58,1,0,0,0,0,0.9061037679753862,0.1375,1,1.0,0.0
683,42,148283.94,1,1,1,0,1,3.3177868971484306,0.10714285714285714,0,0.0,0.0
619,38,0.0,1,0,1,1,0,0.0,0.039473684210526314,0,0.0,1.0
705,35,0.0,2,1,0,1,2,0.0,0.1,0,0.0,0.0
638,53,123916.67,1,0,1,0,0,7.4385647602331035,0.02830188679245283,0,1.0,0.0
710,31,0.0,2,0,0,1,0,0.0,0.04838709677419355,0,0.0,0.0
590,54,0.0,2,1,1,1,2,0.0,0.08333333333333333,0,0.0,0.0
725,43,165896.0,2,0,0,0,0,1.2683517879527682,0.05813953488372093,1,0.0,0.0
638,32,0.0,2,0,0,1,0,0.0,0.015625,0,0.0,0.0
791,36,111168.97,1,1,0,0,1,0.5851894376881176,0.18055555555555555,1,0.0,0.0
702,40,103549.24,1,0,1,0,0,10.660320872351114,0.0375,0,0.0,0.0
607,32,0.0,2,0,0,1,0,0.0,0.203125,0,0.0,0.0
535,30,103804.97,1,1,0,0,1,0.82573945285687,0.21666666666666667,1,0.0,0.0
651,45,165901.59,2,0,1,0,0,7.195745832558031,0.05555555555555555,1,0.0,0.0
506,59,119152.1,2,1,0,0,2,0.6980992700172264,0.1440677966101695,1,1.0,0.0
511,57,122950.31,1,1,0,0,1,0.6783100121063825,0.14912280701754385,0,0.0,1.0
757,51,0.0,1,1,1,1,1,0.0,0.029411764705882353,0,0.0,0.0
768,49,133384.66,1,0,1,0,0,1.3026072132894497,0.030612244897959183,1,1.0,0.0
757,32,0.0,2,0,0,1,0,0.0,0.296875,1,0.0,0.0
663,64,0.0,2,1,0,1,2,0.0,0.1015625,1,0.0,1.0
537,37,158411.95,4,1,1,0,4,1.345992211167528,0.20270270270270271,0,1.0,0.0
570,29,122028.65,2,1,0,0,2,0.7021462852206958,0.15517241379310345,1,1.0,0.0
850,35,0.0,1,1,0,1,1,0.0,0.15714285714285714,0,0.0,0.0
661,64,128751.65,2,0,1,0,0,0.6797899019414974,0.1328125,0,1.0,0.0
659,54,133436.52,1,0,0,0,0,2.349697827740681,0.1574074074074074,1,0.0,0.0
454,40,123177.01,1,0,0,0,0,0.8305319673566987,0.0625,1,0.0,1.0
708,59,0.0,1,0,1,1,0,0.0,0.0423728813559322,0,0.0,0.0
720,37,120328.88,2,1,0,0,2,0.868981212773399,0.06756756756756757,0,0.0,0.0
785,39,130147.98,1,0,1,0,0,0.7945570744119286,0.038461538461538464,0,0.0,0.0
743,36,92716.96,1,1,0,0,1,2.7516713271313837,0.2361111111111111,0,0.0,1.0
493,48,0.0,2,0,0,1,0,0.0,0.15625,0,0.0,1.0
557,34,0.0,1,1,0,1,1,0.0,0.10294117647058823,1,0.0,1.0
850,40,76914.21,1,0,0,0,0,0.44156762796952476,0.0375,1,0.0,0.0
799,32,106045.92,2,1,0,0,2,5.911473326272367,0.109375,0,0.0,0.0
756,34,103133.26,1,1,0,0,1,1.1451611613763442,0.04411764705882353,1,0.0,0.0
752,38,145974.79,2,1,0,0,2,1.0601296065230437,0.013157894736842105,1,0.0,0.0
696,36,0.0,3,0,0,1,0,0.0,0.09722222222222222,0,0.0,1.0
630,49,0.0,2,1,0,1,2,0.0,0.030612244897959183,0,0.0,1.0
659,38,0.0,2,1,0,1,2,0.0,0.25,0,0.0,1.0
685,39,0.0,2,1,0,1,2,0.0,0.24358974358974358,1,0.0,1.0
599,31,0.0,1,1,1,1,1,0.0,0.11290322580645161,0,0.0,1.0
559,31,139183.06,1,1,0,0,1,0.9708534142625123,0.04838709677419355,0,0.0,1.0
615,19,0.0,2,0,0,1,0,0.0,0.2894736842105263,1,0.0,1.0
580,36,74974.89,1,1,0,0,1,6.195928820470272,0.09722222222222222,0,1.0,0.0
487,44,61691.45,1,1,0,0,1,1.1620387131189938,0.14772727272727273,1,0.0,1.0
646,35,121952.75,2,1,0,0,2,0.8537668013947273,0.04285714285714286,0,1.0,0.0
811,35,0.0,1,1,0,1,1,0.0,0.21428571428571427,0,0.0,0.0
526,35,0.0,2,1,0,1,2,0.0,0.15714285714285714,1,0.0,1.0
767,37,0.0,2,1,0,1,2,0.0,0.20270270270270271,1,0.0,1.0
548,33,80107.83,2,1,0,0,2,0.9739948134070352,0.045454545454545456,0,0.0,0.0
737,45,0.0,2,1,0,1,2,0.0,0.05555555555555555,0,0.0,1.0
613,40,147856.82,3,0,1,0,0,1.3695251046871908,0.0375,1,1.0,0.0
711,36,0.0,2,0,0,1,0,0.0,0.2361111111111111,1,0.0,1.0
850,53,65407.16,2,0,1,0,0,0.3581312043614073,0.14150943396226415,0,0.0,1.0
752,53,114233.18,1,1,0,0,1,2.214334562817273,0.16037735849056603,0,0.0,0.0
710,37,0.0,2,0,0,1,0,0.0,0.14864864864864866,0,0.0,0.0
664,53,187602.18,1,0,1,0,0,1.0064819150016586,0.14150943396226415,0,0.0,1.0
510,22,156834.34,1,0,0,0,0,3.534259941985927,0.1590909090909091,0,0.0,0.0
577,34,0.0,2,1,0,1,2,0.0,0.07352941176470588,0,0.0,0.0
529,42,157498.9,1,1,0,0,1,1.9142374317584783,0.03571428571428571,1,0.0,0.0
757,44,0.0,2,0,0,1,0,0.0,0.2159090909090909,0,0.0,1.0
691,41,0.0,1,1,1,1,1,0.0,0.06097560975609756,1,0.0,0.0
621,34,0.0,1,0,0,1,0,0.0,0.25,1,0.0,1.0
709,35,0.0,2,0,0,1,0,0.0,0.07142857142857142,1,0.0,1.0
756,19,130274.22,1,1,0,0,1,0.9755716592096425,0.23684210526315788,1,0.0,1.0
788,41,0.0,1,1,0,1,1,0.0,0.15853658536585366,0,0.0,0.0
705,39,149379.66,2,0,0,0,0,1.5547983352857695,0.14102564102564102,0,0.0,0.0
483,29,0.0,1,1,0,1,1,0.0,0.3275862068965517,1,0.0,0.0
719,35,100829.94,1,1,0,0,1,0.6110536230022949,0.04285714285714286,1,0.0,1.0
793,32,96408.98,1,1,0,0,1,0.6976410711961063,0.046875,0,1.0,0.0
593,41,0.0,2,1,0,1,2,0.0,0.15853658536585366,1,0.0,0.0
551,52,0.0,1,0,1,1,0,0.0,0.028846153846153848,1,0.0,0.0
690,39,0.0,2,0,0,1,0,0.0,0.16666666666666666,1,0.0,0.0
823,71,149105.08,1,1,0,0,1,0.9165315888969084,0.07746478873239436,1,0.0,0.0
512,39,0.0,1,0,0,1,0,0.0,0.08974358974358974,1,0.0,1.0
802,41,0.0,2,1,0,1,2,0.0,0.13414634146341464,1,0.0,1.0
450,34,0.0,2,0,0,1,0,0.0,0.07352941176470588,0,0.0,1.0
651,41,90218.11,1,0,0,0,0,0.5174876281041018,0.036585365853658534,1,1.0,0.0
697,33,87347.7,1,0,0,0,0,0.5062886062472732,0.045454545454545456,0,0.0,0.0
611,28,0.0,2,0,0,1,0,0.0,0.08928571428571429,1,0.0,0.0
643,33,137811.75,1,1,0,0,1,0.745501044072287,0.015151515151515152,0,0.0,0.0
822,37,105563.0,1,0,0,0,0,0.5780285417300818,0.0945945945945946,1,0.0,0.0
632,38,0.0,2,0,0,1,0,0.0,0.11842105263157894,1,0.0,0.0
575,26,0.0,2,0,0,1,0,0.0,0.28846153846153844,0,0.0,1.0
672,31,91125.75,1,0,0,0,0,0.5139725495513402,0.20967741935483872,1,0.0,0.0
517,39,0.0,2,1,0,1,2,0.0,0.08974358974358974,1,0.0,1.0
621,39,0.0,2,0,0,1,0,0.0,0.21794871794871795,1,0.0,1.0
775,77,135120.56,1,0,0,0,0,3.571062042981539,0.08441558441558442,0,1.0,0.0
600,29,0.0,2,1,0,1,2,0.0,0.29310344827586204,1,0.0,0.0
640,28,0.0,2,1,0,1,2,0.0,0.26785714285714285,1,0.0,0.0
752,36,86837.95,1,1,0,0,1,0.8248164089529456,0.041666666666666664,0,0.0,0.0
613,26,100446.57,1,1,0,0,1,0.6711883834538964,0.17307692307692307,1,0.0,0.0
484,32,0.0,2,1,0,1,2,0.0,0.109375,0,0.0,0.0
511,33,0.0,2,0,0,1,0,0.0,0.10606060606060606,0,0.0,0.0
745,32,0.0,4,1,1,1,4,0.0,0.078125,0,0.0,0.0
786,32,114512.59,1,0,0,0,0,7.248705820988678,0.203125,0,0.0,1.0
727,35,136364.46,1,0,0,0,0,0.9552294615746018,0.15714285714285714,1,0.0,0.0
622,31,106260.67,1,1,0,0,1,35.476218007762185,0.1774193548387097,1,0.0,0.0
794,24,146126.75,1,1,0,0,1,1.642001819243188,0.4375,1,0.0,0.0
636,52,111284.53,1,1,1,0,1,3.378663611986845,0.08653846153846154,1,0.0,1.0
741,42,121056.63,2,0,0,0,0,3.0942114704226964,0.2261904761904762,0,0.0,1.0
687,34,128270.56,1,0,0,0,0,0.6712445972816884,0.16176470588235295,1,0.0,0.0
660,30,0.0,2,0,0,1,0,0.0,0.15,1,0.0,1.0
660,35,0.0,2,0,0,1,0,0.0,0.21428571428571427,1,0.0,0.0
617,79,0.0,1,1,0,1,1,0.0,0.0949367088607595,0,0.0,0.0
762,32,191775.65,1,0,0,0,0,1.0674434983240177,0.328125,1,0.0,0.0
752,35,0.0,1,0,1,1,0,0.0,0.07142857142857142,0,0.0,1.0
561,34,85141.79,2,1,0,0,2,2.913981512315711,0.1323529411764706,1,0.0,1.0
609,26,126392.18,1,1,0,0,1,2.8954174206328207,0.40384615384615385,1,0.0,0.0
803,28,0.0,2,0,0,1,0,0.0,0.125,1,0.0,0.0
556,40,129860.37,1,0,0,0,0,7.216894687878253,0.2375,0,0.0,0.0
531,53,127642.44,1,0,1,0,0,0.9020510952283864,0.10377358490566038,0,0.0,0.0
411,35,0.0,2,1,0,1,2,0.0,0.07142857142857142,0,0.0,0.0
587,44,125584.17,2,1,1,0,2,3.00058418416352,0.125,0,1.0,0.0
683,56,50911.21,3,0,1,0,0,0.5214693059972871,0.13392857142857142,1,0.0,1.0
654,29,91955.61,1,0,0,0,0,2.4808172627369176,0.08620689655172414,1,0.0,0.0
670,36,84266.44,2,0,0,0,0,2.1821813879280674,0.06944444444444445,0,1.0,0.0
655,36,147149.59,1,1,0,0,1,1.67562258975566,0.06944444444444445,0,0.0,0.0
752,36,0.0,2,0,0,1,0,0.0,0.20833333333333334,0,0.0,0.0
534,23,104822.45,1,1,0,0,1,0.6544144441786975,0.2391304347826087,0,0.0,0.0
635,42,146766.72,2,1,0,0,2,0.8929691934866612,0.03571428571428571,1,0.0,0.0
491,70,148745.92,2,1,0,0,2,8.347447406832917,0.09285714285714286,1,1.0,0.0
516,27,0.0,1,0,1,1,0,0.0,0.35185185185185186,1,0.0,0.0
530,48,0.0,1,0,0,1,0,0.0,0.010416666666666666,0,0.0,0.0
687,35,0.0,2,1,0,1,2,0.0,0.1,1,0.0,1.0
684,41,135203.81,2,1,0,0,2,1.1085107119127435,0.15853658536585366,0,0.0,0.0
706,23,93301.97,2,1,0,0,2,0.7335750279664661,0.10869565217391304,1,1.0,0.0
490,33,96341.0,2,0,0,0,0,0.8894574808838793,0.16666666666666666,1,1.0,0.0
796,44,165326.2,1,1,0,0,1,2.8899872479637385,0.19318181818181818,1,0.0,0.0
849,27,0.0,2,1,0,1,2,0.0,0.018518518518518517,1,0.0,0.0
779,41,99786.2,1,0,0,0,0,1.1479108182319429,0.25609756097560976,0,0.0,0.0
794,22,114440.24,1,1,0,0,1,1.0620502780080603,0.20454545454545456,0,0.0,1.0
748,36,141573.55,1,0,0,0,0,1.7231625111947373,0.125,1,0.0,1.0
663,22,0.0,1,0,1,1,0,0.0,0.4318181818181818,0,0.0,1.0
645,55,133676.65,1,1,0,0,1,7.818952896179273,0.02727272727272727,0,0.0,1.0
464,33,147493.7,2,0,0,0,0,1.468351005236214,0.3181818181818182,0,0.0,0.0
737,54,0.0,1,0,1,1,0,0.0,0.17592592592592593,1,0.0,0.0
590,29,0.0,2,0,0,1,0,0.0,0.15517241379310345,0,0.0,0.0
522,37,95022.57,1,1,0,0,1,0.7359895263359317,0.0945945945945946,0,1.0,0.0
648,34,0.0,1,0,0,1,0,0.0,0.10294117647058823,0,0.0,0.0
754,37,0.0,1,1,0,1,1,0.0,0.17567567567567569,1,0.0,0.0
669,50,149713.61,3,1,1,0,3,1.1989229573435243,0.09,1,0.0,0.0
648,43,107963.38,1,0,1,0,0,0.5790788514859431,0.03488372093023256,0,1.0,0.0
763,40,0.0,2,0,0,1,0,0.0,0.0875,1,0.0,0.0
790,32,0.0,1,0,0,1,0,0.0,0.109375,1,0.0,1.0
581,37,0.0,2,1,0,1,2,0.0,0.20270270270270271,1,0.0,0.0
703,43,0.0,2,0,0,1,0,0.0,0.19767441860465115,1,0.0,0.0
571,33,102017.25,2,0,0,0,0,0.793282021849047,0.2878787878787879,0,0.0,0.0
657,27,0.0,2,0,0,1,0,0.0,0.3148148148148148,0,0.0,1.0
737,44,0.0,2,0,0,1,0,0.0,0.17045454545454544,1,0.0,0.0
793,29,96674.55,2,0,0,0,0,0.5031944341934168,0.29310344827586204,1,0.0,1.0
783,44,81811.71,1,0,1,0,0,0.4982001897152463,0.07954545454545454,0,0.0,1.0
751,33,79281.61,1,0,0,0,0,0.674457220986423,0.13636363636363635,1,0.0,1.0
579,31,0.0,2,0,0,1,0,0.0,0.20967741935483872,1,0.0,0.0
655,36,122314.39,1,0,0,0,0,13.320147974552036,0.2916666666666667,0,1.0,0.0
614,43,140733.74,1,1,0,0,1,0.8447922609408884,0.19767441860465115,1,1.0,0.0
678,49,116933.11,1,0,1,0,0,0.599489178874959,0.05102040816326531,1,1.0,0.0
562,41,165445.04,2,0,0,0,0,1.9285266255973572,0.13414634146341464,1,0.0,1.0
711,53,123805.03,1,0,0,0,0,1.208685172856924,0.10377358490566038,0,1.0,0.0
620,37,107548.94,1,0,0,0,0,1.511008200127738,0.013513513513513514,1,0.0,0.0
437,49,111634.29,2,1,0,0,2,0.670712597088271,0.19387755102040816,1,0.0,0.0
691,41,109153.96,3,1,1,0,3,0.7333163318503167,0.2073170731707317,0,1.0,0.0
552,34,0.0,2,0,0,1,0,0.0,0.1323529411764706,0,0.0,1.0
765,34,86055.17,2,1,0,0,2,0.8256949861592857,0.16176470588235295,1,1.0,0.0
707,51,98438.23,1,0,1,0,0,1.3907706214344435,0.20588235294117646,0,1.0,0.0
764,29,0.0,2,0,0,1,0,0.0,0.1896551724137931,1,0.0,1.0
585,32,144705.87,2,0,0,0,0,0.8438468970436582,0.265625,0,0.0,0.0
784,31,0.0,2,1,0,1,2,0.0,0.24193548387096775,1,0.0,0.0
605,41,91612.91,1,1,0,0,1,3.222534229324869,0.13414634146341464,1,0.0,0.0
699,40,0.0,1,0,0,1,0,0.0,0.0625,1,0.0,1.0
544,40,0.0,1,1,0,1,1,0.0,0.1875,0,0.0,0.0
803,32,192122.84,1,1,1,0,1,3.5395785988730335,0.296875,0,0.0,0.0
735,41,179904.0,1,1,0,0,1,1.3114261752366108,0.18292682926829268,1,0.0,0.0
673,59,178058.06,2,1,1,0,2,8.452908205239948,0.00847457627118644,1,0.0,0.0
652,30,176166.56,2,1,0,0,2,1.157377735669788,0.08333333333333333,1,0.0,0.0
694,42,156864.2,2,0,0,0,0,1.7646654498308336,0.08333333333333333,1,0.0,0.0
741,44,0.0,2,1,0,1,2,0.0,0.17045454545454544,0,0.0,0.0
590,30,0.0,2,0,0,1,0,0.0,0.11666666666666667,1,0.0,1.0
809,33,0.0,2,1,0,1,2,0.0,0.10606060606060606,0,0.0,1.0
523,34,161588.89,1,1,0,0,1,3.146221957076819,0.07352941176470588,1,0.0,0.0
540,48,109349.29,1,0,1,0,0,1.2327430633373633,0.052083333333333336,1,0.0,0.0
596,29,0.0,2,0,0,1,0,0.0,0.22413793103448276,0,0.0,1.0
597,36,0.0,2,1,0,1,2,0.0,0.2638888888888889,0,0.0,0.0
407,37,0.0,1,1,1,1,1,0.0,0.04054054054054054,1,0.0,1.0
748,60,152335.7,1,0,1,0,0,1.2019133321388027,0.008333333333333333,1,0.0,0.0
562,51,124662.54,1,1,1,0,1,1.9064039860862565,0.029411764705882353,0,0.0,0.0
734,47,91522.04,2,1,0,0,2,0.659205394300406,0.22340425531914893,0,1.0,0.0
710,45,0.0,2,1,0,1,2,0.0,0.03333333333333333,1,0.0,0.0
539,39,62052.28,1,1,0,0,1,1.0384251727102856,0.16666666666666666,0,0.0,1.0
542,32,107871.72,1,0,0,0,0,0.8608825729244578,0.234375,1,0.0,0.0
717,36,99472.76,2,0,1,0,0,1.055125964564365,0.06944444444444445,0,0.0,0.0
682,50,128039.01,1,1,0,0,1,1.2520785995386712,0.21,0,0.0,1.0
515,33,0.0,2,1,0,1,2,0.0,0.07575757575757576,1,0.0,0.0
526,33,114634.63,2,0,1,0,0,1.0410410425864216,0.25757575757575757,0,0.0,1.0
702,26,56738.47,2,1,1,0,2,0.5648810342798648,0.21153846153846154,1,0.0,0.0
651,34,90355.12,2,0,0,0,0,0.4667128859279911,0.07352941176470588,1,1.0,0.0
792,36,115725.24,2,0,0,0,0,35.476218007762185,0.1527777777777778,1,1.0,0.0
817,58,114327.59,2,1,0,0,2,2.6692028480502126,0.0603448275862069,1,1.0,0.0
674,36,100762.64,1,0,0,0,0,0.5531610878608259,0.18055555555555555,0,1.0,0.0
641,40,0.0,1,0,1,1,0,0.0,0.2375,0,0.0,0.0
513,39,89039.9,2,1,0,0,2,0.6067875368262319,0.19230769230769232,1,0.0,1.0
561,34,78829.53,1,1,0,0,1,6.488454383827741,0.04411764705882353,1,0.0,0.0
627,30,112372.96,1,1,0,0,1,0.9520704423761772,0.21666666666666667,1,1.0,0.0
682,81,122029.15,1,1,0,0,1,2.4028638051325513,0.08024691358024691,1,1.0,0.0
683,29,157829.12,1,0,0,0,0,1.2150734306311073,0.017241379310344827,0,0.0,0.0
420,31,108377.75,2,1,0,0,2,10.941025457239974,0.04838709677419355,0,1.0,0.0
670,54,95507.12,1,1,0,0,1,1.5108465156069883,0.046296296296296294,0,0.0,0.0
505,43,127146.68,1,0,0,0,0,0.9242536375218829,0.1511627906976744,1,1.0,0.0
580,24,133811.78,1,0,1,0,0,7.785661795722917,0.0625,1,1.0,0.0
577,36,121092.47,2,1,0,0,2,0.8421805110232358,0.09722222222222222,1,0.0,0.0
773,34,126979.75,1,0,0,0,0,3.44826158176073,0.3088235294117647,1,1.0,0.0
616,37,144235.73,2,0,1,0,0,0.9308013505021275,0.14864864864864866,1,0.0,0.0
763,38,152582.2,2,0,0,0,0,4.784067885251751,0.013157894736842105,0,0.0,0.0
640,43,172478.15,1,0,1,0,0,0.9026233820061605,0.22093023255813954,1,0.0,1.0
592,36,126477.42,1,0,0,0,0,0.7037503010947579,0.041666666666666664,1,0.0,0.0
528,43,97473.87,2,1,0,0,2,0.6098819477605888,0.1744186046511628,1,0.0,1.0
630,53,138053.67,1,1,0,0,1,1.209808839510877,0.10377358490566038,1,0.0,0.0
529,31,164003.05,2,1,0,0,2,2.688828926932924,0.08064516129032258,0,0.0,0.0
546,47,0.0,1,1,1,1,1,0.0,0.18085106382978725,0,0.0,0.0
753,62,0.0,2,1,0,1,2,0.0,0.10483870967741936,0,0.0,0.0
772,39,122486.11,2,1,0,0,2,0.8704846306505745,0.11538461538461539,0,0.0,1.0
567,36,0.0,2,0,0,1,0,0.0,0.041666666666666664,1,0.0,0.0
628,45,53667.44,1,0,0,0,0,0.46657626229809207,0.14444444444444443,0,1.0,0.0
658,20,0.0,2,0,0,1,0,0.0,0.375,1,0.0,0.0
679,58,109327.65,1,1,0,0,1,28.544109468869202,0.16379310344827586,1,0.0,1.0
629,34,121151.05,1,0,0,0,0,1.0150145447852121,0.04411764705882353,1,0.0,1.0
731,42,101043.63,1,1,0,0,1,0.525785512194726,0.2261904761904762,1,0.0,1.0
775,33,83501.66,2,0,0,0,0,0.648091919494458,0.10606060606060606,1,1.0,0.0
660,33,80462.24,1,0,0,0,0,0.5349052524092835,0.07575757575757576,1,0.0,1.0
752,39,0.0,1,0,0,1,0,0.0,0.08974358974358974,1,0.0,0.0
655,37,109093.41,2,0,0,0,0,35.476218007762185,0.17567567567567569,1,0.0,0.0
543,46,140355.6,1,1,0,0,1,1.6495388644526865,0.11956521739130435,0,0.0,1.0
811,42,0.0,2,1,0,1,2,0.0,0.25,1,0.0,0.0
689,45,130170.82,2,0,0,0,0,0.8628733973770458,0.011111111111111112,1,1.0,0.0
531,42,0.0,2,1,0,1,2,0.0,0.05952380952380952,0,0.0,0.0
515,40,109542.29,1,1,0,0,1,0.6584185746371335,0.0125,1,0.0,0.0
466,41,33563.95,2,0,1,0,0,0.18751320217483008,0.08536585365853659,0,0.0,0.0
782,36,148795.17,2,1,0,0,2,0.7603910581036837,0.041666666666666664,1,0.0,0.0
611,64,0.0,2,1,0,1,2,0.0,0.1484375,1,0.0,0.0
621,40,174126.75,3,0,1,0,0,1.0094785386294929,0.2125,1,1.0,0.0
604,41,0.0,1,0,0,1,0,0.0,0.08536585365853659,1,0.0,1.0
655,35,106405.03,1,1,0,0,1,1.2835153872830627,0.04285714285714286,0,0.0,1.0
689,38,0.0,1,1,0,1,1,0.0,0.06578947368421052,1,0.0,1.0
681,30,128393.29,1,1,0,0,1,0.7109481492925169,0.08333333333333333,1,0.0,1.0
643,41,127841.52,1,0,0,0,0,0.7416932532649867,0.06097560975609756,1,1.0,0.0
617,24,137295.19,2,1,0,0,2,1.5054937644276973,0.1875,0,0.0,0.0
638,55,155828.22,1,1,1,0,1,1.4297708239190923,0.045454545454545456,0,0.0,1.0
743,39,0.0,2,0,0,1,0,0.0,0.16666666666666666,1,0.0,0.0
828,25,144351.86,1,0,0,0,0,1.2378577028229651,0.3,0,1.0,0.0
776,35,106365.29,1,1,0,0,1,0.7161268512937848,0.24285714285714285,1,0.0,1.0
540,35,127801.88,1,1,0,0,1,1.517108049979784,0.21428571428571427,1,1.0,0.0
616,45,122793.96,1,1,0,0,1,1.980450635968817,0.1,0,1.0,0.0
628,38,113525.84,1,0,1,0,0,2.46551539912278,0.27631578947368424,1,1.0,0.0
667,23,136100.69,2,0,1,0,0,0.8021478475346869,0.2826086956521739,0,0.0,1.0
615,30,0.0,2,1,0,1,2,0.0,0.25,1,0.0,0.0
543,30,140916.81,1,0,0,0,0,0.8935061959069998,0.15,1,0.0,0.0
553,31,0.0,2,1,0,1,2,0.0,0.14516129032258066,0,0.0,0.0
554,26,121365.39,1,1,0,0,1,13.880863878417449,0.17307692307692307,1,1.0,0.0
684,36,0.0,1,0,0,1,0,0.0,0.125,0,0.0,1.0
452,35,0.0,2,0,0,1,0,0.0,0.21428571428571427,0,0.0,0.0
606,47,93578.68,2,1,1,0,2,0.679477345449761,0.07446808510638298,1,0.0,0.0
629,40,0.0,1,0,0,1,0,0.0,0.2375,1,0.0,0.0
659,33,115409.6,1,1,0,0,1,35.476218007762185,0.25757575757575757,0,0.0,1.0
493,33,90791.69,1,1,0,0,1,1.5218049521182597,0.25757575757575757,0,0.0,0.0
794,62,123681.32,3,0,1,0,0,0.7125007697841143,0.1532258064516129,0,0.0,0.0
554,44,92436.86,1,0,0,0,0,0.7334227265622459,0.14772727272727273,0,0.0,0.0
796,52,167194.36,1,1,1,0,1,2.661909669378711,0.18269230769230768,0,1.0,0.0
807,36,0.0,2,1,0,1,2,0.0,0.125,0,0.0,0.0
500,44,160838.13,2,0,0,0,0,0.8195045679605655,0.2159090909090909,1,1.0,0.0
722,43,0.0,1,0,1,1,0,0.0,0.03488372093023256,1,0.0,1.0
559,40,144470.77,1,1,0,0,1,7.6362995832221126,0.1875,0,0.0,1.0
584,38,0.0,2,1,0,1,2,0.0,0.09210526315789473,0,0.0,1.0
834,68,130169.27,2,1,0,0,2,1.397967957282104,0.13970588235294118,0,1.0,0.0
754,35,0.0,2,1,0,1,2,0.0,0.12857142857142856,1,0.0,1.0
590,43,81076.8,2,1,1,0,2,0.4439444609473069,0.1744186046511628,1,0.0,0.0
740,36,0.0,1,1,0,1,1,0.0,0.20833333333333334,1,0.0,0.0
502,57,101465.31,1,0,1,0,0,2.3288252671433174,0.06140350877192982,0,1.0,0.0
733,48,0.0,1,1,0,1,1,0.0,0.11458333333333333,1,0.0,0.0
755,37,113865.23,2,1,0,0,2,0.9699139460251411,0.013513513513513514,0,1.0,0.0
554,46,87603.35,3,1,1,0,3,0.9037772938558699,0.16304347826086957,0,0.0,1.0
534,36,120037.96,1,0,0,0,0,3.3089328923553087,0.125,1,0.0,0.0
656,33,0.0,2,0,0,1,0,0.0,0.13636363636363635,1,0.0,1.0
575,49,121205.15,4,1,1,0,4,0.7211092735769361,0.15306122448979592,1,1.0,0.0
480,47,75408.33,1,0,1,0,0,2.9127679865764815,0.18085106382978725,1,0.0,1.0
575,40,0.0,2,1,0,1,2,0.0,0.1375,1,0.0,0.0
672,40,0.0,1,0,1,1,0,0.0,0.0875,0,0.0,0.0
758,35,0.0,2,0,0,1,0,0.0,0.15714285714285714,0,0.0,1.0
682,50,121818.84,2,1,0,0,2,0.9812043056447493,0.13,1,0.0,0.0
501,29,0.0,2,0,0,1,0,0.0,0.29310344827586204,0,0.0,0.0
746,34,141806.0,2,1,0,0,2,0.7728021344567592,0.19117647058823528,1,1.0,0.0
556,51,61354.14,1,0,1,0,0,0.30860434989599456,0.16666666666666666,0,0.0,0.0
823,53,124954.94,1,1,1,0,1,0.9519607559313304,0.08490566037735849,0,1.0,0.0
491,68,95039.12,1,1,1,0,1,0.8159815729323767,0.022058823529411766,0,1.0,0.0
638,29,103417.74,1,1,0,0,1,6.742846897127285,0.3275862068965517,0,0.0,0.0
734,45,0.0,2,0,0,1,0,0.0,0.05555555555555555,1,0.0,0.0
555,40,43028.77,1,0,0,0,0,0.2523456411894282,0.2625,1,0.0,0.0
745,44,119638.21,1,1,1,0,1,3.4914472271120593,0.011363636363636364,0,1.0,0.0
728,37,122689.51,2,0,1,0,0,1.1468610570737885,0.0945945945945946,1,0.0,0.0
626,44,0.0,2,0,0,1,0,0.0,0.23863636363636365,1,0.0,0.0
681,37,73179.34,2,1,0,0,2,2.893203914202565,0.22972972972972974,1,1.0,0.0
478,38,171913.87,1,0,1,0,0,3.3173999703214103,0.11842105263157894,0,0.0,0.0
709,38,0.0,2,1,0,1,2,0.0,0.14473684210526316,1,0.0,0.0
562,33,92659.2,2,0,0,0,0,35.476218007762185,0.25757575757575757,1,1.0,0.0
769,34,137239.17,1,1,1,0,1,1.9226310055964537,0.22058823529411764,0,1.0,0.0
684,46,102955.14,2,0,0,0,0,0.6679398952875641,0.07608695652173914,0,1.0,0.0
536,61,65190.29,1,1,1,0,1,1.0136962678447614,0.13934426229508196,0,0.0,0.0
631,29,96863.52,2,1,0,0,2,3.063909901674398,0.08620689655172414,0,1.0,0.0
657,34,154983.98,1,0,0,0,0,5.587221029157133,0.16176470588235295,1,0.0,1.0
699,59,106819.65,1,1,0,0,1,0.6530466081294848,0.059322033898305086,1,1.0,0.0
606,38,128578.52,1,1,0,0,1,0.6631877705900948,0.19736842105263158,1,0.0,1.0
612,63,126473.33,1,1,0,0,1,0.8571752052655889,0.03968253968253968,0,0.0,0.0
660,38,110570.78,2,0,0,0,0,0.5644027370251454,0.14473684210526316,0,0.0,0.0
829,50,0.0,2,1,0,1,2,0.0,0.15,1,0.0,1.0
567,29,0.0,2,0,0,1,0,0.0,0.29310344827586204,1,0.0,1.0
850,33,0.0,2,1,0,1,2,0.0,0.10606060606060606,0,0.0,0.0
712,44,0.0,2,0,0,1,0,0.0,0.056818181818181816,0,0.0,1.0
562,30,111099.79,2,0,0,0,0,0.7898958409097,0.11666666666666667,1,0.0,0.0
755,29,0.0,3,0,0,1,0,0.0,0.1206896551724138,0,0.0,0.0
793,25,100913.57,1,0,0,0,0,9.53749555795825,0.14,1,0.0,1.0
471,26,0.0,2,1,0,1,2,0.0,0.3269230769230769,1,0.0,1.0
707,42,16893.59,1,1,0,0,1,0.21797179381179393,0.05952380952380952,1,0.0,0.0
784,38,122267.85,1,0,0,0,0,0.8388245739101693,0.27631578947368424,1,0.0,1.0
703,32,125685.79,1,1,0,0,1,2.234504616364894,0.046875,1,0.0,0.0
704,36,127397.34,1,0,0,0,0,0.8418164743619903,0.2361111111111111,1,0.0,1.0
662,38,105271.56,1,1,0,0,1,0.5853803873506994,0.013157894736842105,1,0.0,0.0
636,28,115265.14,1,0,0,0,0,0.6015020180938309,0.08928571428571429,0,1.0,0.0
640,36,0.0,1,0,0,1,0,0.0,0.125,1,0.0,1.0
739,31,0.0,2,1,0,1,2,0.0,0.04838709677419355,1,0.0,1.0
767,23,139542.82,1,1,0,0,1,4.97669055696152,0.10869565217391304,1,1.0,0.0
753,46,111512.75,3,0,1,0,0,0.6987988613700845,0.07608695652173914,0,1.0,0.0
714,37,148466.93,2,1,0,0,2,0.9813921633484918,0.25675675675675674,1,0.0,0.0
707,29,0.0,2,0,0,1,0,0.0,0.15517241379310345,1,0.0,0.0
577,35,108155.49,1,0,0,0,0,1.0260575991812448,0.12857142857142856,0,0.0,0.0
633,42,0.0,2,0,0,1,0,0.0,0.03571428571428571,0,0.0,0.0
849,41,84622.13,1,1,0,0,1,0.42722663686488366,0.25609756097560976,1,1.0,0.0
614,41,146997.64,2,0,0,0,0,1.066806839110899,0.18292682926829268,0,0.0,1.0
558,47,0.0,2,0,0,1,0,0.0,0.20212765957446807,0,0.0,0.0
832,27,98590.25,1,0,0,0,0,3.189189390270846,0.3888888888888889,0,0.0,0.0
567,26,0.0,2,1,0,1,2,0.0,0.09615384615384616,0,0.0,0.0
587,45,134980.74,1,1,1,0,1,1.094640467560891,0.18888888888888888,0,1.0,0.0
712,79,108078.56,1,1,0,0,1,0.6207133209851394,0.06962025316455696,0,0.0,1.0
655,29,0.0,2,1,0,1,2,0.0,0.3275862068965517,0,0.0,1.0
641,42,0.0,2,0,0,1,0,0.0,0.15476190476190477,0,0.0,0.0
676,35,106836.67,2,0,0,0,0,1.2688323077292158,0.15714285714285714,1,0.0,0.0
472,29,102490.27,1,1,0,0,1,0.5655398167896405,0.29310344827586204,1,0.0,0.0
644,34,112746.54,2,0,0,0,0,0.7983125809356255,0.27941176470588236,1,1.0,0.0
598,38,125487.89,1,0,0,0,0,0.7936609903150734,0.013157894736842105,1,0.0,0.0
792,25,142862.21,1,1,0,0,1,1.0935563308667842,0.34,1,0.0,1.0
700,37,0.0,2,0,0,1,0,0.0,0.20270270270270271,0,0.0,0.0
616,34,0.0,2,0,0,1,0,0.0,0.3088235294117647,1,0.0,0.0
743,35,79388.33,1,1,0,0,1,0.4105690739463438,0.18571428571428572,1,0.0,1.0
427,37,0.0,2,1,0,1,2,0.0,0.14864864864864866,1,0.0,0.0
731,29,0.0,2,1,0,1,2,0.0,0.3620689655172414,1,0.0,0.0
610,31,107784.65,1,1,0,0,1,0.7636798399416517,0.20967741935483872,0,0.0,0.0
724,41,142880.28,3,0,1,0,0,0.7700689115468071,0.10975609756097561,0,0.0,1.0
653,38,149571.94,1,0,0,0,0,1.263445335348017,0.25,0,0.0,1.0
774,49,142767.39,1,1,0,0,1,17.3779993938221,0.030612244897959183,1,0.0,0.0
547,49,121537.71,2,0,1,0,0,2.61245291251858,0.17346938775510204,1,1.0,0.0
719,50,0.0,2,0,0,1,0,0.0,0.05,1,0.0,1.0
740,43,0.0,1,0,1,1,0,0.0,0.22093023255813954,1,0.0,1.0
543,42,89838.71,3,0,1,0,0,1.0448239881262378,0.10714285714285714,1,0.0,0.0
688,45,103399.87,1,0,0,0,0,0.7961679633158605,0.2111111111111111,1,1.0,0.0
474,30,0.0,2,0,0,1,0,0.0,0.31666666666666665,0,0.0,0.0
505,43,136855.94,2,0,0,0,0,0.7999925411313351,0.12790697674418605,1,1.0,0.0
688,39,0.0,2,0,1,1,0,0.0,0.01282051282051282,0,0.0,0.0
650,55,140891.46,3,1,1,0,3,0.783446534039868,0.045454545454545456,0,1.0,0.0
610,37,0.0,1,0,0,1,0,0.0,0.013513513513513514,1,0.0,0.0
705,46,89364.91,1,1,0,0,1,0.6421592928875209,0.11956521739130435,0,0.0,1.0
669,29,146011.4,1,0,0,0,0,2.9056902505385054,0.25862068965517243,0,0.0,0.0
650,20,0.0,2,1,0,1,2,0.0,0.425,1,0.0,1.0
550,29,145294.08,2,0,0,0,0,0.9851439260351195,0.3275862068965517,1,1.0,0.0
595,45,106000.12,1,0,1,0,0,0.5536701078443683,0.2111111111111111,0,1.0,0.0
572,26,0.0,2,0,0,1,0,0.0,0.21153846153846154,0,0.0,1.0
622,58,0.0,2,1,0,1,2,0.0,0.04310344827586207,0,0.0,1.0
662,20,104508.77,2,0,0,0,0,1.429501728457678,0.475,1,0.0,1.0
783,58,127539.3,1,1,1,0,1,1.3204002965481707,0.0603448275862069,0,1.0,0.0
714,44,0.0,1,1,0,1,1,0.0,0.17045454545454544,1,0.0,1.0
671,51,96891.46,1,0,1,0,0,0.5492578328434455,0.06862745098039216,1,1.0,0.0
600,32,78535.25,1,0,0,0,0,1.2204276261604399,0.046875,0,0.0,0.0
847,37,112712.17,1,0,0,0,0,0.9708342743465751,0.25675675675675674,0,0.0,1.0
650,55,119618.42,1,1,0,0,1,4.005689480288244,0.17272727272727273,1,0.0,1.0
710,28,0.0,1,0,0,1,0,0.0,0.23214285714285715,0,0.0,1.0
682,33,74963.5,1,1,0,0,1,2.2874559526613933,0.25757575757575757,0,0.0,0.0
642,26,138023.79,2,1,0,0,2,1.1790737665426292,0.057692307692307696,1,0.0,0.0
536,28,0.0,1,1,0,1,1,0.0,0.16071428571428573,0,0.0,1.0
754,47,185513.67,1,0,0,0,0,6.760744144551916,0.031914893617021274,0,0.0,0.0
678,60,185648.56,1,0,1,0,0,0.9661268561202437,0.14166666666666666,1,0.0,0.0
533,49,102286.6,3,0,1,0,0,1.473650118851117,0.030612244897959183,0,1.0,0.0
741,38,128015.83,1,0,0,0,0,2.19049790533873,0.11842105263157894,1,1.0,0.0
757,31,39539.39,2,0,0,0,0,0.20537767454138234,0.3387096774193548,1,0.0,0.0
721,40,0.0,1,1,0,1,1,0.0,0.0875,1,0.0,0.0
700,37,77608.46,2,1,0,0,2,0.44253000123279074,0.0945945945945946,1,0.0,0.0
663,26,141462.13,1,0,0,0,0,35.476218007762185,0.21153846153846154,1,0.0,0.0
677,35,0.0,2,0,0,1,0,0.0,0.014285714285714285,0,0.0,1.0
655,27,131691.33,1,0,0,0,0,2.6614169775225807,0.09259259259259259,1,0.0,0.0
832,29,93833.86,1,1,0,0,1,9.0061455800869,0.29310344827586204,1,0.0,1.0
721,46,137933.39,1,1,0,0,1,2.0291015109836965,0.16304347826086957,0,0.0,1.0
542,54,105770.14,1,1,1,0,1,0.7505102142907116,0.1574074074074074,1,0.0,1.0
654,54,0.0,2,1,0,1,2,0.0,0.10185185185185185,0,0.0,1.0
821,38,0.0,2,1,1,1,2,0.0,0.2236842105263158,0,0.0,1.0
508,38,166328.65,2,1,0,0,2,7.354731487995458,0.09210526315789473,0,0.0,0.0
588,42,164307.77,1,0,0,0,0,3.3878456526799723,0.05952380952380952,0,1.0,0.0
691,38,163965.69,2,1,0,0,2,1.5840219313151893,0.25,1,1.0,0.0
664,40,125608.72,1,0,0,0,0,1.0289515056709642,0.1875,1,0.0,0.0
439,66,0.0,1,0,0,1,0,0.0,0.14393939393939395,0,0.0,0.0
479,37,118433.94,1,1,0,0,1,0.7399258661805215,0.17567567567567569,1,0.0,1.0
850,55,98488.08,1,0,1,0,0,0.631817551090556,0.19090909090909092,0,0.0,0.0
518,40,0.0,2,1,0,1,2,0.0,0.1125,1,0.0,0.0
717,64,98362.35,2,1,0,0,2,4.54724215612534,0.1640625,0,1.0,0.0
698,51,144237.91,4,0,1,0,0,0.9178673706976015,0.12745098039215685,0,0.0,0.0
850,34,0.0,1,1,0,1,1,0.0,0.19117647058823528,1,0.0,0.0
700,47,0.0,1,0,1,1,0,0.0,0.09574468085106383,1,0.0,1.0
626,29,105767.28,2,0,0,0,0,2.5730487799537873,0.15517241379310345,0,0.0,0.0
774,32,0.0,2,0,0,1,0,0.0,0.296875,1,0.0,1.0
719,48,0.0,2,0,0,1,0,0.0,0.11458333333333333,0,0.0,1.0
646,31,0.0,1,1,1,1,1,0.0,0.08064516129032258,1,0.0,1.0
485,25,134467.26,1,1,0,0,1,1.1871697242332262,0.14,0,0.0,0.0
784,38,138515.02,1,1,0,0,1,0.8063993336196079,0.039473684210526314,1,1.0,0.0
850,32,128647.98,2,0,0,0,0,2.364105968004957,0.078125,1,1.0,0.0
669,38,121858.98,1,0,0,0,0,0.931954657036133,0.25,0,0.0,0.0
731,70,0.0,2,1,0,1,2,0.0,0.05,1,0.0,1.0
721,49,120108.56,1,1,0,0,1,0.6548181915919267,0.030612244897959183,0,0.0,0.0
515,37,196853.62,1,1,0,0,1,1.4826540201403755,0.013513513513513514,0,0.0,0.0
774,35,121418.62,1,1,0,0,1,4.97589356663171,0.1,0,0.0,0.0
585,36,0.0,2,1,0,1,2,0.0,0.2916666666666667,1,0.0,1.0
695,29,0.0,2,0,0,1,0,0.0,0.3275862068965517,0,0.0,0.0
729,42,97495.8,2,0,0,0,0,35.476218007762185,0.10714285714285714,0,1.0,0.0
713,42,0.0,2,0,0,1,0,0.0,0.08333333333333333,0,0.0,0.0
555,33,127343.4,1,1,0,0,1,1.0455955851984928,0.16666666666666666,1,0.0,1.0
699,50,158633.61,1,0,0,0,0,0.8185983395056641,0.01,0,0.0,1.0
587,55,0.0,1,0,0,1,0,0.0,0.17272727272727273,1,0.0,0.0
762,69,183744.98,1,1,0,0,1,0.9327407759061932,0.13768115942028986,0,0.0,1.0
510,44,0.0,2,1,0,1,2,0.0,0.14772727272727273,1,0.0,0.0
842,46,0.0,1,0,0,1,0,0.0,0.20652173913043478,1,0.0,1.0
608,31,79962.92,2,0,0,0,0,1.3129613915437601,0.24193548387096775,1,0.0,0.0
850,36,0.0,2,1,0,1,2,0.0,0.2916666666666667,0,0.0,0.0
642,36,0.0,2,1,0,1,2,0.0,0.125,1,0.0,0.0
850,33,140956.99,1,0,0,0,0,35.476218007762185,0.22727272727272727,1,0.0,0.0
455,43,0.0,1,1,0,1,1,0.0,0.1511627906976744,0,0.0,1.0
726,29,0.0,2,1,1,1,2,0.0,0.25862068965517243,1,0.0,0.0
544,30,145241.63,1,1,0,0,1,1.8002669382654441,0.2833333333333333,1,0.0,1.0
651,31,138008.06,2,0,0,0,0,1.0623053419907702,0.24193548387096775,1,1.0,0.0
814,31,0.0,2,1,0,1,2,0.0,0.14516129032258066,0,0.0,0.0
537,39,0.0,2,1,0,1,2,0.0,0.0641025641025641,1,0.0,0.0
553,37,0.0,2,0,0,1,0,0.0,0.06756756756756757,1,0.0,0.0
800,38,0.0,1,0,0,1,0,0.0,0.25,1,0.0,1.0
791,34,0.0,2,0,0,1,0,0.0,0.22058823529411764,1,0.0,0.0
699,29,127570.93,2,0,0,0,0,0.7742936738476919,0.3275862068965517,0,0.0,1.0
756,28,0.0,1,1,0,1,1,0.0,0.23214285714285715,0,0.0,0.0
591,27,107812.67,1,1,1,0,1,0.6634510303605174,0.2037037037037037,0,0.0,1.0
850,22,91560.58,2,0,0,0,0,8.685000920095842,0.3409090909090909,1,1.0,0.0
760,34,121303.77,2,1,0,0,2,2.044691039592787,0.19117647058823528,1,1.0,0.0
569,43,161546.68,2,1,0,0,2,0.9066066522444686,0.19767441860465115,1,0.0,1.0
661,35,128415.45,1,0,0,0,0,0.9003555345466713,0.15714285714285714,0,0.0,1.0
670,31,57530.06,1,1,1,0,1,0.3162829007680339,0.08064516129032258,0,0.0,0.0
694,38,0.0,2,1,0,1,2,0.0,0.039473684210526314,1,0.0,0.0
728,28,142243.54,2,0,0,0,0,4.300569817366384,0.16071428571428573,0,0.0,0.0
764,39,138341.51,1,0,1,0,0,2.7627446532068376,0.24358974358974358,0,1.0,0.0
639,32,0.0,2,0,0,1,0,0.0,0.296875,1,0.0,0.0
683,30,0.0,2,1,1,1,2,0.0,0.08333333333333333,0,0.0,0.0
663,30,0.0,3,0,0,1,0,0.0,0.15,1,0.0,1.0
826,41,146466.46,2,0,0,0,0,0.8094946673588462,0.13414634146341464,1,0.0,1.0
735,36,0.0,2,0,0,1,0,0.0,0.1527777777777778,1,0.0,1.0
682,58,0.0,1,1,0,1,1,0.0,0.02586206896551724,0,0.0,0.0
663,39,0.0,2,1,0,1,2,0.0,0.21794871794871795,0,0.0,0.0
562,29,120307.58,1,1,0,0,1,17.701115703269718,0.3275862068965517,0,0.0,1.0
696,27,87637.26,2,0,0,0,0,0.4468727237218869,0.16666666666666666,1,0.0,0.0
850,38,94652.04,1,1,0,0,1,0.5504249316824856,0.06578947368421052,1,0.0,1.0
719,22,114415.84,1,1,0,0,1,0.6446020921878732,0.3409090909090909,0,0.0,0.0
804,71,0.0,2,1,0,1,2,0.0,0.11971830985915492,0,0.0,0.0
604,40,84315.02,1,0,0,0,0,2.328494536054858,0.0375,1,0.0,0.0
782,27,0.0,2,0,0,1,0,0.0,0.12962962962962962,0,0.0,1.0
512,42,93955.83,2,0,0,0,0,6.335721134977889,0.2261904761904762,1,1.0,0.0
569,36,67087.69,1,0,0,0,0,0.4334482515779184,0.041666666666666664,1,0.0,0.0
597,22,101528.61,1,0,1,0,0,1.4395095703955763,0.29545454545454547,0,1.0,0.0
753,30,110824.52,1,1,0,0,1,1.9141579559796171,0.05,1,1.0,0.0
430,33,0.0,1,1,0,1,1,0.0,0.25757575757575757,0,0.0,0.0
756,28,179960.2,1,0,0,0,0,2.0009121729953208,0.30357142857142855,1,0.0,0.0
493,38,134006.77,1,0,0,0,0,1.4959565444345857,0.09210526315789473,1,0.0,0.0
777,37,121532.17,2,1,0,0,2,1.6542668514962318,0.28378378378378377,0,1.0,0.0
779,38,0.0,2,1,0,1,2,0.0,0.19736842105263158,0,0.0,1.0
702,38,0.0,1,1,0,1,1,0.0,0.06578947368421052,0,0.0,1.0
551,35,129717.3,2,0,0,0,0,1.4920633277431556,0.21428571428571427,1,0.0,0.0
749,22,94762.16,2,1,0,0,2,2.243287453832085,0.20454545454545456,1,1.0,0.0
742,55,155196.17,1,1,1,0,1,1.2804049644637603,0.1,1,1.0,0.0
752,29,129514.99,1,1,0,0,1,1.2582643829204405,0.15517241379310345,1,1.0,0.0
740,57,113386.36,2,1,1,0,2,1.741120713337284,0.06140350877192982,0,1.0,0.0
576,24,0.0,1,1,1,1,1,0.0,0.14583333333333334,1,0.0,0.0
637,43,172196.23,1,1,0,0,1,1.6435492239452612,0.08139534883720931,1,0.0,1.0
724,28,97612.12,1,1,0,0,1,1.0115335742888485,0.19642857142857142,1,0.0,0.0
685,20,104719.94,2,0,0,0,0,2.7064773027426106,0.225,1,0.0,0.0
625,38,0.0,1,0,0,1,0,0.0,0.19736842105263158,0,0.0,0.0
571,37,139592.98,3,0,1,0,0,1.3402600869004593,0.25675675675675674,1,1.0,0.0
584,29,0.0,2,0,0,1,0,0.0,0.15517241379310345,0,0.0,1.0
550,22,139096.85,1,0,0,0,0,1.0708659059214913,0.3409090909090909,0,0.0,0.0
662,72,140301.72,1,1,0,0,1,0.7826730909412027,0.10416666666666667,0,0.0,1.0
803,43,0.0,1,0,0,1,0,0.0,0.08139534883720931,1,0.0,1.0
615,66,0.0,2,1,0,1,2,0.0,0.11363636363636363,1,0.0,0.0
481,39,111233.09,1,1,0,0,1,0.8970689009295854,0.038461538461538464,1,0.0,1.0
701,23,0.0,2,0,0,1,0,0.0,0.15217391304347827,1,0.0,0.0
751,29,147737.63,1,1,0,0,1,1.5559146716555592,0.3620689655172414,1,0.0,0.0
675,35,0.0,2,1,0,1,2,0.0,0.24285714285714285,1,0.0,0.0
733,40,125725.02,2,1,0,0,2,2.475676835860043,0.1375,1,1.0,0.0
822,38,128289.7,3,0,1,0,0,14.019261367113398,0.17105263157894737,1,0.0,0.0
559,46,0.0,1,0,1,1,0,0.0,0.11956521739130435,0,0.0,0.0
731,49,88826.07,1,1,1,0,1,2.631072016009284,0.09183673469387756,0,1.0,0.0
678,41,143443.61,1,0,1,0,0,0.7295352310265599,0.036585365853658534,0,0.0,0.0
645,68,0.0,4,1,1,1,4,0.0,0.13970588235294118,0,0.0,0.0
701,29,0.0,2,0,0,1,0,0.0,0.08620689655172414,1,0.0,0.0
554,26,149134.46,1,1,0,0,1,0.837988272448345,0.3269230769230769,1,0.0,1.0
723,30,124119.54,1,0,0,0,0,0.7652284855448221,0.11666666666666667,1,0.0,0.0
766,44,116822.7,1,0,0,0,0,0.5910756620076558,0.07954545454545454,1,1.0,0.0
597,24,103219.47,1,0,0,0,0,1.7083356848860836,0.0625,0,0.0,0.0
574,41,0.0,2,0,0,1,0,0.0,0.036585365853658534,1,0.0,0.0
655,40,81954.6,1,1,1,0,1,0.41224764013419757,0.0125,0,1.0,0.0
780,37,95196.26,1,0,1,0,0,0.7536633077982912,0.28378378378378377,0,1.0,0.0
672,43,0.0,2,1,0,1,2,0.0,0.12790697674418605,1,0.0,1.0
717,38,0.0,2,1,0,1,2,0.0,0.19736842105263158,1,0.0,0.0
521,32,136555.01,2,1,0,0,2,1.05566730298148,0.078125,0,0.0,0.0
633,59,0.0,1,1,0,1,1,0.0,0.09322033898305085,1,0.0,0.0
669,39,119452.03,1,1,0,0,1,0.6962025810754779,0.08974358974358974,1,0.0,0.0
740,44,0.0,1,1,1,1,1,0.0,0.2159090909090909,1,0.0,0.0
462,24,69881.09,2,1,0,0,2,1.084739193213749,0.3958333333333333,0,1.0,0.0
619,39,0.0,2,1,0,1,2,0.0,0.14102564102564102,1,0.0,0.0
665,44,0.0,2,1,0,1,2,0.0,0.17045454545454544,0,0.0,0.0
655,27,0.0,2,0,0,1,0,0.0,0.35185185185185186,0,0.0,1.0
463,20,204223.03,1,0,0,0,0,1.592141585767267,0.425,1,0.0,1.0
799,63,110314.21,2,0,1,0,0,2.944460429734419,0.023809523809523808,0,0.0,0.0
713,48,163760.82,1,0,1,0,0,1.040529884775998,0.03125,0,0.0,1.0
807,31,141069.18,3,1,0,0,3,0.7261945460089156,0.04838709677419355,0,1.0,0.0
728,38,115934.74,1,1,0,0,1,0.83370270613307,0.039473684210526314,1,0.0,0.0
582,52,151457.88,1,1,0,0,1,3.703614730645432,0.04807692307692308,1,0.0,0.0
704,35,154206.07,2,1,0,0,2,3.83001821298186,0.1,0,1.0,0.0
714,26,89928.99,1,0,0,0,0,1.9463333615413803,0.36538461538461536,0,0.0,0.0
628,30,89182.09,1,1,0,0,1,6.793324903449904,0.2833333333333333,1,0.0,0.0
809,41,79706.25,2,0,0,0,0,0.4810971123701011,0.036585365853658534,1,1.0,0.0
547,44,0.0,3,0,1,1,0,0.0,0.125,0,0.0,1.0
560,27,0.0,2,0,0,1,0,0.0,0.2037037037037037,0,0.0,0.0
811,31,117799.28,1,1,0,0,1,0.6459237602423819,0.24193548387096775,1,0.0,0.0
584,26,0.0,2,0,0,1,0,0.0,0.17307692307692307,1,0.0,0.0
691,28,0.0,2,0,0,1,0,0.0,0.05357142857142857,1,0.0,0.0
680,34,146422.22,1,0,1,0,0,2.180720323805697,0.19117647058823528,1,1.0,0.0
588,33,150186.22,2,1,0,0,2,2.289005016002406,0.2878787878787879,1,1.0,0.0
721,40,100275.88,1,0,1,0,0,0.7236714367820903,0.1625,1,1.0,0.0
850,47,0.0,1,0,1,1,0,0.0,0.13829787234042554,1,0.0,0.0
529,32,147493.89,1,0,0,0,0,4.382219336935321,0.296875,1,0.0,0.0
622,43,0.0,2,0,0,1,0,0.0,0.19767441860465115,1,0.0,0.0
683,42,0.0,2,1,0,1,2,0.0,0.20238095238095238,0,0.0,0.0
575,29,121823.4,2,1,0,0,2,2.4185768198329676,0.15517241379310345,1,0.0,0.0
577,40,0.0,2,1,0,1,2,0.0,0.0375,0,0.0,1.0
510,31,113688.63,1,0,1,0,0,3.4346592685709934,0.016129032258064516,1,1.0,0.0
652,40,100471.34,1,1,0,0,1,0.8066625730579097,0.1875,0,0.0,1.0
569,28,100032.52,1,0,1,0,0,19.385358347819178,0.125,0,1.0,0.0
687,31,0.0,2,0,0,1,0,0.0,0.11290322580645161,1,0.0,1.0
822,32,116358.0,1,0,0,0,0,1.0694732027835459,0.265625,1,0.0,0.0
656,23,163549.63,1,1,0,0,1,7.756269527063301,0.1956521739130435,0,1.0,0.0
745,51,99183.9,1,1,0,0,1,3.4292100645674326,0.06862745098039216,1,1.0,0.0
386,53,131955.07,1,1,1,0,1,2.110752587552077,0.02830188679245283,0,0.0,1.0
684,41,134177.06,1,0,0,0,0,0.7558944780185823,0.036585365853658534,0,0.0,1.0
635,38,0.0,2,0,0,1,0,0.0,0.039473684210526314,0,0.0,1.0
582,30,0.0,2,1,0,1,2,0.0,0.08333333333333333,1,0.0,0.0
613,19,0.0,1,1,0,1,1,0.0,0.2894736842105263,1,0.0,1.0
795,56,94348.94,1,0,1,0,0,3.2266759324206427,0.16964285714285715,0,1.0,0.0
659,32,155584.21,1,1,0,0,1,1.0124969511377688,0.078125,0,0.0,0.0
745,28,0.0,2,0,0,1,0,0.0,0.23214285714285715,0,0.0,0.0
604,41,0.0,2,1,0,1,2,0.0,0.25609756097560976,0,0.0,1.0
509,32,170661.47,1,1,0,0,1,7.883766491740271,0.296875,1,1.0,0.0
706,29,185544.36,1,0,0,0,0,1.0848096713590374,0.22413793103448276,0,1.0,0.0
619,44,52831.13,1,1,1,0,1,0.4689838155664498,0.14772727272727273,0,0.0,1.0
572,51,97750.07,3,1,1,0,3,0.5064370039964716,0.16666666666666666,1,1.0,0.0
695,36,114007.5,2,0,0,0,0,0.965168349843399,0.18055555555555555,1,0.0,0.0
543,71,104308.77,1,1,0,0,1,4.066453835789894,0.02112676056338028,0,0.0,0.0
640,33,84719.13,2,1,0,0,2,0.7493966154205153,0.19696969696969696,0,0.0,0.0
672,39,0.0,2,0,0,1,0,0.0,0.0641025641025641,1,0.0,0.0
701,39,140236.98,1,1,0,0,1,0.9562503976223057,0.24358974358974358,1,0.0,0.0
634,25,0.0,2,1,0,1,2,0.0,0.38,1,0.0,1.0
531,42,75302.85,2,0,0,0,0,1.3202838239793393,0.15476190476190477,0,0.0,1.0
699,27,0.0,2,0,0,1,0,0.0,0.05555555555555555,1,0.0,0.0
605,51,104760.82,1,1,1,0,1,0.6327071015441049,0.18627450980392157,0,0.0,0.0
534,49,0.0,1,0,1,1,0,0.0,0.15306122448979592,0,0.0,0.0
449,31,113693.0,1,0,0,0,0,1.3731488071650655,0.04838709677419355,0,0.0,1.0
684,36,174180.39,1,0,0,0,0,1.453549362986631,0.1527777777777778,0,0.0,1.0
622,42,115766.26,1,0,1,0,0,1.604369647510943,0.2261904761904762,1,1.0,0.0
714,40,0.0,2,0,0,1,0,0.0,0.0125,0,0.0,0.0
712,48,0.0,2,0,0,1,0,0.0,0.17708333333333334,0,0.0,1.0
783,72,121215.9,2,1,0,0,2,1.1521604737609912,0.0763888888888889,0,0.0,0.0
743,45,144677.19,3,0,1,0,0,6.426258714794363,0.23333333333333334,1,1.0,0.0
683,36,115350.63,1,1,0,0,1,0.9431243909277081,0.1527777777777778,1,0.0,0.0
654,40,105683.63,1,0,0,0,0,0.6087132395017133,0.1375,1,0.0,1.0
700,37,135179.49,1,0,0,0,0,0.8413414910198376,0.04054054054054054,1,0.0,0.0
744,31,117551.23,1,0,0,0,0,0.7395024153890384,0.016129032258064516,1,0.0,1.0
645,25,157404.02,2,0,0,0,0,1.6911699545866925,0.06,1,1.0,0.0
525,36,77910.23,1,0,0,0,0,1.1587057870126285,0.09722222222222222,1,0.0,1.0
732,25,110942.9,1,0,0,0,0,0.6428582024221458,0.02,1,0.0,0.0
721,40,0.0,2,1,0,1,2,0.0,0.1875,0,0.0,0.0
622,32,179305.09,1,1,0,0,1,1.2030283113571638,0.171875,1,0.0,0.0
654,31,150593.59,2,1,0,0,2,1.4312333888838993,0.1774193548387097,1,1.0,0.0
529,43,123815.86,1,1,1,0,1,1.5779758590423576,0.011627906976744186,0,0.0,0.0
720,59,0.0,2,1,1,1,2,0.0,0.11016949152542373,0,0.0,1.0
850,25,69385.17,2,0,0,0,0,0.7899468368276786,0.34,0,1.0,0.0
667,27,138032.15,1,0,0,0,0,0.8299255688070212,0.09259259259259259,1,1.0,0.0
620,41,0.0,2,1,0,1,2,0.0,0.08536585365853659,1,0.0,0.0
616,29,0.0,1,1,0,1,1,0.0,0.3275862068965517,1,0.0,0.0
637,46,143500.82,1,0,1,0,0,0.8592994168893348,0.05434782608695652,0,1.0,0.0
710,29,119670.18,1,0,0,0,0,0.6364641557456878,0.1206896551724138,0,0.0,1.0
717,33,99106.73,1,0,0,0,0,0.5096294135036864,0.045454545454545456,1,0.0,1.0
786,24,120135.55,2,1,0,0,2,0.9576333193490626,0.10416666666666667,1,1.0,0.0
651,39,0.0,1,0,0,1,0,0.0,0.21794871794871795,0,0.0,0.0
530,55,120905.03,1,1,1,0,1,0.9791714043957055,0.08181818181818182,0,0.0,0.0
815,57,0.0,3,0,1,1,0,0.0,0.09649122807017543,0,0.0,1.0
715,34,102277.52,1,0,1,0,0,0.5750658814439317,0.27941176470588236,0,1.0,0.0
496,55,125292.53,1,1,1,0,1,3.9732570853771616,0.08181818181818182,0,1.0,0.0
680,42,0.0,1,0,0,1,0,0.0,0.011904761904761904,1,0.0,1.0
646,51,101629.3,1,0,0,0,0,0.7785174284770966,0.08823529411764706,0,0.0,0.0
807,47,171937.27,1,1,0,0,1,2.619480781840741,0.031914893617021274,1,1.0,0.0
727,47,0.0,2,0,0,1,0,0.0,0.1595744680851064,1,0.0,0.0
787,25,0.0,2,0,0,1,0,0.0,0.22,1,0.0,0.0
806,34,0.0,2,0,0,1,0,0.0,0.19117647058823528,1,0.0,0.0
603,31,129743.75,1,0,0,0,0,1.1887152278320272,0.04838709677419355,1,0.0,0.0
649,32,0.0,1,1,1,1,1,0.0,0.046875,1,0.0,1.0
547,41,151191.31,1,0,1,0,0,0.8624871211348928,0.08536585365853659,1,1.0,0.0
684,32,102630.13,2,1,0,0,2,0.8053561175402543,0.109375,1,1.0,0.0
477,57,114023.64,2,1,1,0,2,1.6021718698120242,0.16666666666666666,0,0.0,0.0
558,41,124227.14,1,1,0,0,1,1.1172945218569983,0.06097560975609756,1,1.0,0.0
695,23,0.0,2,1,0,1,2,0.0,0.06521739130434782,0,0.0,0.0
592,35,80285.16,1,0,1,0,0,1.1046427650067592,0.18571428571428572,1,0.0,1.0
789,31,175477.15,1,1,0,0,1,1.015293585344079,0.14516129032258066,1,0.0,0.0
597,29,132144.35,1,0,0,0,0,0.8358946286207757,0.05172413793103448,0,0.0,0.0
839,47,136911.07,1,1,1,0,1,0.814047419749679,0.05319148936170213,1,1.0,0.0
405,31,133299.67,2,1,0,0,2,1.827245879913597,0.1774193548387097,1,1.0,0.0
658,39,0.0,2,0,0,1,0,0.0,0.19230769230769232,1,0.0,0.0
684,42,117691.0,1,1,1,0,1,5.086777904320634,0.03571428571428571,1,1.0,0.0
633,35,0.0,2,0,0,1,0,0.0,0.3,1,0.0,0.0
589,46,0.0,2,0,0,1,0,0.0,0.20652173913043478,1,0.0,0.0
750,37,133199.71,2,1,0,0,2,4.8670282598837975,0.04054054054054054,0,1.0,0.0
771,51,135506.58,3,1,1,0,3,0.8886805564299833,0.10784313725490197,1,0.0,1.0
812,33,127154.14,2,1,0,0,2,1.2065735669451927,0.07575757575757576,1,1.0,0.0
539,39,0.0,2,1,0,1,2,0.0,0.0641025641025641,1,0.0,1.0
670,42,49508.79,3,1,0,0,3,0.4934840275620207,0.13095238095238096,0,1.0,0.0
673,41,0.0,1,1,0,1,1,0.0,0.13414634146341464,1,0.0,0.0
538,62,75051.49,1,0,1,0,0,4.244268795714759,0.056451612903225805,0,0.0,0.0
575,52,123925.23,1,0,1,0,0,1.1129976327345446,0.16346153846153846,1,0.0,1.0
682,41,0.0,2,1,1,1,2,0.0,0.15853658536585366,1,0.0,0.0
712,33,153819.58,1,0,1,0,0,1.9427283826672588,0.10606060606060606,1,0.0,0.0
598,39,0.0,2,1,0,1,2,0.0,0.14102564102564102,0,0.0,1.0
776,30,0.0,2,1,0,1,2,0.0,0.21666666666666667,1,0.0,1.0
606,23,70417.79,1,1,0,0,1,0.7746983840177853,0.45652173913043476,0,0.0,1.0
686,38,111484.88,1,1,0,0,1,1.4654177598544638,0.19736842105263158,1,0.0,1.0
850,38,146343.98,1,1,0,0,1,1.408465829367379,0.039473684210526314,1,0.0,1.0
642,72,160541.0,2,1,0,0,2,1.1287823359250495,0.020833333333333332,1,0.0,0.0
606,27,130274.26,2,0,0,0,0,0.8830112416730262,0.09259259259259259,1,1.0,0.0
627,21,98993.02,1,1,0,0,1,0.5852116404556129,0.35714285714285715,0,0.0,0.0
850,36,0.0,2,0,0,1,0,0.0,0.013888888888888888,1,0.0,1.0
850,32,141827.33,2,1,0,0,2,0.9489334016594301,0.296875,1,1.0,0.0
724,40,110054.45,1,1,0,0,1,1.2656960667368051,0.1625,0,0.0,0.0
579,28,0.0,2,1,0,1,2,0.0,0.16071428571428573,1,0.0,0.0
727,28,0.0,1,0,0,1,0,0.0,0.05357142857142857,1,0.0,1.0
813,36,98088.09,1,1,1,0,1,3.675332787274685,0.18055555555555555,0,1.0,0.0
642,48,118317.27,4,0,1,0,0,1.5033200354035465,0.19791666666666666,1,0.0,0.0
669,22,0.0,2,0,0,1,0,0.0,0.4772727272727273,1,0.0,1.0
574,54,99774.5,1,0,1,0,0,20.37415945322854,0.027777777777777776,1,1.0,0.0
774,32,0.0,2,0,0,1,0,0.0,0.140625,0,0.0,0.0
735,38,0.0,3,0,1,1,0,0.0,0.039473684210526314,0,0.0,0.0
639,27,133806.54,2,0,0,0,0,21.401170769156952,0.3148148148148148,0,0.0,1.0
738,44,0.0,2,0,1,1,0,0.0,0.056818181818181816,1,0.0,1.0
835,32,124993.29,2,1,0,0,2,4.537116329921965,0.265625,1,0.0,0.0
637,44,157622.58,1,1,0,0,1,1.3085577044411532,0.011363636363636364,0,0.0,1.0
589,48,126111.61,1,1,0,0,1,0.9413970464352666,0.11458333333333333,1,1.0,0.0
591,42,161651.37,2,1,0,0,2,1.2269090873763624,0.2261904761904762,1,0.0,0.0
723,40,142856.95,2,0,0,0,0,3.7573427029563344,0.1875,0,0.0,0.0
831,44,111100.98,1,1,1,0,1,3.9474401733589577,0.07954545454545454,1,1.0,0.0
733,35,102918.38,1,1,0,0,1,2.239261406335739,0.24285714285714285,1,0.0,1.0
731,30,0.0,2,0,0,1,0,0.0,0.18333333333333332,0,0.0,0.0
654,47,0.0,2,0,0,1,0,0.0,0.22340425531914893,1,0.0,0.0
828,37,0.0,2,0,0,1,0,0.0,0.12162162162162163,1,0.0,0.0
590,22,125265.61,1,1,0,0,1,0.7768213368616782,0.3409090909090909,1,0.0,1.0
657,37,82500.28,1,1,0,0,1,0.7157647829652377,0.12162162162162163,1,0.0,0.0
531,64,175754.87,2,1,0,0,2,2.8943992661686626,0.0390625,0,1.0,0.0
516,47,109387.33,1,0,0,0,0,0.9012979287109412,0.13829787234042554,0,0.0,0.0
561,37,100443.36,2,1,0,0,2,0.9876948392507655,0.04054054054054054,1,0.0,0.0
682,54,83102.72,2,1,0,0,2,1.5351318479925622,0.009259259259259259,0,0.0,1.0
575,28,0.0,1,1,0,1,1,0.0,0.26785714285714285,1,0.0,1.0
623,28,0.0,2,0,0,1,0,0.0,0.16071428571428573,0,0.0,0.0
642,40,0.0,2,0,0,1,0,0.0,0.1875,0,0.0,0.0
779,48,115290.27,1,0,1,0,0,1.1655643420036195,0.052083333333333336,0,0.0,0.0
671,42,0.0,2,0,0,1,0,0.0,0.15476190476190477,0,0.0,0.0
495,40,140197.71,2,0,0,0,0,0.9301779263049523,0.0375,0,0.0,0.0
850,28,105245.34,1,1,0,0,1,1.4073783051954416,0.05357142857142857,0,0.0,0.0
630,50,0.0,2,1,0,1,2,0.0,0.17,1,0.0,0.0
588,32,0.0,2,1,0,1,2,0.0,0.046875,1,0.0,0.0
562,35,142296.13,1,1,0,0,1,0.8034168446596734,0.1,1,1.0,0.0
740,56,99097.33,1,1,1,0,1,1.1656090430174255,0.08035714285714286,0,0.0,1.0
695,28,171069.39,2,1,0,0,2,1.9288377321559045,0.19642857142857142,1,0.0,0.0
589,39,0.0,2,0,0,1,0,0.0,0.19230769230769232,0,0.0,0.0
607,31,102523.88,1,1,0,0,1,0.6146747380341862,0.04838709677419355,0,0.0,0.0
794,35,0.0,2,1,0,1,2,0.0,0.18571428571428572,1,0.0,0.0
580,44,143391.07,1,0,1,0,0,0.9761661742529736,0.2159090909090909,1,1.0,0.0
644,44,106022.73,2,0,0,0,0,0.7128612675371659,0.19318181818181818,0,1.0,0.0
636,36,0.0,1,0,0,1,0,0.0,0.041666666666666664,0,0.0,1.0
599,36,128960.21,2,1,0,0,2,3.1984710559426457,0.09722222222222222,1,1.0,0.0
507,35,0.0,2,0,0,1,0,0.0,0.07142857142857142,0,0.0,0.0
682,48,0.0,2,0,0,1,0,0.0,0.15625,0,0.0,0.0
714,24,0.0,2,0,0,1,0,0.0,0.3125,0,0.0,0.0
696,25,126442.59,1,0,0,0,0,1.0372186015652787,0.34,0,0.0,0.0
599,51,0.0,1,1,0,1,1,0.0,0.00980392156862745,1,0.0,1.0
577,37,127261.35,1,0,0,0,0,2.2649990522558534,0.06756756756756757,1,0.0,0.0
733,32,0.0,2,0,0,1,0,0.0,0.171875,0,0.0,1.0
647,33,0.0,1,0,0,1,0,0.0,0.13636363636363635,0,0.0,0.0
831,34,0.0,2,0,0,1,0,0.0,0.07352941176470588,0,0.0,0.0
543,30,73481.05,1,1,0,0,1,0.41586695390581385,0.21666666666666667,1,1.0,0.0
679,34,160515.37,1,0,0,0,0,1.3167235606308314,0.22058823529411764,1,0.0,0.0
713,61,149525.34,2,0,0,0,0,1.2091196973621317,0.07377049180327869,0,1.0,0.0
690,43,166522.78,1,0,1,0,0,1.3918003998308672,0.05813953488372093,1,1.0,0.0
751,29,135536.5,1,0,0,0,0,2.028190086153167,0.05172413793103448,1,0.0,0.0
613,43,120481.69,1,0,1,0,0,1.2698854494649492,0.2441860465116279,0,1.0,0.0
701,28,103421.32,1,1,0,0,1,1.3553545716684712,0.05357142857142857,1,0.0,1.0
698,33,135658.73,2,1,0,0,2,3.412283177382031,0.16666666666666666,1,0.0,0.0
451,36,0.0,2,1,0,1,2,0.0,0.06944444444444445,0,0.0,0.0
665,28,191402.82,2,0,0,0,0,2.299425752708453,0.30357142857142855,1,0.0,0.0
726,50,94504.35,1,1,0,0,1,18.603584716234575,0.19,1,1.0,0.0
608,44,126147.84,1,1,1,0,1,0.9525934129548428,0.125,0,1.0,0.0
549,46,0.0,1,1,0,1,1,0.0,0.16304347826086957,0,0.0,0.0
803,33,0.0,2,0,0,1,0,0.0,0.19696969696969696,1,0.0,0.0
663,43,87624.03,2,0,0,0,0,0.586497078057618,0.10465116279069768,1,0.0,0.0
558,45,153697.53,2,0,1,0,0,1.70979448763188,0.03333333333333333,0,0.0,0.0
714,25,0.0,2,0,0,1,0,0.0,0.18,0,0.0,0.0
704,39,0.0,1,0,0,1,0,0.0,0.14102564102564102,1,0.0,0.0
805,45,116585.97,1,0,1,0,0,0.6154575508862784,0.2111111111111111,0,1.0,0.0
659,34,134464.58,2,0,0,0,0,0.7518946305278952,0.27941176470588236,1,1.0,0.0
738,62,83008.31,1,1,0,0,1,1.9409416552891328,0.1693548387096774,1,1.0,0.0
635,35,113635.16,1,0,0,0,0,1.2503302006995283,0.07142857142857142,1,0.0,1.0
530,36,0.0,2,0,0,1,0,0.0,0.20833333333333334,0,0.0,1.0
661,41,122552.48,2,1,0,0,2,1.0157904770430195,0.13414634146341464,1,1.0,0.0
531,31,118899.45,2,0,0,0,0,2.8712488855445835,0.08064516129032258,1,0.0,1.0
694,29,99713.87,1,0,0,0,0,0.8877747100242889,0.1896551724137931,0,0.0,0.0
731,36,0.0,1,0,0,1,0,0.0,0.18055555555555555,0,0.0,0.0
556,36,134208.22,1,1,0,0,1,0.7553725112014263,0.06944444444444445,0,0.0,0.0
647,41,85906.65,3,0,0,0,0,0.45414574687368114,0.036585365853658534,0,1.0,0.0
850,32,137714.25,1,1,0,0,1,0.8639285245577483,0.109375,1,1.0,0.0
573,33,160777.9,1,1,0,0,1,1.0751702837722934,0.045454545454545456,1,0.0,1.0
591,45,0.0,2,1,0,1,2,0.0,0.12222222222222222,1,0.0,0.0
723,21,0.0,2,0,0,1,0,0.0,0.21428571428571427,1,0.0,0.0
617,25,102585.88,2,1,0,0,2,0.8890484658769859,0.06,1,0.0,0.0
704,39,102556.18,2,0,1,0,0,0.5963530744058998,0.2692307692307692,0,1.0,0.0
457,42,126772.57,1,1,0,0,1,1.0052746309891412,0.10714285714285714,1,1.0,0.0
787,38,158373.23,1,1,0,0,1,5.610232966752689,0.09210526315789473,0,1.0,0.0
651,34,0.0,2,0,0,1,0,0.0,0.27941176470588236,0,0.0,0.0
612,42,141927.1,1,1,0,0,1,3.2990973031600666,0.13095238095238096,1,1.0,0.0
828,47,109876.82,2,0,1,0,0,1.3141203253821652,0.031914893617021274,1,0.0,1.0
724,34,0.0,2,1,0,1,2,0.0,0.07352941176470588,0,0.0,0.0
648,44,111369.79,2,1,0,0,2,1.2112160536403216,0.2159090909090909,1,1.0,0.0
569,35,116969.35,1,0,0,0,0,1.2379042525427606,0.1,1,0.0,1.0
765,34,136729.51,2,0,0,0,0,2.905478226260067,0.25,0,1.0,0.0
577,44,152086.15,1,1,1,0,1,3.400815062443398,0.03409090909090909,0,1.0,0.0
603,46,0.0,2,0,0,1,0,0.0,0.05434782608695652,1,0.0,1.0
568,28,127289.28,1,0,0,0,0,2.790665981766844,0.05357142857142857,1,0.0,1.0
748,45,119852.01,1,0,1,0,0,1.6228028890146007,0.05555555555555555,1,1.0,0.0
573,38,0.0,2,1,0,1,2,0.0,0.11842105263157894,1,0.0,1.0
771,41,0.0,2,1,0,1,2,0.0,0.13414634146341464,0,0.0,1.0
763,35,0.0,1,1,0,1,1,0.0,0.2714285714285714,1,0.0,0.0
410,35,117183.74,1,1,0,0,1,1.0678819731911675,0.21428571428571427,0,0.0,0.0
728,33,129907.63,1,1,0,0,1,3.6000491617560337,0.25757575757575757,1,0.0,0.0
655,78,0.0,2,1,0,1,2,0.0,0.03205128205128205,0,0.0,1.0
580,36,145387.32,2,1,1,0,2,0.8553996665180079,0.18055555555555555,0,1.0,0.0
712,35,124616.23,1,1,0,0,1,1.7976440946499355,0.21428571428571427,1,0.0,0.0
680,31,0.0,2,0,0,1,0,0.0,0.3064516129032258,1,0.0,0.0
383,48,95808.19,1,0,1,0,0,0.695759591602246,0.17708333333333334,0,0.0,1.0
721,35,0.0,2,0,0,1,0,0.0,0.3,1,0.0,0.0
620,42,0.0,2,1,0,1,2,0.0,0.03571428571428571,0,0.0,0.0
774,36,117152.3,1,0,0,0,0,1.1504763015864083,0.2361111111111111,0,0.0,1.0
563,35,106250.72,1,0,0,0,0,2.6866730792377336,0.1,1,0.0,0.0
850,27,111837.78,2,1,0,0,2,1.009304393710891,0.3148148148148148,0,1.0,0.0
681,47,97023.21,1,1,0,0,1,35.476218007762185,0.20212765957446807,1,0.0,0.0
631,31,137687.72,1,0,0,0,0,0.7244124895853129,0.27419354838709675,0,0.0,0.0
614,40,113348.5,1,1,0,0,1,1.45710869557672,0.0875,0,0.0,1.0
704,24,122109.78,1,1,0,0,1,0.9565581142414926,0.4375,1,0.0,1.0
786,32,120452.4,2,0,0,0,0,1.5131477292684048,0.078125,1,0.0,0.0
534,53,0.0,2,1,0,1,2,0.0,0.14150943396226415,0,0.0,0.0
590,34,65812.35,2,1,0,0,2,0.4104362842405205,0.014705882352941176,1,0.0,1.0
583,40,54428.37,1,0,1,0,0,0.49642903333078564,0.0875,0,0.0,1.0
656,75,0.0,2,1,0,1,2,0.0,0.04666666666666667,0,0.0,0.0
597,33,0.0,2,0,0,1,0,0.0,0.2878787878787879,1,0.0,0.0
588,48,143279.58,2,0,1,0,0,4.536776877822036,0.03125,0,1.0,0.0
667,32,103846.65,1,0,0,0,0,5.050491958589007,0.015625,1,1.0,0.0
627,37,125190.86,1,1,0,0,1,1.480047748029247,0.06756756756756757,1,0.0,0.0
708,33,0.0,2,1,0,1,2,0.0,0.25757575757575757,0,0.0,0.0
641,65,38340.02,1,0,1,0,0,1.175757932605247,0.1,1,0.0,0.0
527,28,123802.98,2,1,0,0,2,0.794384440346854,0.08928571428571429,0,1.0,0.0
592,37,96651.03,1,1,0,0,1,29.88757259216654,0.0945945945945946,1,0.0,0.0
465,33,0.0,2,0,0,1,0,0.0,0.25757575757575757,1,0.0,0.0
628,39,0.0,2,0,0,1,0,0.0,0.16666666666666666,1,0.0,0.0
678,43,133237.21,1,0,1,0,0,1.1999699370795143,0.03488372093023256,1,0.0,0.0
570,61,142105.35,1,1,0,0,1,3.142877900804688,0.10655737704918032,0,0.0,0.0
815,37,166115.42,1,0,0,0,0,2.4716136010938965,0.04054054054054054,1,0.0,0.0
817,37,81070.34,2,0,0,0,0,1.0010305372919661,0.17567567567567569,0,0.0,0.0
717,35,0.0,1,1,0,1,1,0.0,0.12857142857142856,1,0.0,0.0
641,53,123835.52,2,1,0,0,2,0.7734322892806365,0.009433962264150943,0,0.0,0.0
624,51,123401.43,2,1,0,0,2,0.9653841053774166,0.20588235294117646,1,0.0,0.0
579,49,169377.31,1,1,0,0,1,1.3710759733697166,0.09183673469387756,1,1.0,0.0
698,38,130015.24,1,1,0,0,1,3.1256443481751983,0.06578947368421052,1,0.0,0.0
645,32,0.0,2,1,0,1,2,0.0,0.140625,1,0.0,0.0
691,34,133936.04,2,0,0,0,0,1.4660122794472334,0.25,1,0.0,0.0
638,34,114543.27,1,1,0,0,1,1.1717227607553438,0.19117647058823528,1,0.0,0.0
705,31,119794.67,1,0,0,0,0,0.656303279076515,0.11290322580645161,0,0.0,0.0
720,33,0.0,2,1,0,1,2,0.0,0.2878787878787879,1,0.0,0.0
553,44,0.0,1,0,0,1,0,0.0,0.10227272727272728,1,0.0,1.0
658,29,0.0,2,1,0,1,2,0.0,0.29310344827586204,0,0.0,0.0
648,32,157138.99,3,0,1,0,0,0.8227366951301673,0.265625,0,1.0,0.0
636,45,0.0,2,1,0,1,2,0.0,0.07777777777777778,1,0.0,1.0
527,41,136733.24,1,1,0,0,1,2.3742412132323,0.25609756097560976,0,1.0,0.0
717,28,82498.14,2,0,0,0,0,2.0400804477496415,0.3392857142857143,0,1.0,0.0
614,39,151914.93,1,0,0,0,0,2.6906432733001595,0.08974358974358974,1,0.0,1.0
737,43,80090.93,1,0,1,0,0,2.0062355652413517,0.011627906976744186,1,0.0,0.0
587,51,83739.32,1,1,0,0,1,0.5627663274293017,0.06862745098039216,1,0.0,1.0
682,35,181166.44,1,1,1,0,1,2.8423530696431762,0.07142857142857142,0,0.0,0.0
710,38,130588.82,1,1,0,0,1,0.8425159085266812,0.09210526315789473,1,0.0,0.0
507,42,0.0,2,0,0,1,0,0.0,0.15476190476190477,1,0.0,0.0
609,33,94126.67,1,0,0,0,0,1.0043482037184286,0.19696969696969696,1,1.0,0.0
786,32,0.0,2,0,0,1,0,0.0,0.296875,1,0.0,0.0
688,38,148045.68,1,0,1,0,0,0.8436568488471566,0.19736842105263158,1,0.0,0.0
710,38,0.0,2,0,0,1,0,0.0,0.06578947368421052,1,0.0,0.0
779,33,0.0,2,0,0,1,0,0.0,0.10606060606060606,1,0.0,1.0
733,44,168165.84,1,1,0,0,1,0.8527917793240573,0.14772727272727273,0,0.0,0.0
583,26,72835.56,2,0,0,0,0,0.7524867203929204,0.40384615384615385,0,1.0,0.0
627,41,0.0,2,0,0,1,0,0.0,0.08536585365853659,1,0.0,0.0
666,31,123212.08,2,1,0,0,2,1.0985550691696406,0.11290322580645161,1,1.0,0.0
620,38,0.0,2,1,0,1,2,0.0,0.013157894736842105,1,0.0,1.0
614,39,0.0,2,1,0,1,2,0.0,0.16666666666666666,0,0.0,1.0
606,40,119501.88,2,0,0,0,0,2.554772389395061,0.1625,1,0.0,0.0
700,39,144550.83,2,1,0,0,2,0.7621358831706969,0.14102564102564102,0,1.0,0.0
677,34,126729.41,1,1,1,0,1,4.854158535188696,0.10294117647058823,1,1.0,0.0
850,36,119984.07,1,0,1,0,0,0.6264305461774284,0.1527777777777778,1,1.0,0.0
564,35,0.0,1,0,0,1,0,0.0,0.12857142857142856,1,0.0,0.0
771,56,0.0,1,1,1,1,1,0.0,0.044642857142857144,0,0.0,1.0
620,42,121490.05,1,1,0,0,1,4.146737939513423,0.2261904761904762,1,0.0,1.0
610,46,91897.8,1,0,0,0,0,1.6894443782622317,0.11956521739130435,1,0.0,1.0
609,39,139443.75,2,0,0,0,0,15.099387551353214,0.0641025641025641,1,0.0,1.0
683,35,144961.97,1,1,0,0,1,5.40948692295952,0.15714285714285714,1,1.0,0.0
633,42,126041.02,1,1,0,0,1,10.683352701203352,0.08333333333333333,1,1.0,0.0
676,28,69459.05,2,1,0,0,2,0.5406960283831155,0.05357142857142857,1,1.0,0.0
693,38,198338.77,2,1,0,0,2,13.890067216744939,0.19736842105263158,1,0.0,0.0
709,36,0.0,2,0,0,1,0,0.0,0.013888888888888888,1,0.0,0.0
569,35,109196.66,3,0,1,0,0,0.9981943282362619,0.07142857142857142,1,1.0,0.0
684,38,134168.5,3,0,1,0,0,33.816887208569625,0.09210526315789473,0,0.0,1.0
565,34,0.0,1,1,0,1,1,0.0,0.19117647058823528,1,0.0,0.0
681,29,0.0,1,0,0,1,0,0.0,0.29310344827586204,1,0.0,0.0
503,36,0.0,2,1,0,1,2,0.0,0.2638888888888889,0,0.0,1.0
656,40,0.0,2,1,0,1,2,0.0,0.0625,1,0.0,0.0
566,65,120100.41,1,0,1,0,0,1.1165467196508576,0.06923076923076923,1,1.0,0.0
592,62,0.0,1,1,0,1,1,0.0,0.08870967741935484,0,0.0,0.0
687,50,0.0,2,0,0,1,0,0.0,0.11,0,0.0,1.0
686,22,0.0,2,0,0,1,0,0.0,0.38636363636363635,1,0.0,1.0
616,30,0.0,2,0,0,1,0,0.0,0.08333333333333333,1,0.0,1.0
494,67,0.0,2,1,0,1,2,0.0,0.08208955223880597,1,0.0,1.0
534,38,0.0,1,0,0,1,0,0.0,0.09210526315789473,1,0.0,0.0
695,31,0.0,2,1,0,1,2,0.0,0.27419354838709675,0,0.0,1.0
579,31,0.0,2,0,0,1,0,0.0,0.3064516129032258,0,0.0,1.0
432,38,135559.8,2,1,0,0,2,1.8865139658740306,0.06578947368421052,1,1.0,0.0
816,25,150355.35,2,1,0,0,2,4.2031762973333215,0.1,0,1.0,0.0
730,37,0.0,2,1,0,1,2,0.0,0.04054054054054054,0,0.0,0.0
593,35,133489.12,2,1,0,0,2,1.709157567595009,0.18571428571428572,0,0.0,0.0
715,37,105489.31,1,0,1,0,0,0.7371849079952416,0.25675675675675674,0,1.0,0.0
775,25,60205.2,2,0,0,0,0,4.277726975275878,0.42,1,1.0,0.0
539,38,0.0,2,0,0,1,0,0.0,0.14473684210526316,1,0.0,0.0
576,19,0.0,2,0,0,1,0,0.0,0.34210526315789475,1,0.0,1.0
617,50,0.0,1,0,1,1,0,0.0,0.15,1,0.0,1.0
688,40,0.0,1,1,0,1,1,0.0,0.1625,1,0.0,0.0
608,33,0.0,1,1,0,1,1,0.0,0.13636363636363635,1,0.0,0.0
597,35,0.0,3,1,1,1,3,0.0,0.2714285714285714,1,0.0,1.0
670,42,112333.63,1,1,0,0,1,1.709591972710723,0.15476190476190477,0,0.0,0.0
616,57,116936.81,1,1,0,0,1,1.1202951398136585,0.13157894736842105,0,1.0,0.0
579,50,117721.02,1,1,1,0,1,0.6126592349850998,0.11,0,1.0,0.0
786,37,165896.22,2,1,0,0,2,2.4768511412885417,0.20270270270270271,1,0.0,0.0
704,44,153656.85,1,0,0,0,0,0.9679549079740496,0.2159090909090909,0,0.0,1.0
796,50,94164.0,1,1,0,0,1,0.4971286969076593,0.03,0,0.0,0.0
598,39,0.0,2,0,0,1,0,0.0,0.038461538461538464,1,0.0,1.0
602,49,191808.73,1,0,0,0,0,1.9644241365325295,0.01020408163265306,1,0.0,0.0
619,58,152199.33,1,1,0,0,1,1.7692846188157156,0.09482758620689655,1,0.0,0.0
492,52,125396.24,1,0,1,0,0,12.51994265015396,0.16346153846153846,0,1.0,0.0
641,41,104405.54,3,0,0,0,0,6.0054230003549,0.18292682926829268,1,1.0,0.0
518,27,133801.49,1,1,0,0,1,0.933607956149104,0.05555555555555555,0,0.0,0.0
623,40,0.0,3,0,0,1,0,0.0,0.1125,0,0.0,1.0
733,28,0.0,2,0,0,1,0,0.0,0.19642857142857142,0,0.0,0.0
625,42,100047.33,1,0,0,0,0,1.0708157200585031,0.15476190476190477,1,1.0,0.0
759,31,109848.6,1,1,0,0,1,2.614599337594657,0.04838709677419355,0,0.0,0.0
604,32,127849.38,1,0,0,0,0,8.091886554808003,0.234375,0,0.0,0.0
512,46,0.0,2,1,0,1,2,0.0,0.07608695652173914,0,0.0,1.0
520,29,95947.76,1,0,0,0,0,20.425542423107053,0.29310344827586204,0,0.0,0.0
805,26,0.0,2,1,0,1,2,0.0,0.09615384615384616,1,0.0,1.0
626,43,137638.69,1,0,1,0,0,1.055162834241571,0.10465116279069768,1,0.0,0.0
656,38,0.0,1,1,0,1,1,0.0,0.27631578947368424,1,0.0,0.0
785,41,0.0,2,1,0,1,2,0.0,0.18292682926829268,1,0.0,1.0
553,31,0.0,2,0,0,1,0,0.0,0.20967741935483872,1,0.0,0.0
569,44,0.0,2,0,0,1,0,0.0,0.10227272727272728,0,0.0,0.0
670,38,89416.99,1,0,0,0,0,0.6197617642082672,0.27631578947368424,1,0.0,0.0
586,42,0.0,2,1,0,1,2,0.0,0.15476190476190477,1,0.0,1.0
617,45,0.0,1,0,0,1,0,0.0,0.03333333333333333,0,0.0,1.0
508,60,143262.04,1,1,0,0,1,1.1057263397922907,0.125,0,0.0,0.0
624,35,119656.45,2,1,0,0,2,26.034627560622706,0.21428571428571427,0,0.0,1.0
654,29,132954.64,1,1,0,0,1,0.9062036626253689,0.15517241379310345,1,0.0,0.0
681,44,105206.7,2,1,0,0,2,0.6432325242651965,0.07954545454545454,0,1.0,0.0
578,28,0.0,2,0,0,1,0,0.0,0.16071428571428573,1,0.0,1.0
621,37,83061.26,2,0,0,0,0,9.056413644818644,0.25675675675675674,0,0.0,1.0
632,40,147650.68,1,1,0,0,1,0.739451940678048,0.1375,1,0.0,0.0
644,44,73348.56,1,0,1,0,0,0.46668951698054667,0.125,1,0.0,0.0
821,28,0.0,2,0,0,1,0,0.0,0.08928571428571429,1,0.0,0.0
754,38,0.0,2,0,0,1,0,0.0,0.06578947368421052,0,0.0,0.0
568,27,116320.68,1,1,0,0,1,2.5528548923799743,0.05555555555555555,0,0.0,1.0
584,33,0.0,2,1,0,1,2,0.0,0.10606060606060606,1,0.0,0.0
549,29,0.0,2,1,0,1,2,0.0,0.29310344827586204,0,0.0,0.0
729,38,0.0,2,0,0,1,0,0.0,0.19736842105263158,0,0.0,0.0
523,61,66250.71,1,1,0,0,1,3.030673749294375,0.13934426229508196,1,0.0,0.0
477,24,95675.62,2,0,1,0,0,0.5880467631669685,0.10416666666666667,0,1.0,0.0
675,42,92616.64,2,0,0,0,0,10.809371418434253,0.05952380952380952,1,1.0,0.0
782,41,0.0,1,0,0,1,0,0.0,0.10975609756097561,0,0.0,1.0
616,36,0.0,1,1,1,1,1,0.0,0.18055555555555555,0,0.0,1.0
738,37,100565.94,1,1,0,0,1,0.7807862463030139,0.22972972972972974,0,0.0,1.0
717,42,190305.78,1,0,1,0,0,1.915531742708518,0.13095238095238096,0,0.0,1.0
526,35,118536.4,1,0,1,0,0,2.8924107172269102,0.2714285714285714,0,1.0,0.0
660,19,127649.64,1,1,0,0,1,3.1620199828336384,0.2894736842105263,1,0.0,0.0
525,35,165358.77,1,1,0,0,1,1.7454039781067123,0.21428571428571427,1,0.0,0.0
629,29,0.0,2,1,0,1,2,0.0,0.22413793103448276,1,0.0,1.0
616,36,78249.53,1,0,0,0,0,0.5714317741781538,0.2916666666666667,0,1.0,0.0
521,61,125193.96,1,1,0,0,1,1.144813347558234,0.00819672131147541,0,1.0,0.0
691,29,0.0,2,0,0,1,0,0.0,0.3275862068965517,0,0.0,0.0
687,41,154007.21,1,0,0,0,0,0.9722110889624297,0.06097560975609756,0,1.0,0.0
677,43,133214.88,2,1,0,0,2,1.3885540887724803,0.08139534883720931,0,0.0,1.0
695,63,146202.93,1,1,1,0,1,1.1540226235997,0.023809523809523808,1,0.0,1.0
663,27,0.0,2,0,0,1,0,0.0,0.35185185185185186,0,0.0,0.0
496,30,90963.49,1,1,0,0,1,3.271714922850052,0.016666666666666666,1,0.0,0.0
747,41,0.0,1,0,1,1,0,0.0,0.23170731707317074,1,0.0,1.0
546,52,0.0,1,0,1,1,0,0.0,0.04807692307692308,0,0.0,0.0
706,68,114386.85,1,1,0,0,1,3.999165462816771,0.0661764705882353,1,0.0,1.0
472,26,0.0,2,0,0,1,0,0.0,0.21153846153846154,0,0.0,0.0
703,40,0.0,2,1,0,1,2,0.0,0.1875,0,0.0,0.0
850,38,0.0,2,0,0,1,0,0.0,0.06578947368421052,0,0.0,0.0
667,71,137260.78,1,1,1,0,1,1.4535089450757608,0.06338028169014084,1,0.0,1.0
559,33,111060.05,2,0,0,0,0,1.006226260011068,0.2878787878787879,1,0.0,0.0
636,60,124447.73,1,1,1,0,1,0.8803252870110851,0.125,1,0.0,1.0
672,34,0.0,2,1,0,1,2,0.0,0.25,0,0.0,0.0
667,42,0.0,1,1,1,1,1,0.0,0.17857142857142858,1,0.0,0.0
648,33,135310.41,2,1,0,0,2,0.7882043488290269,0.22727272727272727,1,1.0,0.0
497,32,0.0,2,0,0,1,0,0.0,0.265625,1,0.0,0.0
743,73,0.0,2,1,0,1,2,0.0,0.08904109589041095,0,0.0,0.0
619,29,0.0,2,0,0,1,0,0.0,0.1896551724137931,1,0.0,0.0
639,34,139393.19,2,0,0,0,0,4.105707093853862,0.16176470588235295,1,0.0,1.0
540,28,0.0,2,0,0,1,0,0.0,0.30357142857142855,1,0.0,1.0
766,26,104258.8,1,1,0,0,1,35.476218007762185,0.1346153846153846,0,0.0,0.0
749,26,0.0,2,1,0,1,2,0.0,0.25,0,0.0,0.0
655,32,113447.01,1,0,0,0,0,1.3820624399252972,0.296875,1,1.0,0.0
630,33,0.0,2,0,0,1,0,0.0,0.2878787878787879,1,0.0,0.0
778,33,111063.73,2,0,0,0,0,1.3291868548241843,0.13636363636363635,0,1.0,0.0
757,30,161378.02,1,0,1,0,0,2.243627452616031,0.21666666666666667,0,1.0,0.0
529,39,82766.43,1,1,0,0,1,0.6733004714038736,0.0641025641025641,0,0.0,1.0
620,29,0.0,2,0,0,1,0,0.0,0.3275862068965517,1,0.0,1.0
615,61,104267.7,1,0,1,0,0,1.6590815356238615,0.02459016393442623,0,0.0,0.0
735,25,91718.8,1,0,0,0,0,3.2281450628831316,0.14,0,0.0,0.0
705,47,63488.7,1,1,1,0,1,2.216635616606708,0.07446808510638298,0,0.0,1.0
644,46,12459.19,1,0,1,0,0,0.07946502909591364,0.14130434782608695,0,0.0,1.0
505,37,159863.9,2,1,0,0,2,1.275758850909756,0.17567567567567569,0,1.0,0.0
471,23,104592.55,2,0,0,0,0,0.7939483014786328,0.2826086956521739,1,1.0,0.0
722,50,132088.59,1,1,0,0,1,1.0298250144195753,0.09,0,0.0,1.0
577,39,0.0,2,0,0,1,0,0.0,0.11538461538461539,0,0.0,1.0
744,44,120654.68,1,0,0,0,0,1.4661808994114967,0.125,1,0.0,1.0
573,30,0.0,2,0,0,1,0,0.0,0.21666666666666667,0,0.0,0.0
653,32,83772.95,1,1,0,0,1,3.5019720629638837,0.140625,0,0.0,0.0
660,31,172325.67,1,1,0,0,1,3.792430046360668,0.20967741935483872,0,0.0,0.0
787,46,117685.31,2,1,0,0,2,1.2605356499236566,0.16304347826086957,1,0.0,0.0
617,41,0.0,2,1,0,1,2,0.0,0.18292682926829268,1,0.0,0.0
567,39,0.0,2,0,0,1,0,0.0,0.14102564102564102,1,0.0,0.0
682,64,0.0,2,1,0,1,2,0.0,0.1484375,0,0.0,1.0
684,35,135871.5,1,1,0,0,1,1.5577947867935955,0.18571428571428572,1,0.0,0.0
447,41,0.0,4,1,1,1,4,0.0,0.08536585365853659,1,0.0,0.0
625,49,128504.76,1,0,1,0,0,1.0133355539148274,0.09183673469387756,0,1.0,0.0
585,36,0.0,2,0,0,1,0,0.0,0.20833333333333334,1,0.0,0.0
516,42,56228.25,1,0,0,0,0,1.1999578731893368,0.20238095238095238,0,0.0,0.0
732,45,98792.4,1,0,1,0,0,1.2122852721777533,0.14444444444444443,0,1.0,0.0
628,40,181768.32,2,1,0,0,2,1.407867478146561,0.1375,1,1.0,0.0
682,48,101198.01,1,1,0,0,1,2.034789348914925,0.19791666666666666,0,0.0,1.0
746,25,0.0,2,1,0,1,2,0.0,0.38,1,0.0,0.0
655,60,0.0,2,1,0,1,2,0.0,0.058333333333333334,0,0.0,0.0
644,39,0.0,1,0,0,1,0,0.0,0.24358974358974358,0,0.0,0.0
778,34,139064.06,2,0,0,0,0,2.0465548948113854,0.16176470588235295,1,0.0,0.0
617,35,104508.1,1,1,0,0,1,0.707869804858469,0.07142857142857142,0,0.0,0.0
660,35,113948.58,1,0,1,0,0,0.6032441865488264,0.2714285714285714,1,1.0,0.0
537,47,0.0,2,1,0,1,2,0.0,0.22340425531914893,1,0.0,0.0
554,39,0.0,2,1,0,1,2,0.0,0.2692307692307692,0,0.0,0.0
806,31,0.0,2,1,0,1,2,0.0,0.3064516129032258,1,0.0,0.0
611,37,117524.72,2,1,0,0,2,0.7296713028610944,0.04054054054054054,1,1.0,0.0
665,37,160389.82,1,1,0,0,1,0.8738538113232055,0.14864864864864866,0,0.0,0.0
648,37,0.0,2,0,0,1,0,0.0,0.20270270270270271,0,0.0,0.0
692,27,125547.53,1,0,0,0,0,15.889155928144925,0.05555555555555555,1,0.0,0.0
507,46,92783.68,1,1,0,0,1,1.804242231789067,0.14130434782608695,1,0.0,1.0
696,49,97036.22,2,0,1,0,0,0.63650409204638,0.11224489795918367,1,1.0,0.0
681,34,0.0,2,0,0,1,0,0.0,0.10294117647058823,1,0.0,0.0
687,26,0.0,2,1,0,1,2,0.0,0.25,0,0.0,0.0
641,40,102145.13,1,1,0,0,1,1.014975048706717,0.1375,1,0.0,1.0
507,33,113452.66,1,0,0,0,0,0.7938582769837788,0.045454545454545456,0,0.0,0.0
688,46,155681.72,1,0,0,0,0,5.9221118516627795,0.18478260869565216,0,0.0,1.0
535,38,127475.24,1,0,1,0,0,2.097433953372967,0.2236842105263158,1,1.0,0.0
701,41,0.0,2,1,0,1,2,0.0,0.25609756097560976,1,0.0,0.0
488,43,112751.13,1,1,0,0,1,3.97949846468782,0.2441860465116279,1,0.0,0.0
539,29,0.0,2,1,0,1,2,0.0,0.15517241379310345,0,0.0,0.0
674,45,144889.18,1,1,1,0,1,1.4122729740557096,0.16666666666666666,1,0.0,0.0
538,40,0.0,2,1,0,1,2,0.0,0.2125,1,0.0,1.0
829,22,150126.44,1,0,1,0,0,0.9869666429183349,0.3409090909090909,0,0.0,0.0
768,54,69712.74,1,1,0,0,1,1.0047662183518649,0.1574074074074074,1,0.0,0.0
585,44,0.0,2,1,0,1,2,0.0,0.10227272727272728,0,0.0,1.0
581,31,0.0,2,0,0,1,0,0.0,0.11290322580645161,1,0.0,0.0
682,35,117438.92,2,1,0,0,2,6.944125998256857,0.07142857142857142,0,1.0,0.0
653,38,119315.75,1,0,0,0,0,0.7929571703473165,0.2236842105263158,1,0.0,0.0
712,30,89571.59,1,1,0,0,1,0.5043042450606001,0.05,0,0.0,0.0
620,34,102251.57,1,0,0,0,0,0.847343595825714,0.25,0,1.0,0.0
709,42,118546.71,1,1,0,0,1,1.53669683325372,0.2261904761904762,1,0.0,0.0
832,61,0.0,1,1,1,1,1,0.0,0.040983606557377046,1,0.0,0.0
635,38,103257.14,1,0,0,0,0,0.6520997137717031,0.013157894736842105,1,0.0,1.0
749,43,124209.02,1,1,0,0,1,0.7429636522158568,0.03488372093023256,0,0.0,1.0
629,32,0.0,2,1,0,1,2,0.0,0.109375,1,0.0,1.0
836,41,150302.84,1,1,0,0,1,0.963250107234051,0.18292682926829268,0,0.0,1.0
542,34,108653.93,1,1,0,0,1,0.7507553922187103,0.25,1,0.0,1.0
645,45,85325.93,1,0,0,0,0,3.7822213376572598,0.18888888888888888,0,0.0,0.0
844,29,0.0,2,0,0,1,0,0.0,0.29310344827586204,0,0.0,0.0
747,37,135776.36,3,0,1,0,0,1.5885580506707209,0.25675675675675674,1,1.0,0.0
645,40,131411.24,1,1,0,0,1,0.6750908816020129,0.1625,1,0.0,0.0
752,36,0.0,2,1,0,1,2,0.0,0.09722222222222222,0,0.0,1.0
760,41,0.0,2,0,0,1,0,0.0,0.15853658536585366,0,0.0,1.0
714,45,106431.97,2,1,0,0,2,0.6485060903179278,0.2111111111111111,0,1.0,0.0
717,50,90305.76,1,1,0,0,1,0.7246049971125971,0.19,1,0.0,0.0
645,28,117466.03,2,1,0,0,2,3.4056949829897953,0.26785714285714285,1,1.0,0.0
681,32,148884.47,2,1,0,0,2,1.636661951841063,0.109375,1,0.0,0.0
681,44,91115.76,2,0,1,0,0,3.7635837328953845,0.10227272727272728,0,1.0,0.0
679,37,77373.87,2,1,0,0,2,0.44245473986455053,0.22972972972972974,0,1.0,0.0
528,23,104744.89,1,0,0,0,0,0.6151911646368871,0.32608695652173914,1,0.0,1.0
710,31,0.0,2,1,0,1,2,0.0,0.11290322580645161,0,0.0,0.0
733,39,91538.51,1,1,0,0,1,0.9760567900708009,0.14102564102564102,1,1.0,0.0
724,32,0.0,2,1,0,1,2,0.0,0.203125,0,0.0,0.0
726,34,185734.75,1,1,0,0,1,1.8202539999384542,0.014705882352941176,0,0.0,0.0
520,30,143396.54,2,1,0,0,2,35.476218007762185,0.11666666666666667,1,0.0,0.0
556,40,125909.85,1,1,0,0,1,1.3236196641485871,0.1375,1,0.0,0.0
579,45,0.0,2,0,0,1,0,0.0,0.05555555555555555,0,0.0,0.0
674,36,154525.7,1,1,0,0,1,5.6253103417144406,0.06944444444444445,1,0.0,0.0
570,29,0.0,1,0,0,1,0,0.0,0.017241379310344827,0,0.0,0.0
631,51,100654.8,1,0,0,0,0,0.5866043782552368,0.16666666666666666,1,0.0,0.0
623,44,83325.77,1,1,0,0,1,1.0308795842324452,0.03409090909090909,1,0.0,1.0
665,35,110934.54,1,0,0,0,0,0.6552968388552617,0.24285714285714285,1,0.0,0.0
523,36,113680.54,1,0,0,0,0,8.61318004248987,0.2361111111111111,0,0.0,1.0
706,31,117020.08,2,0,0,0,0,2.1495029530388483,0.04838709677419355,1,1.0,0.0
619,49,145359.99,1,0,0,0,0,3.806446029299895,0.19387755102040816,0,0.0,0.0
593,39,151391.68,1,0,1,0,0,5.5504436199387,0.21794871794871795,0,1.0,0.0
608,66,123935.35,1,1,0,0,1,1.8846848630586843,0.12878787878787878,1,0.0,1.0
526,36,0.0,2,0,0,1,0,0.0,0.013888888888888888,0,0.0,0.0
684,40,70291.02,1,1,1,0,1,0.6087392170977288,0.0625,1,0.0,1.0
604,42,166031.45,1,0,0,0,0,1.6891286703357902,0.25,0,1.0,0.0
636,36,96643.32,1,0,0,0,0,0.5308314367087649,0.18055555555555555,1,1.0,0.0
669,33,0.0,2,1,0,1,2,0.0,0.25757575757575757,0,0.0,1.0
624,71,0.0,2,1,0,1,2,0.0,0.1056338028169014,1,0.0,0.0
631,29,0.0,2,1,0,1,2,0.0,0.08620689655172414,1,0.0,0.0
753,48,0.0,2,1,0,1,2,0.0,0.09375,1,0.0,0.0
588,40,0.0,2,0,0,1,0,0.0,0.1375,1,0.0,0.0
729,26,97268.1,2,0,0,0,0,2.4714068873487007,0.17307692307692307,1,1.0,0.0
602,42,0.0,2,0,1,1,0,0.0,0.25,0,0.0,0.0
689,55,76296.81,1,0,1,0,0,1.8009078087842183,0.02727272727272727,0,1.0,0.0
486,27,0.0,2,0,0,1,0,0.0,0.2777777777777778,1,0.0,1.0
809,42,64497.94,3,1,1,0,3,0.3535338425735323,0.15476190476190477,0,1.0,0.0
562,38,0.0,1,0,0,1,0,0.0,0.14473684210526316,1,0.0,0.0
763,32,0.0,2,0,0,1,0,0.0,0.265625,0,0.0,1.0
669,57,0.0,2,1,0,1,2,0.0,0.09649122807017543,1,0.0,0.0
709,39,0.0,2,0,0,1,0,0.0,0.21794871794871795,1,0.0,0.0
554,45,0.0,2,1,0,1,2,0.0,0.1,0,0.0,1.0
699,37,0.0,2,0,0,1,0,0.0,0.28378378378378377,1,0.0,0.0
732,54,134249.7,1,1,0,0,1,10.014598594596208,0.009259259259259259,1,0.0,1.0
625,45,0.0,1,1,1,1,1,0.0,0.07777777777777778,0,0.0,0.0
599,30,105443.68,1,1,0,0,1,0.870532248651461,0.31666666666666665,1,0.0,0.0
584,50,0.0,1,1,1,1,1,0.0,0.03,0,0.0,1.0
499,35,0.0,2,0,0,1,0,0.0,0.3,1,0.0,0.0
526,38,0.0,2,0,0,1,0,0.0,0.06578947368421052,1,0.0,1.0
625,35,86147.46,2,0,1,0,0,0.5270834021651745,0.15714285714285714,0,1.0,0.0
537,38,96939.06,1,1,0,0,1,0.9447522179574442,0.039473684210526314,0,0.0,1.0
696,47,106758.6,1,1,0,0,1,1.3246769103404328,0.031914893617021274,1,0.0,1.0
679,33,112528.65,2,0,0,0,0,0.6344523068309733,0.2878787878787879,0,0.0,0.0
684,60,116563.58,1,0,1,0,0,0.9692735743858865,0.041666666666666664,1,0.0,0.0
850,32,0.0,1,1,0,1,1,0.0,0.140625,1,0.0,0.0
495,42,0.0,2,0,0,1,0,0.0,0.17857142857142858,0,0.0,1.0
537,38,141786.78,1,1,0,0,1,0.959324632029518,0.17105263157894737,0,0.0,1.0
850,41,136416.82,1,1,0,0,1,2.358305935525227,0.08536585365853659,1,0.0,0.0
513,30,0.0,2,0,0,1,0,0.0,0.18333333333333332,1,0.0,0.0
618,40,133245.52,2,1,0,0,2,2.4450145898421227,0.0375,0,1.0,0.0
802,41,90757.64,2,1,0,0,2,0.5364413062035294,0.10975609756097561,0,1.0,0.0
547,43,92350.36,1,1,0,0,1,1.150583867643627,0.03488372093023256,1,0.0,0.0
613,69,78778.49,1,1,0,0,1,9.000591824819853,0.13768115942028986,1,1.0,0.0
592,34,102143.93,2,1,0,0,2,0.9952640544215248,0.19117647058823528,0,1.0,0.0
546,29,0.0,1,1,0,1,1,0.0,0.1896551724137931,1,0.0,0.0
721,37,98459.6,1,0,0,0,0,1.0840862841938346,0.12162162162162163,1,1.0,0.0
671,47,114603.76,2,0,1,0,0,0.7480891713924419,0.1595744680851064,0,1.0,0.0
624,35,0.0,2,0,0,1,0,0.0,0.07142857142857142,1,0.0,1.0
751,51,148074.79,1,0,1,0,0,1.0113540921838524,0.14705882352941177,0,1.0,0.0
636,36,0.0,3,1,1,1,3,0.0,0.041666666666666664,1,0.0,1.0
607,62,108004.64,1,1,1,0,1,4.617996499880065,0.13709677419354838,0,0.0,1.0
509,29,107712.57,2,1,0,0,2,1.1594567529505377,0.017241379310344827,0,1.0,0.0
653,35,0.0,2,1,0,1,2,0.0,0.2714285714285714,1,0.0,1.0
709,37,0.0,3,0,0,1,0,0.0,0.22972972972972974,0,0.0,1.0
559,32,145303.52,1,0,0,0,0,1.403058535574542,0.296875,1,0.0,0.0
684,37,138476.41,2,1,0,0,2,2.6442797731222463,0.12162162162162163,1,1.0,0.0
635,27,127471.56,1,1,1,0,1,0.8335993926118769,0.3148148148148148,0,0.0,0.0
709,26,156551.63,1,1,0,0,1,35.476218007762185,0.25,1,0.0,0.0
656,49,97092.87,1,0,1,0,0,1.2985152774653475,0.19387755102040816,0,1.0,0.0
793,32,0.0,2,0,1,1,0,0.0,0.078125,1,0.0,0.0
609,37,129312.79,1,1,0,0,1,4.8260368981765875,0.14864864864864866,1,0.0,1.0
618,29,100315.1,2,1,0,0,2,3.0839956418602767,0.3620689655172414,0,1.0,0.0
850,35,81684.97,1,0,0,0,0,35.476218007762185,0.18571428571428572,0,0.0,0.0
669,51,88827.53,1,0,1,0,0,1.0419435279760174,0.06862745098039216,1,0.0,1.0
594,40,152092.44,2,1,0,0,2,1.8212497603578404,0.0125,1,1.0,0.0
616,71,0.0,2,1,0,1,2,0.0,0.06338028169014084,1,0.0,1.0
676,49,0.0,1,0,1,1,0,0.0,0.030612244897959183,0,0.0,0.0
608,38,102406.76,1,1,0,0,1,1.777843902415312,0.25,0,0.0,1.0
710,21,109130.96,2,1,0,0,2,1.9420742694062019,0.21428571428571427,1,0.0,0.0
695,29,0.0,2,1,0,1,2,0.0,0.1896551724137931,1,0.0,0.0
530,33,75242.28,1,1,0,0,1,0.7398769288800595,0.2878787878787879,1,1.0,0.0
509,29,0.0,2,0,0,1,0,0.0,0.05172413793103448,1,0.0,1.0
517,45,0.0,1,0,1,1,0,0.0,0.1,0,0.0,0.0
758,33,129142.54,2,1,0,0,2,4.8536543382111965,0.015151515151515152,1,1.0,0.0
665,51,0.0,1,0,0,1,0,0.0,0.049019607843137254,1,0.0,0.0
631,22,139129.92,1,1,0,0,1,2.182481127794203,0.29545454545454547,0,1.0,0.0
576,33,0.0,2,1,0,1,2,0.0,0.10606060606060606,1,0.0,1.0
544,22,66483.32,1,1,0,0,1,0.6026494766647701,0.1590909090909091,1,0.0,1.0
596,40,62389.03,3,0,1,0,0,0.4197764122627754,0.1375,1,1.0,0.0
481,34,0.0,2,1,0,1,2,0.0,0.16176470588235295,0,0.0,0.0
498,46,91857.66,1,0,1,0,0,0.9009558849924938,0.03260869565217391,1,0.0,0.0
512,31,0.0,2,0,0,1,0,0.0,0.20967741935483872,1,0.0,1.0
594,56,0.0,1,0,1,1,0,0.0,0.13392857142857142,0,0.0,0.0
570,30,176173.52,1,0,1,0,0,1.8153549768811428,0.35,0,0.0,0.0
721,38,0.0,1,1,0,1,1,0.0,0.19736842105263158,1,0.0,1.0
453,37,131834.76,2,0,0,0,0,14.729811624321243,0.12162162162162163,0,0.0,0.0
562,48,92347.96,1,1,0,0,1,0.5661429243598567,0.07291666666666667,1,0.0,0.0
682,40,0.0,2,1,0,1,2,0.0,0.1125,1,0.0,0.0
748,40,95297.11,1,0,0,0,0,0.5556137228274495,0.0875,1,0.0,0.0
729,32,0.0,2,0,0,1,0,0.0,0.296875,0,0.0,0.0
663,39,0.0,1,0,0,1,0,0.0,0.11538461538461539,1,0.0,0.0
735,53,123845.36,2,1,1,0,2,0.7265535437810817,0.16037735849056603,0,0.0,0.0
627,62,143426.34,2,1,0,0,2,1.0022433830193571,0.056451612903225805,1,1.0,0.0
713,46,0.0,1,1,0,1,1,0.0,0.11956521739130435,1,0.0,0.0
562,31,112708.2,1,1,0,0,1,0.6047508387825808,0.08064516129032258,1,1.0,0.0
632,43,100013.51,1,0,0,0,0,4.1197969873522835,0.05813953488372093,1,0.0,0.0
479,33,208165.53,1,0,1,0,0,4.099698852662321,0.07575757575757576,0,0.0,0.0
658,21,0.0,2,1,0,1,2,0.0,0.35714285714285715,1,0.0,1.0
598,40,0.0,1,0,1,1,0,0.0,0.2375,0,0.0,0.0
597,19,0.0,2,1,0,1,2,0.0,0.13157894736842105,1,0.0,0.0
512,33,121685.31,2,1,0,0,2,1.454122744448482,0.19696969696969696,0,0.0,0.0
704,39,111525.02,1,0,0,0,0,0.5590620011553695,0.0641025641025641,1,0.0,0.0
474,26,0.0,2,0,0,1,0,0.0,0.25,1,0.0,0.0
604,36,113546.3,1,1,0,0,1,0.8418546554893196,0.2916666666666667,1,1.0,0.0
683,41,95696.52,2,1,0,0,2,0.5190541004215827,0.15853658536585366,1,0.0,0.0
537,28,88963.31,2,1,0,0,2,0.4686202812006873,0.017857142857142856,1,0.0,0.0
794,31,144880.34,2,1,0,0,2,0.8248501347381106,0.016129032258064516,1,0.0,1.0
732,55,136576.02,1,1,1,0,1,35.476218007762185,0.17272727272727273,1,0.0,0.0
495,38,63093.01,1,1,0,0,1,1.3398183336334633,0.06578947368421052,0,0.0,0.0
552,38,132271.12,2,1,0,0,2,2.840690316049088,0.27631578947368424,1,1.0,0.0
602,29,88814.4,2,1,0,0,2,1.4212812277110662,0.1206896551724138,0,0.0,0.0
607,40,90594.55,1,1,0,0,1,0.49887072771500984,0.1375,1,1.0,0.0
675,33,141816.25,1,0,1,0,0,2.1879804462012107,0.015151515151515152,0,1.0,0.0
443,54,138547.97,1,1,1,0,1,1.9736956857129548,0.06481481481481481,0,0.0,0.0
727,31,52192.08,2,1,0,0,2,0.3254185395880287,0.08064516129032258,0,0.0,0.0
482,38,124976.19,1,0,0,0,0,3.4861717665594023,0.11842105263157894,1,0.0,0.0
686,34,0.0,2,0,0,1,0,0.0,0.04411764705882353,0,0.0,0.0
588,35,104356.38,1,0,0,0,0,1.1043024208935002,0.1,1,1.0,0.0
605,48,150315.92,1,1,0,0,1,1.1260685655930271,0.21875,0,0.0,1.0
583,39,129299.28,2,0,0,0,0,1.768591930361134,0.038461538461538464,1,0.0,0.0
738,37,140950.92,2,0,0,0,0,0.7215856576226133,0.20270270270270271,1,1.0,0.0
744,30,128065.12,1,0,0,0,0,1.053804240853516,0.05,1,0.0,1.0
781,23,107433.48,1,0,0,0,0,0.6179871046611216,0.10869565217391304,1,0.0,0.0
699,34,117468.67,1,0,0,0,0,0.6341827566201773,0.07352941176470588,1,0.0,0.0
639,27,0.0,2,0,0,1,0,0.0,0.09259259259259259,0,0.0,0.0
583,27,0.0,3,0,0,1,0,0.0,0.16666666666666666,0,0.0,0.0
587,42,0.0,1,0,0,1,0,0.0,0.03571428571428571,1,0.0,0.0
694,40,0.0,2,0,0,1,0,0.0,0.2375,1,0.0,0.0
570,29,153040.03,1,1,1,0,1,1.1650023290145888,0.15517241379310345,0,0.0,0.0
692,45,142084.04,4,0,1,0,0,0.7545346332329387,0.14444444444444443,1,1.0,0.0
511,30,0.0,2,0,0,1,0,0.0,0.18333333333333332,0,0.0,0.0
788,32,112079.58,1,0,0,0,0,1.2541131720532679,0.140625,1,0.0,0.0
526,66,132044.6,2,1,0,0,2,0.8337891840901844,0.11363636363636363,1,0.0,1.0
749,46,66582.81,1,0,1,0,0,0.8454517681106716,0.20652173913043478,0,0.0,1.0
691,33,0.0,2,1,0,1,2,0.0,0.19696969696969696,0,0.0,0.0
481,39,0.0,1,1,0,1,1,0.0,0.16666666666666666,0,0.0,0.0
752,33,0.0,2,1,0,1,2,0.0,0.13636363636363635,1,0.0,0.0
658,38,102895.1,1,0,0,0,0,0.6609959634285444,0.17105263157894737,0,0.0,0.0
679,42,0.0,1,1,0,1,1,0.0,0.05952380952380952,1,0.0,1.0
754,27,117578.35,2,1,0,0,2,1.33750055881644,0.2777777777777778,1,1.0,0.0
679,47,198546.1,2,0,1,0,0,1.0384214595905688,0.22340425531914893,1,0.0,0.0
633,39,0.0,2,0,0,1,0,0.0,0.0641025641025641,0,0.0,1.0
674,31,0.0,1,0,0,1,0,0.0,0.04838709677419355,0,0.0,0.0
600,28,116623.31,1,1,0,0,1,1.946762351666244,0.08928571428571429,1,1.0,0.0
645,49,0.0,2,0,0,1,0,0.0,0.17346938775510204,1,0.0,1.0
698,36,0.0,2,1,0,1,2,0.0,0.18055555555555555,1,0.0,0.0
508,54,0.0,1,1,0,1,1,0.0,0.19444444444444445,1,0.0,1.0
555,44,105770.7,3,0,1,0,0,1.74726637301817,0.07954545454545454,0,0.0,0.0
751,48,0.0,1,0,1,1,0,0.0,0.19791666666666666,0,0.0,0.0
738,39,94435.45,2,1,0,0,2,0.49851936205451397,0.038461538461538464,0,0.0,0.0
706,39,112889.91,1,1,0,0,1,16.787452451127642,0.21794871794871795,0,1.0,0.0
595,53,0.0,2,0,1,1,0,0.0,0.14150943396226415,0,0.0,0.0
577,43,127940.47,1,0,1,0,0,1.0223646438613758,0.08139534883720931,0,1.0,0.0
578,36,129745.1,1,1,0,0,1,0.9029844851315119,0.2361111111111111,0,1.0,0.0
699,32,0.0,2,1,0,1,2,0.0,0.109375,1,0.0,0.0
826,30,0.0,2,1,0,1,2,0.0,0.18333333333333332,0,0.0,0.0
656,46,141535.52,1,0,1,0,0,2.7973575064505893,0.16304347826086957,0,1.0,0.0
556,47,139914.27,1,1,0,0,1,2.776518604746231,0.05319148936170213,0,0.0,0.0
569,41,120243.49,1,0,1,0,0,0.7370072380174371,0.10975609756097561,1,0.0,0.0
765,34,91835.16,1,0,0,0,0,0.6641190553999506,0.27941176470588236,1,0.0,0.0
544,37,0.0,2,0,0,1,0,0.0,0.06756756756756757,1,0.0,1.0
588,22,67178.19,1,1,1,0,1,0.41078595964490944,0.4318181818181818,0,0.0,1.0
740,31,0.0,2,0,0,1,0,0.0,0.27419354838709675,0,0.0,1.0
850,38,115378.94,1,1,0,0,1,0.7118254053549159,0.19736842105263158,1,0.0,1.0
766,30,127786.28,2,1,0,0,2,4.424686724168378,0.15,1,1.0,0.0
849,41,0.0,2,1,1,1,2,0.0,0.15853658536585366,0,0.0,0.0
612,33,64900.32,2,0,0,0,0,0.6336243760441571,0.015151515151515152,0,0.0,0.0
517,53,109172.88,1,0,1,0,0,1.9966838036399153,0.009433962264150943,1,1.0,0.0
645,55,0.0,2,1,0,1,2,0.0,0.13636363636363635,0,0.0,0.0
696,43,114091.38,1,1,0,0,1,0.7135657152363732,0.10465116279069768,1,1.0,0.0
716,40,0.0,2,1,0,1,2,0.0,0.0875,0,0.0,0.0
590,32,0.0,2,0,0,1,0,0.0,0.296875,1,0.0,0.0
656,45,145933.27,1,1,0,0,1,0.7318871150732668,0.16666666666666666,0,0.0,0.0
473,35,131504.73,1,0,0,0,0,0.69373147269463,0.21428571428571427,0,1.0,0.0
742,44,107926.02,1,1,1,0,1,6.211115504075385,0.19318181818181818,0,1.0,0.0
834,57,112281.6,3,0,1,0,0,0.8007180401599873,0.14912280701754385,0,1.0,0.0
721,41,0.0,2,1,0,1,2,0.0,0.18292682926829268,1,0.0,0.0
590,29,0.0,1,1,1,1,1,0.0,0.3620689655172414,1,0.0,1.0
516,31,0.0,1,0,0,1,0,0.0,0.24193548387096775,0,0.0,1.0
850,33,124781.67,1,1,0,0,1,3.702553178610342,0.015151515151515152,1,0.0,0.0
748,39,132865.56,1,1,1,0,1,2.227888760464695,0.24358974358974358,0,0.0,0.0
798,38,129055.13,1,0,0,0,0,0.8212299582197969,0.11842105263157894,0,1.0,0.0
612,76,96166.88,1,1,0,0,1,0.5024543578266141,0.08552631578947369,1,1.0,0.0
540,40,165298.12,1,1,0,0,1,0.8270540305583178,0.0875,0,0.0,0.0
719,33,0.0,2,0,0,1,0,0.0,0.22727272727272727,0,0.0,1.0
598,48,120682.53,1,0,1,0,0,3.939172268913049,0.13541666666666666,1,0.0,0.0
796,32,102773.15,2,1,0,0,2,0.872186759869063,0.171875,1,0.0,1.0
579,42,144386.32,1,1,1,0,1,6.417711717878399,0.011904761904761904,1,1.0,0.0
850,40,104449.8,1,1,0,0,1,35.476218007762185,0.1875,0,1.0,0.0
599,35,137102.65,1,0,0,0,0,1.7835231146502208,0.18571428571428572,1,0.0,1.0
724,30,142475.87,1,1,0,0,1,1.3210651275799439,0.31666666666666665,0,0.0,0.0
508,43,0.0,1,0,0,1,0,0.0,0.22093023255813954,0,0.0,0.0
773,37,103195.2,2,0,0,0,0,0.5788723311734557,0.06756756756756757,1,0.0,1.0
526,28,112070.44,1,1,0,0,1,0.8874558797898336,0.05357142857142857,1,0.0,0.0
542,29,0.0,2,1,0,1,2,0.0,0.25862068965517243,0,0.0,0.0
470,35,96473.59,1,0,0,0,0,16.17788640517834,0.04285714285714286,1,0.0,0.0
805,37,0.0,2,0,0,1,0,0.0,0.14864864864864866,1,0.0,1.0
548,49,108437.89,1,0,1,0,0,0.8536812018087624,0.19387755102040816,1,1.0,0.0
672,37,153195.59,1,1,0,0,1,0.9412129253881124,0.14864864864864866,1,0.0,0.0
773,45,96877.21,1,1,0,0,1,0.850161704746168,0.18888888888888888,1,0.0,0.0
614,44,0.0,2,1,0,1,2,0.0,0.14772727272727273,1,0.0,0.0
537,38,0.0,1,0,1,1,0,0.0,0.27631578947368424,0,0.0,0.0
704,40,95452.89,1,1,0,0,1,0.5303953451091057,0.1625,0,0.0,0.0
586,41,63873.56,1,0,0,0,0,0.7626271213153086,0.08536585365853659,1,0.0,1.0
677,24,148298.59,2,0,0,0,0,0.8107516088761471,0.020833333333333332,0,0.0,0.0
558,31,0.0,2,0,0,1,0,0.0,0.24193548387096775,0,0.0,1.0
634,37,143258.85,2,0,0,0,0,0.7433407785620584,0.20270270270270271,0,1.0,0.0
655,37,121342.24,1,1,0,0,1,0.6732168073179657,0.25675675675675674,1,1.0,0.0
619,28,99152.73,2,0,0,0,0,2.0453932781749034,0.23214285714285715,0,1.0,0.0
662,41,0.0,2,0,0,1,0,0.0,0.10975609756097561,0,0.0,0.0
705,33,68423.89,1,1,0,0,1,1.0547270806052698,0.22727272727272727,1,0.0,1.0
527,35,0.0,1,0,1,1,0,0.0,0.24285714285714285,0,0.0,1.0
630,25,79656.81,1,0,0,0,0,0.8517147567255121,0.3,0,1.0,0.0
850,35,0.0,2,1,0,1,2,0.0,0.07142857142857142,1,0.0,0.0
668,53,110240.04,1,0,1,0,0,0.5991907015029114,0.19811320754716982,0,0.0,0.0
573,32,125321.84,2,1,0,0,2,0.962270002456317,0.296875,0,0.0,0.0
680,27,0.0,1,0,0,1,0,0.0,0.12962962962962962,1,0.0,0.0
758,32,84378.9,1,1,0,0,1,1.1191216995062034,0.078125,0,0.0,0.0
597,45,0.0,2,0,0,1,0,0.0,0.16666666666666666,1,0.0,0.0
580,35,136281.41,2,1,0,0,2,5.49511400388783,0.3,1,1.0,0.0
622,59,119380.37,1,1,0,0,1,1.9755009189906476,0.09322033898305085,1,0.0,0.0
638,62,108716.59,2,1,0,0,2,1.4643524986971677,0.07258064516129033,1,1.0,0.0
640,20,0.0,2,1,0,1,2,0.0,0.225,0,0.0,0.0
644,28,0.0,2,0,0,1,0,0.0,0.017857142857142856,1,0.0,1.0
753,31,106596.29,1,0,0,0,0,1.167452205351257,0.20967741935483872,0,0.0,0.0
629,37,99546.25,3,1,1,0,3,3.95999872702428,0.28378378378378377,0,0.0,0.0
775,30,0.0,1,0,1,1,0,0.0,0.18333333333333332,0,0.0,0.0
701,41,0.0,1,0,0,1,0,0.0,0.06097560975609756,0,0.0,0.0
708,19,112615.86,1,1,0,0,1,25.06601940450991,0.39473684210526316,1,0.0,1.0
521,22,0.0,1,1,0,1,1,0.0,0.4772727272727273,0,0.0,1.0
636,24,0.0,2,1,0,1,2,0.0,0.3958333333333333,0,0.0,0.0
529,31,0.0,2,0,0,1,0,0.0,0.1774193548387097,0,0.0,0.0
757,28,75381.15,1,1,0,0,1,0.3774176793402571,0.125,1,0.0,0.0
767,24,0.0,2,1,0,1,2,0.0,0.22916666666666666,0,0.0,1.0
525,33,0.0,2,0,0,1,0,0.0,0.16666666666666666,1,0.0,1.0
759,38,0.0,2,0,0,1,0,0.0,0.039473684210526314,1,0.0,1.0
520,45,123086.39,1,1,1,0,1,2.9989325933036737,0.03333333333333333,0,1.0,0.0
738,26,0.0,2,0,0,1,0,0.0,0.1346153846153846,0,0.0,0.0
548,37,0.0,1,0,0,1,0,0.0,0.12162162162162163,1,0.0,1.0
535,48,109472.47,1,0,1,0,0,0.695684205261801,0.19791666666666666,1,0.0,1.0
615,59,155766.05,1,1,0,0,1,1.412508704283074,0.07627118644067797,1,0.0,1.0
850,38,101985.81,2,0,0,0,0,2.3283224819170334,0.19736842105263158,1,1.0,0.0
487,34,96019.5,1,0,0,0,0,10.567851639885538,0.07352941176470588,0,0.0,0.0
731,30,0.0,2,1,0,1,2,0.0,0.25,1,0.0,0.0
726,35,0.0,2,1,0,1,2,0.0,0.2714285714285714,0,0.0,1.0
609,35,147900.43,1,0,0,0,0,1.0564219086838413,0.07142857142857142,0,0.0,0.0
714,52,100755.66,1,1,0,0,1,0.5394457807135543,0.08653846153846154,1,0.0,0.0
694,35,0.0,1,0,1,1,0,0.0,0.21428571428571427,0,0.0,1.0
786,33,83036.05,1,1,1,0,1,0.5357455546940034,0.015151515151515152,0,0.0,0.0
698,27,125427.37,2,0,0,0,0,4.535359770085018,0.24074074074074073,1,0.0,1.0
601,46,98202.76,1,0,0,0,0,0.7128284389938717,0.07608695652173914,0,0.0,0.0
769,41,72509.91,1,0,0,0,0,2.8186849774516585,0.036585365853658534,1,0.0,1.0
850,44,140393.65,2,1,0,0,2,0.7536436345474702,0.07954545454545454,1,1.0,0.0
646,50,142644.64,2,1,1,0,2,1.0030598518383091,0.11,0,0.0,1.0
659,44,23503.31,1,1,1,0,1,0.13836626349668477,0.2159090909090909,0,0.0,0.0
487,33,145729.71,1,0,0,0,0,3.5228621468639743,0.25757575757575757,1,0.0,1.0
740,40,122295.17,2,1,0,0,2,3.9688390022145894,0.0625,0,1.0,0.0
686,39,0.0,2,0,0,1,0,0.0,0.11538461538461539,1,0.0,0.0
612,36,119799.27,2,0,0,0,0,0.7514809219911631,0.1527777777777778,0,0.0,1.0
655,37,163708.58,2,0,0,0,0,2.1467097594644025,0.22972972972972974,1,0.0,1.0
617,34,61687.33,2,0,0,0,0,0.582141294987791,0.04411764705882353,1,0.0,0.0
674,27,79144.34,1,1,0,0,1,1.5596532691113556,0.16666666666666666,0,0.0,0.0
711,32,0.0,2,1,0,1,2,0.0,0.171875,1,0.0,1.0
624,27,104848.68,1,1,0,0,1,0.6263797554381918,0.2777777777777778,0,1.0,0.0
597,26,0.0,2,1,0,1,2,0.0,0.21153846153846154,1,0.0,1.0
682,46,0.0,1,1,0,1,1,0.0,0.09782608695652174,1,0.0,1.0
775,45,0.0,1,0,0,1,0,0.0,0.18888888888888888,1,0.0,0.0
727,29,146652.01,1,1,0,0,1,0.8453179795949435,0.05172413793103448,0,0.0,0.0
629,31,0.0,2,0,0,1,0,0.0,0.20967741935483872,1,0.0,0.0
684,46,0.0,2,1,0,1,2,0.0,0.010869565217391304,1,0.0,0.0
549,37,130622.34,2,1,0,0,2,1.0165088286513702,0.04054054054054054,0,1.0,0.0
593,69,187013.13,2,1,0,0,2,1.7659459626369067,0.036231884057971016,1,1.0,0.0
536,40,0.0,2,1,0,1,2,0.0,0.2375,1,0.0,1.0
707,36,0.0,1,0,0,1,0,0.0,0.18055555555555555,0,0.0,0.0
592,41,0.0,2,0,0,1,0,0.0,0.012195121951219513,1,0.0,1.0
703,44,98862.54,1,0,0,0,0,0.6524817892563046,0.14772727272727273,1,0.0,0.0
723,45,0.0,2,0,0,1,0,0.0,0.1,0,0.0,1.0
452,52,98443.14,2,0,0,0,0,1.069627439480076,0.028846153846153848,1,1.0,0.0
552,42,0.0,2,0,0,1,0,0.0,0.10714285714285714,1,0.0,1.0
633,47,0.0,1,1,1,1,1,0.0,0.010638297872340425,0,0.0,0.0
479,23,123575.51,1,1,0,0,1,1.2987540210498703,0.41304347826086957,0,1.0,0.0
768,25,0.0,2,1,0,1,2,0.0,0.26,1,0.0,0.0
742,31,105239.1,1,1,0,0,1,5.341750062432618,0.14516129032258066,1,0.0,0.0
668,56,110993.79,1,0,1,0,0,0.8258611535143027,0.16964285714285715,1,1.0,0.0
707,44,0.0,2,1,0,1,2,0.0,0.07954545454545454,1,0.0,1.0
754,39,157691.98,2,0,1,0,0,1.1803124940822318,0.19230769230769232,1,0.0,1.0
544,47,105245.21,1,0,1,0,0,1.0532622693375746,0.11702127659574468,1,1.0,0.0
718,32,0.0,2,1,0,1,2,0.0,0.265625,1,0.0,1.0
762,31,117687.35,1,1,0,0,1,0.7385674631522222,0.24193548387096775,1,0.0,0.0
772,23,0.0,2,0,0,1,0,0.0,0.10869565217391304,1,0.0,0.0
691,37,123067.63,1,1,1,0,1,1.2537012761573962,0.20270270270270271,0,1.0,0.0
502,45,0.0,1,0,0,1,0,0.0,0.011111111111111112,1,0.0,0.0
563,34,0.0,2,0,0,1,0,0.0,0.19117647058823528,0,0.0,0.0
676,41,101457.14,1,1,0,0,1,1.2826007010888507,0.10975609756097561,0,0.0,0.0
576,52,100549.43,2,1,0,0,2,6.040760797733395,0.04807692307692308,1,0.0,1.0
629,35,174588.8,2,1,0,0,2,1.1020549403949496,0.12857142857142856,1,0.0,1.0
625,52,121161.57,1,0,0,0,0,2.4732261833609313,0.16346153846153846,1,0.0,1.0
628,45,0.0,2,1,0,1,2,0.0,0.2111111111111111,1,0.0,0.0
471,36,90063.74,2,1,0,0,2,0.9345843057372959,0.1527777777777778,0,1.0,0.0
811,45,0.0,2,1,0,1,2,0.0,0.12222222222222222,0,0.0,0.0
504,42,134936.97,2,0,0,0,0,0.9982028394603902,0.08333333333333333,1,0.0,0.0
687,24,110495.27,1,0,0,0,0,0.6966194103119595,0.14583333333333334,0,0.0,0.0
660,37,133200.09,1,0,0,0,0,1.8646365752976695,0.06756756756756757,0,1.0,0.0
548,41,82596.8,1,1,0,0,1,1.4836036584281564,0.10975609756097561,0,0.0,0.0
609,31,103837.75,1,1,0,0,1,0.6912419465139955,0.3064516129032258,1,1.0,0.0
659,42,0.0,1,0,1,1,0,0.0,0.05952380952380952,0,0.0,1.0
526,52,93590.47,1,1,1,0,1,4.40846671951713,0.16346153846153846,1,0.0,0.0
725,40,104149.66,1,0,0,0,0,1.6790505715884048,0.2125,1,1.0,0.0
519,38,114141.64,1,1,1,0,1,1.87150546793441,0.039473684210526314,1,1.0,0.0
562,31,117153.0,1,1,0,0,1,1.0780024036583604,0.3064516129032258,0,1.0,0.0
482,45,156353.46,1,0,1,0,0,2.152296339938289,0.16666666666666666,1,1.0,0.0
535,37,175534.78,2,1,0,0,2,18.992090901615576,0.0945945945945946,1,0.0,1.0
561,27,135637.0,1,0,1,0,0,0.8860449407962039,0.35185185185185186,0,0.0,0.0
661,30,0.0,2,0,0,1,0,0.0,0.25,0,0.0,0.0
771,27,0.0,2,1,0,1,2,0.0,0.09259259259259259,1,0.0,0.0
545,26,0.0,2,1,0,1,2,0.0,0.28846153846153844,1,0.0,0.0
850,33,83415.04,1,1,0,0,1,1.1134083587208736,0.07575757575757576,0,1.0,0.0
601,43,141859.12,2,1,0,0,2,1.275131050955042,0.08139534883720931,1,1.0,0.0
712,38,132767.66,2,1,0,0,2,2.245854433521994,0.19736842105263158,1,1.0,0.0
589,31,110635.32,1,0,0,0,0,0.746427098230966,0.3387096774193548,0,0.0,0.0
600,37,177657.35,1,1,0,0,1,2.3029518304371654,0.22972972972972974,1,0.0,1.0
642,41,157777.58,1,0,0,0,0,2.3379443910997306,0.10975609756097561,1,1.0,0.0
575,47,107915.94,2,1,1,0,2,1.700717599968985,0.20212765957446807,1,1.0,0.0
570,57,86568.75,1,1,0,0,1,0.8351114798761466,0.09649122807017543,0,1.0,0.0
532,52,137755.76,1,0,1,0,0,0.8441279248575568,0.18269230769230768,1,1.0,0.0
796,30,137262.71,2,0,0,0,0,2.182018841041174,0.08333333333333333,1,0.0,0.0
833,32,0.0,1,1,1,1,1,0.0,0.203125,1,0.0,1.0
642,36,0.0,2,1,0,1,2,0.0,0.18055555555555555,0,0.0,1.0
655,28,0.0,2,1,0,1,2,0.0,0.375,1,0.0,0.0
736,50,116309.01,1,0,1,0,0,0.6274715771460508,0.19,1,1.0,0.0
617,34,131244.65,2,0,0,0,0,0.7162835544088245,0.014705882352941176,0,0.0,0.0
762,28,125155.83,2,1,0,0,2,1.1804367497407686,0.125,1,1.0,0.0
703,35,140691.08,2,0,0,0,0,0.8383887946494173,0.15714285714285714,1,1.0,0.0
507,41,58820.32,2,1,0,0,2,0.4245817491907763,0.08536585365853659,1,0.0,0.0
581,26,105099.45,1,1,1,0,1,0.5695798852163169,0.1346153846153846,0,1.0,0.0
593,31,0.0,2,1,0,1,2,0.0,0.3064516129032258,1,0.0,0.0
648,23,168372.52,1,0,0,0,0,1.2501883756273866,0.41304347826086957,1,0.0,0.0
462,34,94682.56,2,0,0,0,0,0.6837312751662343,0.04411764705882353,1,1.0,0.0
596,36,0.0,2,1,0,1,2,0.0,0.06944444444444445,1,0.0,1.0
627,44,0.0,2,0,1,1,0,0.0,0.125,0,0.0,0.0
494,40,0.0,2,1,0,1,2,0.0,0.1875,1,0.0,0.0
627,73,146329.73,1,1,0,0,1,3.3549037558346386,0.00684931506849315,1,0.0,0.0
850,37,0.0,2,0,0,1,0,0.0,0.06756756756756757,1,0.0,1.0
632,49,167962.7,1,0,0,0,0,1.1980032269106173,0.11224489795918367,0,0.0,0.0
490,33,0.0,2,1,0,1,2,0.0,0.045454545454545456,1,0.0,0.0
715,40,0.0,1,1,0,1,1,0.0,0.1875,1,0.0,0.0
679,48,0.0,2,0,0,1,0,0.0,0.17708333333333334,1,0.0,0.0
619,44,116967.68,1,0,1,0,0,23.04250645663955,0.07954545454545454,1,0.0,0.0
465,33,0.0,2,1,0,1,2,0.0,0.19696969696969696,0,0.0,1.0
736,32,0.0,1,1,0,1,1,0.0,0.234375,1,0.0,1.0
501,34,93244.42,1,1,0,0,1,0.46667330308308586,0.22058823529411764,0,1.0,0.0
535,29,0.0,2,1,0,1,2,0.0,0.1896551724137931,0,0.0,0.0
759,33,0.0,2,0,0,1,0,0.0,0.07575757575757576,0,0.0,0.0
819,35,0.0,2,1,0,1,2,0.0,0.04285714285714286,1,0.0,0.0
533,43,80442.06,2,1,0,0,2,6.415645671464188,0.10465116279069768,1,1.0,0.0
632,35,150561.03,2,0,0,0,0,2.326214962360721,0.07142857142857142,0,1.0,0.0
686,60,0.0,3,1,1,1,3,0.0,0.15833333333333333,1,0.0,0.0
687,34,125474.44,1,0,0,0,0,0.6307440314432896,0.27941176470588236,0,0.0,0.0
667,33,127076.68,2,0,0,0,0,1.8413531662161695,0.13636363636363635,0,1.0,0.0
699,25,0.0,2,1,0,1,2,0.0,0.34,0,0.0,1.0
497,37,128650.11,2,1,0,0,2,0.7861654913304017,0.22972972972972974,1,0.0,1.0
780,33,145580.61,1,1,0,0,1,0.9416625118467348,0.19696969696969696,0,0.0,1.0
652,51,0.0,1,0,1,1,0,0.0,0.06862745098039216,0,0.0,0.0
477,47,144900.58,1,0,1,0,0,2.3631630509112003,0.20212765957446807,1,0.0,0.0
652,37,0.0,2,0,0,1,0,0.0,0.12162162162162163,0,0.0,0.0
488,31,97588.6,1,0,0,0,0,0.7856645836340637,0.27419354838709675,0,0.0,0.0
572,24,0.0,2,1,0,1,2,0.0,0.0625,1,0.0,0.0
755,38,0.0,2,0,0,1,0,0.0,0.039473684210526314,0,0.0,0.0
779,24,122200.31,2,0,0,0,0,2.795926057781715,0.4375,0,1.0,0.0
693,46,151709.33,1,0,0,0,0,0.8393916494464561,0.07608695652173914,0,0.0,1.0
530,22,0.0,2,0,0,1,0,0.0,0.3409090909090909,0,0.0,1.0
738,33,122134.4,2,1,0,0,2,4.382510919999899,0.10606060606060606,0,0.0,1.0
690,31,137260.45,2,0,0,0,0,2.478149709649767,0.08064516129032258,1,1.0,0.0
611,30,88594.14,1,0,0,0,0,0.4512432293121727,0.31666666666666665,0,0.0,0.0
643,34,0.0,2,1,0,1,2,0.0,0.19117647058823528,1,0.0,1.0
632,41,127205.32,4,0,1,0,0,1.3550374553119988,0.2073170731707317,1,1.0,0.0
727,31,96997.09,2,0,0,0,0,1.2660319697020324,0.3387096774193548,0,0.0,1.0
508,64,0.0,1,1,0,1,1,0.0,0.0390625,0,0.0,0.0
550,31,142200.19,2,1,0,0,2,1.1634514567710044,0.1774193548387097,1,0.0,0.0
754,39,160761.41,1,1,0,0,1,6.654849954650882,0.08974358974358974,0,1.0,0.0
759,26,0.0,2,0,0,1,0,0.0,0.17307692307692307,1,0.0,0.0
794,33,0.0,2,0,0,1,0,0.0,0.25757575757575757,1,0.0,1.0
549,29,0.0,2,0,0,1,0,0.0,0.1206896551724138,1,0.0,0.0
671,31,116234.61,1,0,0,0,0,0.6754014071592616,0.016129032258064516,1,0.0,0.0
756,26,155143.52,1,1,1,0,1,1.1489085431342274,0.21153846153846154,0,1.0,0.0
632,21,0.0,2,0,0,1,0,0.0,0.07142857142857142,0,0.0,0.0
579,38,0.0,2,0,0,1,0,0.0,0.2236842105263158,1,0.0,0.0
748,34,84009.47,1,1,0,0,1,0.6131984108272793,0.16176470588235295,1,0.0,0.0
488,28,139246.22,2,0,0,0,0,1.3037975762096221,0.26785714285714285,0,1.0,0.0
710,58,170113.0,2,1,0,0,2,16.20796826110652,0.12931034482758622,1,1.0,0.0
619,41,0.0,3,1,1,1,3,0.0,0.2073170731707317,0,0.0,1.0
773,64,145578.28,1,1,0,0,1,0.7819480555405606,0.0390625,1,0.0,0.0
657,75,126273.95,1,1,0,0,1,1.3774147910108143,0.1,1,0.0,1.0
579,26,162482.76,1,1,0,0,1,8.802264453497443,0.40384615384615385,0,0.0,0.0
542,29,0.0,1,0,0,1,0,0.0,0.3275862068965517,1,0.0,0.0
709,32,87814.89,1,0,0,0,0,0.6336793853226494,0.078125,0,0.0,0.0
617,61,113858.95,1,1,0,0,1,2.98605541746153,0.05737704918032787,1,0.0,1.0
568,43,87612.64,4,1,1,0,4,0.8176146268445003,0.12790697674418605,1,1.0,0.0
769,73,0.0,1,1,0,1,1,0.0,0.02054794520547945,0,0.0,0.0
608,26,106648.98,1,1,0,0,1,15.096251733997677,0.057692307692307696,1,1.0,0.0
503,31,0.0,2,1,0,1,2,0.0,0.14516129032258066,1,0.0,1.0
608,38,103653.51,2,1,0,0,2,0.7561486702082261,0.2236842105263158,0,1.0,0.0
731,37,116880.53,1,0,1,0,0,0.6767077921495188,0.0945945945945946,1,1.0,0.0
850,40,97990.49,2,0,0,0,0,0.9184425414384318,0.1125,0,1.0,0.0
591,34,150635.3,1,1,0,0,1,2.0841722489838928,0.1323529411764706,0,1.0,0.0
579,37,0.0,2,1,0,1,2,0.0,0.12162162162162163,1,0.0,1.0
570,39,129674.89,2,0,0,0,0,1.6098011305797797,0.2692307692307692,1,0.0,0.0
709,37,0.0,2,0,0,1,0,0.0,0.25675675675675674,0,0.0,0.0
611,53,83568.26,1,0,0,0,0,35.476218007762185,0.0660377358490566,1,0.0,0.0
775,48,178144.91,2,0,1,0,0,3.5508671519158783,0.09375,1,0.0,1.0
699,36,147137.74,1,1,0,0,1,4.367543612287727,0.18055555555555555,1,1.0,0.0
618,37,0.0,1,1,1,1,1,0.0,0.14864864864864866,1,0.0,0.0
704,36,114370.41,1,1,0,0,1,1.7118376961564092,0.09722222222222222,1,0.0,0.0
835,47,108289.28,2,1,1,0,2,2.3612730331406837,0.11702127659574468,0,1.0,0.0
714,39,149887.49,2,0,0,0,0,2.347591035870551,0.08974358974358974,1,1.0,0.0
581,43,170172.9,1,1,0,0,1,1.6977050993734648,0.10465116279069768,0,0.0,1.0
592,27,0.0,2,1,0,1,2,0.0,0.12962962962962962,1,0.0,0.0
551,43,0.0,2,0,0,1,0,0.0,0.1744186046511628,1,0.0,0.0
689,28,64808.32,2,0,0,0,0,0.8246156899893947,0.08928571428571429,0,1.0,0.0
604,56,62732.65,1,1,0,0,1,0.5020396851488641,0.008928571428571428,0,0.0,0.0
514,41,0.0,2,1,0,1,2,0.0,0.18292682926829268,0,0.0,0.0
698,29,95167.55,1,1,0,0,1,0.6231332775421424,0.1896551724137931,1,0.0,0.0
581,54,152508.99,1,0,1,0,0,0.8129521279913141,0.046296296296296294,0,1.0,0.0
573,31,134644.19,1,1,0,0,1,1.9130353302362562,0.016129032258064516,1,1.0,0.0
449,33,0.0,2,0,0,1,0,0.0,0.25757575757575757,0,0.0,1.0
850,31,51293.47,1,0,0,0,0,1.4434357243198948,0.11290322580645161,0,1.0,0.0
612,41,0.0,3,0,0,1,0,0.0,0.13414634146341464,1,0.0,0.0
690,49,116622.73,1,1,0,0,1,2.286169274110219,0.17346938775510204,1,0.0,1.0
599,49,0.0,2,0,0,1,0,0.0,0.05102040816326531,0,0.0,1.0
498,33,198113.86,1,0,0,0,0,2.8437933635587846,0.045454545454545456,1,0.0,0.0
497,29,85646.81,1,0,1,0,0,1.3544419601980073,0.15517241379310345,0,0.0,0.0
802,51,0.0,1,1,0,1,1,0.0,0.14705882352941177,1,0.0,1.0
644,33,141234.98,1,0,0,0,0,1.4762099022671247,0.2878787878787879,1,0.0,0.0
714,34,0.0,2,1,0,1,2,0.0,0.3088235294117647,1,0.0,0.0
690,40,77641.99,1,0,1,0,0,0.4106899037987261,0.2375,0,0.0,0.0
522,30,0.0,2,0,0,1,0,0.0,0.11666666666666667,1,0.0,1.0
502,40,117304.29,1,0,0,0,0,0.5976395781277416,0.1875,0,1.0,0.0
730,62,0.0,2,1,0,1,2,0.0,0.04032258064516129,0,0.0,1.0
590,36,92340.69,2,1,0,0,2,0.5286622814475277,0.18055555555555555,1,1.0,0.0
458,35,146780.52,2,1,0,0,2,35.476218007762185,0.2714285714285714,1,1.0,0.0
553,41,144974.55,1,1,0,0,1,7.493804895295752,0.15853658536585366,1,0.0,1.0
479,47,0.0,1,0,0,1,0,0.0,0.031914893617021274,1,0.0,0.0
693,31,0.0,2,1,0,1,2,0.0,0.08064516129032258,1,0.0,0.0
707,43,0.0,2,0,0,1,0,0.0,0.2441860465116279,1,0.0,1.0
636,37,115137.26,1,0,0,0,0,2.193717025108693,0.04054054054054054,1,0.0,1.0
807,33,101952.97,2,0,0,0,0,0.5722722926401304,0.3181818181818182,1,0.0,0.0
513,45,164649.52,3,0,1,0,0,3.298497571545452,0.011111111111111112,0,0.0,0.0
582,31,0.0,2,1,0,1,2,0.0,0.08064516129032258,1,0.0,0.0
694,32,91956.49,1,1,0,0,1,1.5335587174783838,0.015625,1,0.0,0.0
777,39,0.0,2,1,0,1,2,0.0,0.21794871794871795,1,0.0,0.0
598,32,123938.6,2,0,0,0,0,0.6231345095829758,0.296875,1,1.0,0.0
762,46,123571.77,3,1,1,0,3,2.1673489704582134,0.14130434782608695,1,1.0,0.0
588,34,120777.88,1,1,0,0,1,0.9168557142262858,0.10294117647058823,0,0.0,0.0
663,42,90248.79,1,1,0,0,1,1.139926207576967,0.13095238095238096,1,1.0,0.0
777,36,0.0,1,0,0,1,0,0.0,0.20833333333333334,1,0.0,0.0
592,71,0.0,2,1,0,1,2,0.0,0.06338028169014084,1,0.0,0.0
631,48,106396.48,1,1,1,0,1,0.7061912320272035,0.03125,1,1.0,0.0
725,47,104887.43,1,0,1,0,0,1.210841831021491,0.031914893617021274,0,1.0,0.0
850,34,72079.71,1,1,0,0,1,0.622617052779187,0.07352941176470588,1,0.0,0.0
540,37,0.0,2,0,0,1,0,0.0,0.17567567567567569,1,0.0,0.0
674,36,0.0,2,1,0,1,2,0.0,0.06944444444444445,1,0.0,1.0
553,38,99844.68,1,0,0,0,0,0.5313241452196638,0.09210526315789473,1,0.0,0.0
630,28,0.0,2,1,0,1,2,0.0,0.05357142857142857,0,0.0,0.0
466,26,156815.71,1,1,0,0,1,1.1406679469284664,0.1346153846153846,1,0.0,0.0
613,47,146034.74,1,1,0,0,1,1.8929378328217998,0.13829787234042554,1,0.0,0.0
558,27,152283.39,1,0,0,0,0,0.8309139713808127,0.05555555555555555,1,0.0,0.0
775,33,118897.1,2,1,0,0,2,4.509930433859062,0.045454545454545456,0,1.0,0.0
698,52,96781.39,1,1,0,0,1,0.6310127008553106,0.16346153846153846,1,1.0,0.0
608,33,102772.67,2,0,0,0,0,1.4535092773543847,0.045454545454545456,1,1.0,0.0
670,20,0.0,2,0,0,1,0,0.0,0.225,0,0.0,1.0
591,39,0.0,2,0,0,1,0,0.0,0.21794871794871795,1,0.0,1.0
633,40,150578.0,1,1,1,0,1,4.342975609446573,0.1125,1,0.0,0.0
678,46,0.0,2,0,0,1,0,0.0,0.03260869565217391,0,0.0,0.0
590,47,0.0,2,0,0,1,0,0.0,0.07446808510638298,1,0.0,0.0
705,48,0.0,2,0,0,1,0,0.0,0.010416666666666666,0,0.0,0.0
608,42,163548.07,1,0,0,0,0,4.207798218836391,0.25,1,0.0,0.0
682,37,148580.12,1,0,0,0,0,4.223404200888114,0.22972972972972974,0,0.0,0.0
596,32,96709.07,2,0,0,0,0,2.31420263095615,0.109375,1,1.0,0.0
395,34,106011.59,1,1,1,0,1,6.10048412982943,0.16176470588235295,0,1.0,0.0
578,37,135650.88,1,0,0,0,0,0.6801957125734703,0.04054054054054054,1,1.0,0.0
547,55,111362.76,3,0,1,0,0,6.580447761899585,0.08181818181818182,1,1.0,0.0
609,37,39344.83,1,1,1,0,1,0.22067526080260408,0.04054054054054054,1,0.0,0.0
774,36,130809.77,1,0,0,0,0,0.8589445830385036,0.2638888888888889,1,1.0,0.0
712,27,133009.51,1,0,0,0,0,1.0488869384666766,0.09259259259259259,0,0.0,0.0
585,28,135337.49,2,1,0,0,2,3.351048528212692,0.3392857142857143,0,1.0,0.0
666,32,112536.57,2,1,0,0,2,3.2760269263037407,0.328125,0,0.0,0.0
708,35,122570.69,1,0,0,0,0,0.6159118217420423,0.24285714285714285,0,0.0,1.0
513,44,63562.02,2,1,1,0,2,1.2076978601664843,0.03409090909090909,1,0.0,0.0
445,37,0.0,2,1,0,1,2,0.0,0.0945945945945946,1,0.0,0.0
690,44,100368.63,2,0,0,0,0,2.8398181495631567,0.2159090909090909,1,1.0,0.0
850,37,0.0,2,0,0,1,0,0.0,0.17567567567567569,1,0.0,0.0
537,33,136082.0,1,0,0,0,0,2.1687224710323303,0.22727272727272727,0,0.0,1.0
705,48,114169.16,1,0,1,0,0,0.6588930146553843,0.19791666666666666,1,1.0,0.0
670,45,47884.92,1,1,0,0,1,0.8811893140458333,0.12222222222222222,0,0.0,0.0
652,36,0.0,2,1,0,1,2,0.0,0.041666666666666664,0,0.0,1.0
696,24,0.0,1,0,0,1,0,0.0,0.3958333333333333,1,0.0,1.0
747,49,202904.64,1,1,1,0,1,11.72878173750789,0.1326530612244898,1,0.0,0.0
511,46,0.0,1,1,1,1,1,0.0,0.03260869565217391,0,0.0,0.0
743,43,161807.18,2,1,1,0,2,1.7355724871838272,0.05813953488372093,1,0.0,1.0
532,52,110791.97,1,0,1,0,0,0.7450415004071463,0.0673076923076923,1,1.0,0.0
642,33,0.0,2,1,0,1,2,0.0,0.2878787878787879,0,0.0,1.0
554,54,108755.0,1,0,1,0,0,2.658050823016904,0.12037037037037036,0,1.0,0.0
604,34,0.0,2,0,0,1,0,0.0,0.10294117647058823,0,0.0,1.0
602,72,0.0,2,1,0,1,2,0.0,0.04861111111111111,0,0.0,0.0
757,55,117294.12,4,0,1,0,0,1.245312934799769,0.17272727272727273,0,0.0,1.0
491,26,102251.14,1,1,0,0,1,0.7008212162296183,0.17307692307692307,1,1.0,0.0
850,31,0.0,2,0,0,1,0,0.0,0.14516129032258066,1,0.0,0.0
521,22,0.0,2,1,0,1,2,0.0,0.25,1,0.0,0.0
726,37,132057.92,2,0,0,0,0,3.800776975551576,0.06756756756756757,1,0.0,0.0
596,33,0.0,1,0,1,1,0,0.0,0.25757575757575757,1,0.0,0.0
850,35,114285.2,1,1,0,0,1,0.8814113724812414,0.21428571428571427,0,1.0,0.0
637,41,0.0,2,0,0,1,0,0.0,0.23170731707317074,0,0.0,0.0
690,32,76087.98,1,1,0,0,1,0.5011602275956197,0.078125,1,0.0,1.0
689,40,160272.27,1,0,0,0,0,3.227571045027875,0.2125,1,0.0,0.0
633,63,114552.6,1,0,1,0,0,1.55099944108421,0.07142857142857142,1,0.0,1.0
555,27,102000.17,1,1,0,0,1,0.8736032648726425,0.3148148148148148,0,0.0,0.0
563,24,0.0,2,0,0,1,0,0.0,0.3125,1,0.0,1.0
494,33,137853.0,1,1,0,0,1,1.527036599894655,0.045454545454545456,0,0.0,0.0
534,27,0.0,2,0,0,1,0,0.0,0.35185185185185186,1,0.0,0.0
696,42,162318.61,1,0,0,0,0,1.3407792429207661,0.17857142857142858,1,1.0,0.0
535,50,140292.58,3,0,1,0,0,2.017662890671404,0.03,0,0.0,1.0
600,34,0.0,2,1,0,1,2,0.0,0.014705882352941176,1,0.0,0.0
807,34,0.0,1,0,0,1,0,0.0,0.04411764705882353,0,0.0,0.0
714,52,0.0,1,1,1,1,1,0.0,0.04807692307692308,0,0.0,0.0
590,24,126431.54,1,0,0,0,0,2.1508506584741514,0.3125,1,0.0,0.0
614,41,123475.04,1,1,0,0,1,0.688925177756308,0.08536585365853659,0,0.0,0.0
766,45,97652.96,1,0,0,0,0,0.766908082903353,0.14444444444444443,0,1.0,0.0
557,42,0.0,2,1,0,1,2,0.0,0.10714285714285714,1,0.0,1.0
788,49,137455.99,1,0,1,0,0,0.7463162117738644,0.09183673469387756,0,1.0,0.0
648,38,0.0,2,1,0,1,2,0.0,0.06578947368421052,0,0.0,0.0
726,33,99046.31,2,1,0,0,2,1.7669783419791538,0.22727272727272727,0,1.0,0.0
773,33,0.0,2,1,0,1,2,0.0,0.2878787878787879,1,0.0,0.0
583,27,105907.42,2,1,0,0,2,0.5410809539360345,0.16666666666666666,1,1.0,0.0
565,52,97720.35,2,0,1,0,0,0.558172543241367,0.10576923076923077,1,1.0,0.0
705,25,0.0,2,1,0,1,2,0.0,0.38,1,0.0,0.0
685,43,97392.18,2,0,0,0,0,2.215582070361526,0.10465116279069768,1,0.0,1.0
741,29,0.0,2,1,0,1,2,0.0,0.29310344827586204,1,0.0,0.0
658,28,152812.58,1,0,0,0,0,0.9167824999188581,0.3392857142857143,0,1.0,0.0
575,27,139301.68,1,0,0,0,0,1.395179607427434,0.12962962962962962,1,0.0,0.0
844,41,76319.64,1,1,1,0,1,0.5405985627320417,0.25609756097560976,0,0.0,0.0
559,67,125919.35,1,0,1,0,0,0.7158089601075993,0.1417910447761194,1,0.0,1.0
725,37,124348.38,2,1,0,0,2,0.7025914123734769,0.17567567567567569,1,0.0,0.0
450,29,117199.8,1,1,0,0,1,2.695386534497442,0.25862068965517243,1,0.0,0.0
738,57,148384.64,1,0,1,0,0,0.957023210408692,0.16666666666666666,0,1.0,0.0
642,19,113905.48,1,1,0,0,1,0.6466824345882948,0.18421052631578946,0,1.0,0.0
618,32,133476.09,1,1,0,0,1,0.8620014026984508,0.171875,1,0.0,1.0
590,47,117879.32,1,1,0,0,1,14.34847470500739,0.010638297872340425,1,0.0,0.0
735,50,0.0,2,1,0,1,2,0.0,0.05,1,0.0,0.0
550,34,122359.5,1,0,0,0,0,1.0503272414504978,0.25,1,0.0,0.0
729,28,0.0,2,1,1,1,2,0.0,0.017857142857142856,0,0.0,1.0
743,59,108585.35,1,1,1,0,1,0.5651712694782682,0.09322033898305085,1,1.0,0.0
555,31,145875.74,1,0,0,0,0,1.0609744274276443,0.27419354838709675,1,0.0,0.0
667,36,121542.57,2,1,0,0,2,0.650507424132309,0.09722222222222222,0,0.0,1.0
790,41,109508.68,1,0,0,0,0,1.2619496002299215,0.18292682926829268,0,0.0,1.0
727,34,146407.11,1,1,0,0,1,2.03132402040549,0.07352941176470588,1,1.0,0.0
744,39,0.0,1,0,0,1,0,0.0,0.16666666666666666,0,0.0,0.0
629,35,112330.83,1,1,0,0,1,1.2343773248110317,0.24285714285714285,1,1.0,0.0
619,35,90413.12,1,1,0,0,1,4.398336074597409,0.12857142857142856,0,0.0,0.0
634,34,105302.66,1,1,0,0,1,0.854965539588573,0.25,1,0.0,0.0
608,35,0.0,2,1,0,1,2,0.0,0.18571428571428572,0,0.0,1.0
507,35,0.0,2,0,0,1,0,0.0,0.04285714285714286,0,0.0,0.0
536,35,121520.36,1,0,0,0,0,1.574517662869195,0.12857142857142856,0,1.0,0.0
730,43,103960.38,1,1,0,0,1,0.5368435696434765,0.03488372093023256,0,0.0,1.0
583,39,102945.01,1,0,0,0,0,1.9473965573959349,0.21794871794871795,1,1.0,0.0
644,24,92760.55,1,0,0,0,0,2.5840212826709195,0.3541666666666667,0,0.0,0.0
790,37,0.0,2,1,0,1,2,0.0,0.22972972972972974,1,0.0,1.0
807,40,134590.21,1,1,0,0,1,2.909766045143569,0.0375,0,1.0,0.0
581,37,104255.03,1,0,0,0,0,1.2037245655456732,0.28378378378378377,0,0.0,0.0
627,55,0.0,1,0,1,1,0,0.0,0.11818181818181818,0,0.0,1.0
850,41,0.0,2,0,0,1,0,0.0,0.08536585365853659,1,0.0,0.0
754,35,0.0,2,0,0,1,0,0.0,0.12857142857142856,0,0.0,0.0
551,50,121399.98,1,1,1,0,1,1.4365256709782954,0.03,1,1.0,0.0
637,35,147127.81,2,1,0,0,2,1.7357817268884415,0.24285714285714285,1,1.0,0.0
699,31,125927.51,2,0,0,0,0,0.8528064714073927,0.27419354838709675,1,0.0,1.0
542,25,0.0,2,1,0,1,2,0.0,0.3,0,0.0,0.0
640,48,111599.32,1,1,0,0,1,0.8206038710679343,0.03125,1,1.0,0.0
553,27,0.0,2,0,0,1,0,0.0,0.12962962962962962,0,0.0,0.0
741,38,0.0,2,0,0,1,0,0.0,0.25,1,0.0,0.0
598,35,114212.6,1,1,0,0,1,1.536688425047949,0.24285714285714285,1,0.0,0.0
660,42,0.0,3,1,1,1,3,0.0,0.13095238095238096,0,0.0,1.0
618,41,115251.64,1,0,0,0,0,0.8447257795278764,0.10975609756097561,1,0.0,1.0
647,43,0.0,2,1,0,1,2,0.0,0.22093023255813954,1,0.0,0.0
491,68,107571.61,1,1,0,0,1,0.946125398746264,0.051470588235294115,0,0.0,0.0
652,32,0.0,2,0,0,1,0,0.0,0.078125,0,0.0,0.0
650,45,152367.21,3,0,1,0,0,1.0101500826625118,0.2111111111111111,0,1.0,0.0
413,39,130969.77,2,1,0,0,2,0.8242650280103961,0.038461538461538464,1,1.0,0.0
416,25,97738.97,2,1,0,0,2,0.6088732468156074,0.02,0,1.0,0.0
629,34,0.0,2,1,0,1,2,0.0,0.25,1,0.0,1.0
678,40,113794.22,1,0,0,0,0,6.84692318059948,0.1125,0,0.0,1.0
527,28,128396.33,2,0,0,0,0,1.6065411868749842,0.23214285714285715,1,0.0,1.0
743,48,118207.69,2,0,1,0,0,0.6338549051440467,0.11458333333333333,0,0.0,1.0
683,73,124730.26,1,1,0,0,1,2.3986357823482467,0.13013698630136986,1,1.0,0.0
536,41,0.0,1,0,0,1,0,0.0,0.23170731707317074,0,0.0,0.0
663,52,136298.65,1,0,1,0,0,0.9426280980647231,0.009615384615384616,1,0.0,1.0
646,38,0.0,2,0,0,1,0,0.0,0.06578947368421052,0,0.0,0.0
707,35,0.0,3,1,0,1,3,0.0,0.07142857142857142,1,0.0,0.0
602,34,0.0,2,1,0,1,2,0.0,0.16176470588235295,1,0.0,0.0
635,47,125724.95,2,0,0,0,0,1.9881243816017495,0.05319148936170213,0,0.0,0.0
597,67,0.0,2,1,0,1,2,0.0,0.03731343283582089,1,0.0,0.0
503,38,0.0,2,1,0,1,2,0.0,0.039473684210526314,1,0.0,0.0
524,64,0.0,1,0,1,1,0,0.0,0.0859375,0,0.0,1.0
700,46,95872.86,1,0,1,0,0,0.9755667851550985,0.11956521739130435,1,0.0,0.0
692,33,0.0,1,0,1,1,0,0.0,0.2878787878787879,1,0.0,0.0
562,37,0.0,1,1,1,1,1,0.0,0.06756756756756757,1,0.0,0.0
679,37,74260.03,1,0,0,0,0,0.38156622750771785,0.20270270270270271,1,0.0,0.0
603,35,123407.69,1,0,1,0,0,0.8090032252568441,0.04285714285714286,1,1.0,0.0
720,33,123783.91,2,1,0,0,2,0.8662005883092226,0.10606060606060606,1,0.0,1.0
797,24,0.0,2,0,0,1,0,0.0,0.22916666666666666,1,0.0,0.0
594,36,153880.15,1,0,0,0,0,1.1362110278815931,0.18055555555555555,1,0.0,0.0
529,31,0.0,2,1,0,1,2,0.0,0.24193548387096775,0,0.0,0.0
606,32,106301.85,2,1,0,0,2,1.7998273008563,0.046875,0,1.0,0.0
621,40,0.0,2,1,1,1,2,0.0,0.1875,0,0.0,1.0
513,43,0.0,2,0,0,1,0,0.0,0.22093023255813954,0,0.0,0.0
753,44,138076.47,1,0,1,0,0,8.89433583546604,0.07954545454545454,1,1.0,0.0
605,30,135422.31,1,1,0,0,1,0.7264371793025259,0.31666666666666665,0,0.0,0.0
574,37,0.0,2,0,0,1,0,0.0,0.20270270270270271,0,0.0,1.0
726,38,126875.62,1,0,0,0,0,0.9908032819773706,0.14473684210526316,0,0.0,0.0
611,28,96381.68,2,0,0,0,0,0.5312618561022033,0.125,0,0.0,1.0
593,41,119703.1,2,1,0,0,2,1.0903481727667959,0.10975609756097561,0,1.0,0.0
466,41,152102.18,2,0,0,0,0,0.8362750807452979,0.06097560975609756,1,1.0,0.0
741,36,127675.39,2,0,0,0,0,1.719275459742347,0.013888888888888888,0,1.0,0.0
684,44,133776.86,2,1,0,0,2,2.6827247561667216,0.056818181818181816,0,1.0,0.0
550,33,72788.03,1,1,0,0,1,0.7025257250669005,0.2878787878787879,0,0.0,1.0
593,26,76226.9,1,0,0,0,0,0.45490721198392364,0.36538461538461536,1,0.0,1.0
601,48,163630.76,1,1,1,0,1,3.912974212464689,0.19791666666666666,1,1.0,0.0
676,30,0.0,2,0,0,1,0,0.0,0.18333333333333332,0,0.0,1.0
556,46,0.0,2,0,0,1,0,0.0,0.22826086956521738,0,0.0,0.0
719,36,155423.17,1,1,0,0,1,0.7777290115527082,0.09722222222222222,1,0.0,0.0
850,55,98710.89,1,1,1,0,1,1.180495698482758,0.00909090909090909,1,1.0,0.0
649,49,0.0,1,0,1,1,0,0.0,0.05102040816326531,0,0.0,1.0
509,41,126683.8,1,1,0,0,1,1.1037430736057277,0.18292682926829268,1,0.0,1.0
684,33,140700.61,1,0,0,0,0,1.3586526048502046,0.13636363636363635,1,0.0,0.0
806,30,168078.83,1,0,1,0,0,1.9767152193077777,0.2833333333333333,1,1.0,0.0
729,44,107726.93,2,0,0,0,0,0.7037945820319056,0.10227272727272728,1,0.0,1.0
683,33,0.0,2,1,0,1,2,0.0,0.2878787878787879,0,0.0,0.0
689,63,0.0,2,1,0,1,2,0.0,0.023809523809523808,0,0.0,1.0
672,21,35741.69,1,0,0,0,0,1.2414214332703275,0.07142857142857142,0,1.0,0.0
602,53,98268.84,1,1,1,0,1,2.18184700513707,0.10377358490566038,0,1.0,0.0
739,20,133800.98,1,1,0,0,1,0.8905412367823318,0.225,0,0.0,0.0
618,21,125682.79,1,0,0,0,0,2.1758355694821945,0.11904761904761904,0,0.0,0.0
674,42,0.0,2,0,0,1,0,0.0,0.2261904761904762,0,0.0,0.0
762,26,130428.78,1,0,0,0,0,0.7523280829459419,0.25,1,0.0,0.0
790,37,0.0,2,1,0,1,2,0.0,0.17567567567567569,1,0.0,1.0
754,27,0.0,2,0,0,1,0,0.0,0.3148148148148148,0,0.0,1.0
729,44,0.0,2,0,0,1,0,0.0,0.14772727272727273,1,0.0,0.0
606,47,137138.2,2,1,0,0,2,2.549737641679257,0.010638297872340425,0,1.0,0.0
616,23,73112.95,1,1,0,0,1,1.165442849616755,0.3695652173913043,1,0.0,0.0
772,47,152347.01,1,1,0,0,1,8.620432665375795,0.20212765957446807,1,0.0,0.0
652,41,115144.68,1,0,0,0,0,0.6095328782614758,0.2073170731707317,1,0.0,1.0
743,43,0.0,2,0,1,1,0,0.0,0.12790697674418605,1,0.0,0.0
793,39,137817.52,1,0,0,0,0,1.6407083959185602,0.08974358974358974,1,0.0,0.0
743,45,157332.26,1,0,0,0,0,1.2543889428474708,0.16666666666666666,1,0.0,1.0
746,37,0.0,2,0,0,1,0,0.0,0.06756756756756757,1,0.0,0.0
627,39,124586.93,1,0,1,0,0,1.3377225472093264,0.14102564102564102,0,1.0,0.0
713,38,116980.78,2,1,0,0,2,1.5384236431175529,0.17105263157894737,1,0.0,1.0
678,40,128398.38,1,0,0,0,0,0.7612884673421508,0.0875,0,0.0,1.0
540,39,0.0,1,1,0,1,1,0.0,0.038461538461538464,1,0.0,1.0
615,33,137657.25,2,1,0,0,2,0.8019247160220431,0.10606060606060606,0,1.0,0.0
415,53,167259.44,1,1,0,0,1,7.480882448313262,0.10377358490566038,1,0.0,1.0
628,45,0.0,2,0,0,1,0,0.0,0.18888888888888888,0,0.0,0.0
700,26,119009.57,1,0,0,0,0,0.8385240964343539,0.17307692307692307,1,0.0,0.0
623,33,80002.33,1,1,0,0,1,0.7686573158384338,0.07575757575757576,1,1.0,0.0
623,37,140211.88,1,1,0,0,1,1.4942652040591546,0.12162162162162163,0,0.0,0.0
679,44,118742.74,2,0,0,0,0,35.476218007762185,0.07954545454545454,0,0.0,0.0
632,37,138207.08,1,0,1,0,0,2.2739240505496046,0.04054054054054054,1,0.0,1.0
790,47,148636.21,1,1,1,0,1,9.22005947536623,0.22340425531914893,0,0.0,0.0
514,45,178827.79,1,0,0,0,0,2.9618930843256397,0.03333333333333333,1,0.0,0.0
491,33,83134.3,1,0,0,0,0,0.4423271279673505,0.16666666666666666,1,0.0,0.0
753,92,121513.31,1,1,0,0,1,0.6213449043205536,0.03804347826086957,1,0.0,0.0
693,37,95900.04,1,1,0,0,1,2.51065364932126,0.17567567567567569,0,1.0,0.0
679,30,112543.42,1,1,0,0,1,0.6272057351189039,0.05,0,0.0,0.0
529,34,0.0,1,1,0,1,1,0.0,0.27941176470588236,1,0.0,1.0
619,31,141751.82,1,1,0,0,1,2.3036767671777323,0.11290322580645161,0,0.0,1.0
680,37,124140.57,2,0,0,0,0,1.3373275225458876,0.17567567567567569,0,0.0,1.0
693,45,116546.59,2,0,1,0,0,5.03630698042632,0.05555555555555555,1,1.0,0.0
834,28,0.0,1,0,0,1,0,0.0,0.23214285714285715,0,0.0,0.0
636,29,157576.47,2,1,0,0,2,1.5585676207296313,0.22413793103448276,0,0.0,1.0
538,43,0.0,2,0,0,1,0,0.0,0.12790697674418605,1,0.0,1.0
566,44,141428.99,2,0,0,0,0,2.067380902193167,0.125,0,1.0,0.0
597,35,127510.99,1,1,0,0,1,0.8207593538869808,0.014285714285714285,1,0.0,1.0
711,29,0.0,2,1,0,1,2,0.0,0.3275862068965517,0,0.0,0.0
606,31,0.0,2,0,0,1,0,0.0,0.3387096774193548,1,0.0,0.0
615,51,81818.49,1,1,0,0,1,0.4837026674134578,0.12745098039215685,1,0.0,1.0
589,36,100895.54,1,1,0,0,1,1.4820984268497008,0.041666666666666664,1,0.0,0.0
606,45,63832.43,1,1,0,0,1,0.6811786086258708,0.12222222222222222,1,1.0,0.0
582,29,0.0,2,0,0,1,0,0.0,0.15517241379310345,1,0.0,0.0
710,36,116085.06,1,0,0,0,0,1.9808854929840154,0.125,0,0.0,0.0
467,57,0.0,2,1,0,1,2,0.0,0.02631578947368421,1,0.0,0.0
749,30,0.0,2,1,0,1,2,0.0,0.05,1,0.0,0.0
564,33,115761.51,1,1,1,0,1,1.030353923202073,0.07575757575757576,0,1.0,0.0
730,26,0.0,2,1,0,1,2,0.0,0.25,1,0.0,1.0
678,32,139626.01,1,1,1,0,1,1.1809042586842036,0.140625,1,1.0,0.0
540,31,0.0,1,1,1,1,1,0.0,0.24193548387096775,0,0.0,0.0
767,35,115576.44,1,1,0,0,1,4.139045855723415,0.18571428571428572,0,0.0,0.0
615,23,0.0,2,0,0,1,0,0.0,0.1956521739130435,0,0.0,0.0
583,41,77647.6,1,0,0,0,0,0.4077476656577948,0.13414634146341464,0,1.0,0.0
850,40,0.0,2,0,0,1,0,0.0,0.1375,0,0.0,0.0
651,34,148962.46,1,0,1,0,0,2.2437339236995455,0.3088235294117647,0,1.0,0.0
798,22,0.0,2,0,0,1,0,0.0,0.38636363636363635,1,0.0,0.0
695,37,0.0,2,1,0,1,2,0.0,0.06756756756756757,1,0.0,0.0
497,41,80542.81,1,0,1,0,0,0.9077269277592234,0.13414634146341464,1,1.0,0.0
739,40,0.0,2,0,0,1,0,0.0,0.1125,1,0.0,0.0
549,34,0.0,2,0,0,1,0,0.0,0.1323529411764706,0,0.0,0.0
850,35,102050.47,1,1,0,0,1,27.063993253259998,0.2714285714285714,1,0.0,0.0
648,49,0.0,1,0,1,1,0,0.0,0.11224489795918367,1,0.0,1.0
679,24,114948.76,2,1,0,0,2,0.8466479707297492,0.2708333333333333,0,0.0,0.0
606,39,136000.45,2,0,0,0,0,4.288945626125648,0.21794871794871795,1,1.0,0.0
850,32,156001.68,2,1,0,0,2,1.028503548068277,0.140625,1,0.0,0.0
619,41,147974.16,2,0,0,0,0,0.8677827089084009,0.08536585365853659,1,1.0,0.0
719,44,0.0,2,0,0,1,0,0.0,0.056818181818181816,1,0.0,1.0
640,26,90402.77,1,1,0,0,1,27.39768460291243,0.21153846153846154,1,1.0,0.0
710,40,0.0,2,0,0,1,0,0.0,0.1375,1,0.0,0.0
580,31,0.0,2,1,0,1,2,0.0,0.08064516129032258,1,0.0,0.0
550,44,0.0,2,0,0,1,0,0.0,0.2159090909090909,1,0.0,0.0
841,31,162701.65,2,1,0,0,2,1.2831809725829517,0.11290322580645161,0,0.0,0.0
760,34,0.0,2,0,0,1,0,0.0,0.07352941176470588,1,0.0,0.0
687,30,0.0,2,0,0,1,0,0.0,0.21666666666666667,0,0.0,0.0
753,35,82453.96,2,0,0,0,0,4.516602166440711,0.15714285714285714,0,1.0,0.0
661,35,100107.99,1,0,0,0,0,1.1924619312196163,0.2714285714285714,1,0.0,0.0
699,28,0.0,2,1,0,1,2,0.0,0.26785714285714285,1,0.0,0.0
617,39,83348.89,3,0,1,0,0,10.478047977150386,0.14102564102564102,0,1.0,0.0
595,44,96553.52,2,0,1,0,0,0.6707283559578097,0.10227272727272728,0,1.0,0.0
669,50,201009.64,1,0,1,0,0,1.2719432272271387,0.19,1,0.0,0.0
613,27,125167.74,1,0,0,0,0,0.6286502754921109,0.2037037037037037,0,0.0,0.0
782,32,0.0,1,1,0,1,1,0.0,0.296875,1,0.0,0.0
582,43,153313.67,1,0,0,0,0,0.8988591603903104,0.12790697674418605,0,0.0,0.0
679,30,0.0,2,0,0,1,0,0.0,0.31666666666666665,1,0.0,0.0
611,40,125879.29,1,0,0,0,0,1.3505719631566868,0.0625,0,0.0,0.0
455,37,170057.62,1,1,0,0,1,3.126084475683259,0.17567567567567569,0,1.0,0.0
621,32,0.0,2,1,0,1,2,0.0,0.046875,1,0.0,0.0
596,48,131326.47,1,0,1,0,0,35.476218007762185,0.052083333333333336,1,1.0,0.0
585,56,128472.8,1,0,1,0,0,0.688943800367561,0.026785714285714284,0,0.0,1.0
742,32,160485.16,1,0,0,0,0,5.529389268134026,0.203125,1,0.0,0.0
850,42,84445.68,3,1,1,0,3,1.4069041626834276,0.15476190476190477,1,1.0,0.0
738,40,115409.18,2,0,0,0,0,0.6395355590060391,0.0375,0,1.0,0.0
619,46,62400.48,1,1,1,0,1,0.4709491870113515,0.18478260869565216,1,0.0,1.0
628,50,143054.56,1,1,1,0,1,1.305125517506143,0.09,0,0.0,0.0
487,24,133628.09,2,1,0,0,2,1.3556530464687335,0.3125,1,0.0,0.0
513,41,107135.04,2,1,0,0,2,0.667310214205658,0.23170731707317074,0,0.0,1.0
563,26,0.0,2,0,0,1,0,0.0,0.28846153846153844,1,0.0,1.0
803,65,151659.52,2,1,0,0,2,21.88079646004931,0.038461538461538464,0,0.0,0.0
607,32,0.0,3,1,0,1,3,0.0,0.234375,0,0.0,1.0
628,51,155903.82,2,1,0,0,2,2.1908653692114934,0.18627450980392157,0,1.0,0.0
521,49,82940.25,2,0,1,0,0,1.3288723156868145,0.09183673469387756,0,0.0,1.0
669,50,112650.89,1,0,1,0,0,0.6770405202995758,0.09,0,1.0,0.0
686,41,0.0,1,0,0,1,0,0.0,0.25609756097560976,0,0.0,0.0
700,35,95853.39,2,0,0,0,0,0.49681863319635583,0.12857142857142856,1,1.0,0.0
663,42,82228.67,2,0,0,0,0,1.1522950001387318,0.03571428571428571,0,0.0,0.0
671,31,0.0,2,1,0,1,2,0.0,0.14516129032258066,0,0.0,1.0
651,35,163700.78,3,1,1,0,3,5.533333017852604,0.04285714285714286,0,1.0,0.0
728,34,106328.08,1,0,0,0,0,1.198986261532121,0.1323529411764706,1,0.0,0.0
574,34,152992.91,1,1,0,0,1,1.1358705997823184,0.22058823529411764,0,0.0,0.0
464,38,116439.65,1,0,0,0,0,1.5407067212805,0.09210526315789473,1,0.0,0.0
604,27,101352.78,1,0,0,0,0,3.3501396541864854,0.35185185185185186,1,0.0,1.0
836,37,0.0,2,0,0,1,0,0.0,0.28378378378378377,0,0.0,1.0
511,75,105609.17,1,1,0,0,1,1.001735716877914,0.12666666666666668,0,1.0,0.0
518,45,0.0,2,1,0,1,2,0.0,0.18888888888888888,0,0.0,0.0
756,67,0.0,3,1,0,1,3,0.0,0.06716417910447761,1,0.0,0.0
489,47,103894.38,2,1,0,0,2,0.9653237688947495,0.18085106382978725,0,0.0,0.0
622,27,139834.93,1,1,0,0,1,0.9155401886235685,0.35185185185185186,1,0.0,1.0
652,36,112518.71,2,1,0,0,2,1.0189852938233226,0.18055555555555555,0,0.0,0.0
625,37,115895.42,1,0,0,0,0,2.3902246466854686,0.20270270270270271,0,0.0,0.0
521,39,146408.68,1,0,0,0,0,2.0057448030109595,0.08974358974358974,0,0.0,1.0
546,34,165363.31,2,1,1,0,2,6.423090891364697,0.1323529411764706,1,0.0,0.0
697,45,0.0,2,0,1,1,0,0.0,0.03333333333333333,0,0.0,0.0
571,33,71843.15,1,0,0,0,0,2.6834139866074227,0.10606060606060606,1,1.0,0.0
748,35,105492.53,1,1,0,0,1,0.7030107651564526,0.15714285714285714,1,0.0,1.0
591,35,183027.25,1,1,0,0,1,3.2666060322553414,0.21428571428571427,1,0.0,0.0
814,29,131968.57,2,1,0,0,2,0.8935213885487734,0.05172413793103448,1,1.0,0.0
709,45,104118.5,1,1,0,0,1,0.5982687191509656,0.07777777777777778,0,0.0,0.0
433,27,0.0,2,1,0,1,2,0.0,0.09259259259259259,1,0.0,1.0
781,20,125023.1,2,1,0,0,2,1.154388474129625,0.025,1,0.0,0.0
656,30,74323.2,1,1,0,0,1,3.2412970212053334,0.15,0,0.0,0.0
683,38,109346.13,2,0,0,0,0,1.0650570797292838,0.19736842105263158,1,0.0,0.0
620,32,0.0,2,0,0,1,0,0.0,0.203125,1,0.0,0.0
637,39,109698.41,1,1,1,0,1,1.2410404798880084,0.08974358974358974,0,1.0,0.0
525,30,0.0,2,1,0,1,2,0.0,0.18333333333333332,0,0.0,1.0
793,34,127758.09,1,0,0,0,0,0.8911819589038716,0.16176470588235295,0,1.0,0.0
638,50,102645.48,1,0,1,0,0,0.6096749971400736,0.03,1,1.0,0.0
520,31,93249.4,1,0,0,0,0,1.2057579352636358,0.14516129032258066,1,0.0,0.0
641,35,0.0,2,0,0,1,0,0.0,0.15714285714285714,1,0.0,0.0
840,51,87779.83,1,1,1,0,1,2.3925961299178398,0.029411764705882353,0,1.0,0.0
504,40,0.0,2,0,0,1,0,0.0,0.1375,1,0.0,1.0
686,38,138131.34,1,1,0,0,1,1.1915182458896123,0.013157894736842105,1,0.0,0.0
533,38,70362.52,2,1,0,0,2,0.6753259367508311,0.11842105263157894,1,1.0,0.0
577,32,0.0,2,0,0,1,0,0.0,0.046875,0,0.0,0.0
445,48,168286.58,1,0,1,0,0,10.109263238454066,0.15625,0,1.0,0.0
720,44,86102.27,1,0,1,0,0,0.47798511878921623,0.07954545454545454,1,0.0,0.0
643,25,115142.9,1,1,0,0,1,0.7774675143374457,0.18,1,1.0,0.0
652,47,126597.89,2,1,1,0,2,3.26284987624933,0.010638297872340425,0,1.0,0.0
663,33,0.0,2,0,0,1,0,0.0,0.07575757575757576,0,0.0,0.0
525,30,157989.21,2,1,0,0,2,1.5690862735598752,0.016666666666666666,0,1.0,0.0
662,54,187997.15,1,0,1,0,0,1.6869247263932616,0.027777777777777776,0,0.0,1.0
724,54,172192.49,1,1,0,0,1,1.2577699350803169,0.1574074074074074,1,1.0,0.0
581,38,133105.47,1,0,1,0,0,1.2588722254641134,0.039473684210526314,1,1.0,0.0
685,38,0.0,2,1,0,1,2,0.0,0.11842105263157894,1,0.0,1.0
595,46,0.0,1,0,1,1,0,0.0,0.22826086956521738,1,0.0,0.0
588,21,0.0,2,1,0,1,2,0.0,0.40476190476190477,0,0.0,0.0
647,35,192407.97,1,1,0,0,1,4.792672446861826,0.1,1,1.0,0.0
785,38,107199.75,1,0,0,0,0,0.7322411803154258,0.25,0,1.0,0.0
794,55,115796.7,1,0,1,0,0,0.7213517994689503,0.11818181818181818,0,1.0,0.0
823,37,164858.18,1,1,0,0,1,0.950094258390109,0.14864864864864866,1,0.0,0.0
687,38,117633.28,1,1,0,0,1,1.3307293410680832,0.11842105263157894,1,1.0,0.0
850,28,0.0,2,0,0,1,0,0.0,0.3392857142857143,0,0.0,0.0
496,36,0.0,2,0,0,1,0,0.0,0.20833333333333334,0,0.0,0.0
527,30,126663.51,1,1,0,0,1,0.7805778075418144,0.21666666666666667,0,1.0,0.0
576,71,140273.47,1,1,1,0,1,0.7262928114219883,0.09154929577464789,0,1.0,0.0
525,60,0.0,2,1,0,1,2,0.0,0.125,0,0.0,1.0
727,21,153344.72,1,1,0,0,1,0.9390548636970201,0.40476190476190477,1,1.0,0.0
671,23,123943.18,1,1,0,0,1,0.7768089189966524,0.41304347826086957,0,1.0,0.0
625,39,0.0,1,0,0,1,0,0.0,0.14102564102564102,1,0.0,0.0
643,33,98630.31,2,1,0,0,2,2.450331686865339,0.22727272727272727,1,1.0,0.0
707,33,58036.33,1,1,0,0,1,0.6964071566000031,0.07575757575757576,0,0.0,0.0
539,28,0.0,2,0,0,1,0,0.0,0.19642857142857142,1,0.0,1.0
498,45,109200.74,2,1,0,0,2,0.6578697070162173,0.16666666666666666,1,1.0,0.0
696,30,0.0,2,1,0,1,2,0.0,0.016666666666666666,0,0.0,1.0
758,33,0.0,1,0,0,1,0,0.0,0.22727272727272727,0,0.0,0.0
685,33,0.0,2,1,0,1,2,0.0,0.19696969696969696,0,0.0,0.0
655,30,83173.98,2,1,0,0,2,0.45139318986261845,0.05,0,1.0,0.0
747,40,0.0,1,0,1,1,0,0.0,0.0875,0,0.0,0.0
601,24,0.0,2,0,0,1,0,0.0,0.3125,1,0.0,1.0
477,22,82559.42,2,0,1,0,0,0.5061458281605675,0.25,1,0.0,0.0
558,32,73494.21,1,0,0,0,0,0.5392008633762796,0.171875,1,0.0,0.0
586,29,132450.24,1,1,0,0,1,3.661108812268797,0.08620689655172414,1,0.0,1.0
850,49,128663.9,1,0,1,0,0,1.956261412826154,0.1326530612244898,1,0.0,0.0
505,36,79951.9,1,1,1,0,1,0.459166034167803,0.06944444444444445,0,0.0,0.0
591,51,132508.3,1,1,1,0,1,0.8214732426037322,0.16666666666666666,0,1.0,0.0
761,38,120530.13,2,0,0,0,0,1.1017820457528373,0.039473684210526314,0,1.0,0.0
554,35,74988.59,2,1,0,0,2,0.3943527353023013,0.3,0,0.0,0.0
774,47,94722.88,1,1,0,0,1,1.5414134878692234,0.13829787234042554,0,0.0,0.0
771,33,0.0,2,0,0,1,0,0.0,0.16666666666666666,0,0.0,1.0
792,31,71269.89,2,1,0,0,2,0.5660214129082148,0.20967741935483872,1,0.0,0.0
673,41,98612.1,1,0,0,0,0,0.6515485428345558,0.23170731707317074,0,1.0,0.0
765,40,138033.55,1,1,0,0,1,2.0306980151809273,0.1625,1,0.0,0.0
748,41,91621.69,1,1,0,0,1,1.2879011913217697,0.06097560975609756,0,0.0,0.0
422,54,140014.42,1,1,0,0,1,1.621438630757353,0.06481481481481481,1,0.0,0.0
568,27,126815.97,2,1,0,0,2,1.0688319475104409,0.2037037037037037,1,0.0,1.0
502,64,139663.37,1,1,0,0,1,1.3828589041696755,0.0546875,0,0.0,0.0
524,28,0.0,2,1,0,1,2,0.0,0.26785714285714285,0,0.0,0.0
689,34,165312.27,1,0,0,0,0,1.0631244548515295,0.04411764705882353,1,0.0,0.0
661,26,0.0,2,0,0,1,0,0.0,0.3269230769230769,1,0.0,0.0
606,33,0.0,2,1,0,1,2,0.0,0.25757575757575757,1,0.0,1.0
678,54,123699.28,2,1,0,0,2,1.1755943295918108,0.027777777777777776,0,1.0,0.0
636,29,97325.15,1,1,0,0,1,0.7377287827406674,0.1206896551724138,0,1.0,0.0
647,32,97041.16,1,1,0,0,1,4.1947908962367935,0.171875,1,0.0,0.0
732,36,0.0,2,0,0,1,0,0.0,0.1527777777777778,1,0.0,0.0
646,50,104129.24,2,0,1,0,0,0.5727811403405997,0.01,1,0.0,0.0
559,43,0.0,1,1,0,1,1,0.0,0.03488372093023256,0,0.0,0.0
581,28,104367.5,1,1,0,0,1,3.486033986054862,0.125,1,0.0,0.0
565,46,135369.71,1,1,0,0,1,0.9660210622586458,0.16304347826086957,1,0.0,0.0
657,41,112119.48,1,0,0,0,0,6.393011218041923,0.15853658536585366,0,0.0,1.0
847,66,123760.68,1,1,0,0,1,2.328159590173926,0.11363636363636363,1,0.0,0.0
558,41,0.0,1,1,1,1,1,0.0,0.15853658536585366,0,0.0,0.0
596,57,0.0,2,1,0,1,2,0.0,0.11403508771929824,1,0.0,1.0
579,39,0.0,2,1,0,1,2,0.0,0.14102564102564102,1,0.0,0.0
741,36,0.0,2,1,0,1,2,0.0,0.09722222222222222,0,0.0,0.0
613,44,0.0,2,1,0,1,2,0.0,0.07954545454545454,1,0.0,0.0
694,31,0.0,1,0,0,1,0,0.0,0.1774193548387097,1,0.0,1.0
729,42,0.0,2,0,1,1,0,0.0,0.17857142857142858,0,0.0,1.0
480,42,152160.21,2,0,0,0,0,1.4949927244966836,0.03571428571428571,0,0.0,0.0
666,59,0.0,2,1,0,1,2,0.0,0.09322033898305085,0,0.0,0.0
575,24,0.0,2,1,0,1,2,0.0,0.10416666666666667,1,0.0,0.0
850,36,0.0,2,0,0,1,0,0.0,0.09722222222222222,1,0.0,0.0
740,36,172381.8,1,1,0,0,1,1.9932843277430297,0.125,1,0.0,0.0
588,41,106116.56,2,0,0,0,0,0.5338724956244129,0.15853658536585366,1,1.0,0.0
681,36,141952.07,1,1,0,0,1,0.7667072222497082,0.1527777777777778,1,0.0,0.0
611,33,0.0,2,1,0,1,2,0.0,0.22727272727272727,0,0.0,1.0
589,37,138497.84,1,1,0,0,1,7.2933598320763275,0.17567567567567569,0,0.0,0.0
717,34,0.0,2,0,0,1,0,0.0,0.04411764705882353,0,0.0,1.0
556,33,124213.36,2,0,0,0,0,1.98333443772848,0.10606060606060606,1,1.0,0.0
850,37,126872.6,1,0,0,0,0,0.6431497765623728,0.12162162162162163,1,0.0,0.0
685,42,0.0,2,0,0,1,0,0.0,0.05952380952380952,0,0.0,1.0
713,37,0.0,1,1,0,1,1,0.0,0.22972972972972974,0,0.0,0.0
437,26,120923.52,1,1,0,0,1,1.53348102106167,0.057692307692307696,0,0.0,0.0
605,47,142643.54,1,0,0,0,0,0.7534867839616733,0.1595744680851064,1,0.0,1.0
758,41,79857.64,1,1,0,0,1,1.0226468023670887,0.25609756097560976,1,1.0,0.0
600,46,95502.21,1,0,0,0,0,4.81284804149335,0.22826086956521738,1,0.0,0.0
827,38,0.0,2,0,0,1,0,0.0,0.14473684210526316,1,0.0,0.0
608,23,197715.93,2,1,0,0,2,1.7026088548505545,0.3695652173913043,1,1.0,0.0
608,30,85859.76,1,0,0,0,0,0.6015483502669037,0.2833333333333333,0,0.0,0.0
554,44,85304.27,1,1,0,0,1,1.4688001484911892,0.17045454545454544,1,0.0,0.0
683,35,132371.3,2,0,0,0,0,0.7111973448749941,0.04285714285714286,0,1.0,0.0
660,33,0.0,1,0,0,1,0,0.0,0.13636363636363635,1,0.0,1.0
628,31,0.0,1,0,1,1,0,0.0,0.1774193548387097,0,0.0,0.0
668,39,79896.0,1,0,0,0,0,2.0769800082615433,0.11538461538461539,1,1.0,0.0
776,29,0.0,2,1,0,1,2,0.0,0.1896551724137931,0,0.0,0.0
820,36,0.0,2,0,0,1,0,0.0,0.125,1,0.0,0.0
665,36,0.0,2,1,0,1,2,0.0,0.041666666666666664,1,0.0,0.0
850,31,146587.3,1,1,0,0,1,1.6309981928398536,0.14516129032258066,1,1.0,0.0
703,42,0.0,2,1,0,1,2,0.0,0.17857142857142858,0,0.0,0.0
506,32,0.0,2,1,0,1,2,0.0,0.265625,1,0.0,1.0
588,32,109109.33,1,1,0,0,1,21.843972099764965,0.109375,1,0.0,1.0
622,26,0.0,2,1,0,1,2,0.0,0.3269230769230769,0,0.0,1.0
606,34,0.0,1,0,0,1,0,0.0,0.16176470588235295,1,0.0,0.0
517,56,142147.32,1,0,1,0,0,3.5996651222719014,0.16964285714285715,1,0.0,0.0
758,43,0.0,2,1,0,1,2,0.0,0.2441860465116279,0,0.0,1.0
677,49,0.0,2,1,0,1,2,0.0,0.07142857142857142,0,0.0,0.0
827,35,0.0,2,1,0,1,2,0.0,0.014285714285714285,0,0.0,1.0
729,36,109106.8,1,0,0,0,0,0.8993891129756862,0.2361111111111111,0,0.0,0.0
654,36,112262.84,1,0,0,0,0,8.719857018468447,0.06944444444444445,1,0.0,0.0
654,36,0.0,2,0,0,1,0,0.0,0.1527777777777778,0,0.0,1.0
619,52,0.0,2,1,0,1,2,0.0,0.16346153846153846,1,0.0,1.0
642,26,144238.7,1,1,0,0,1,0.782202307626064,0.3269230769230769,1,0.0,1.0
472,32,159397.75,1,1,0,0,1,2.7806372459230992,0.046875,0,0.0,1.0
470,30,125385.01,1,0,0,0,0,1.8359343804876878,0.15,1,0.0,1.0
633,60,69365.25,1,1,0,0,1,6.7415329023329225,0.14166666666666666,0,0.0,0.0
602,31,155271.83,1,1,0,0,1,0.8652781142275133,0.24193548387096775,1,0.0,0.0
640,29,197200.04,2,0,0,0,0,1.3940869517022492,0.1896551724137931,1,0.0,1.0
454,48,144837.79,1,1,0,0,1,1.5548414717028811,0.11458333333333333,0,0.0,1.0
562,57,0.0,3,0,1,1,0,0.0,0.06140350877192982,0,0.0,0.0
636,34,0.0,2,0,0,1,0,0.0,0.25,1,0.0,0.0
621,50,163085.79,1,1,0,0,1,1.2444607894307915,0.07,1,0.0,1.0
795,38,125903.22,2,1,0,0,2,0.9908184407450639,0.19736842105263158,1,1.0,0.0
550,22,154377.3,1,1,0,0,1,2.9847211620779497,0.29545454545454547,1,0.0,0.0
630,41,107511.52,1,1,0,0,1,2.3292131980960127,0.18292682926829268,1,0.0,1.0
573,30,127406.5,1,0,0,0,0,0.660302894611913,0.2833333333333333,1,1.0,0.0
561,24,143656.55,1,1,0,0,1,0.7939744810053375,0.3541666666666667,1,0.0,1.0
662,39,138106.75,1,0,0,0,0,7.0470789218955465,0.14102564102564102,0,0.0,0.0
637,27,128940.24,1,0,0,0,0,2.7558446710176474,0.35185185185185186,1,0.0,0.0
651,37,114453.58,1,1,0,0,1,0.6509631251304232,0.25675675675675674,1,1.0,0.0
646,33,0.0,2,0,0,1,0,0.0,0.07575757575757576,0,0.0,0.0
567,48,0.0,1,0,0,1,0,0.0,0.07291666666666667,0,0.0,0.0
638,41,131762.94,1,1,0,0,1,2.7636995244386675,0.036585365853658534,1,0.0,0.0
725,31,0.0,1,0,0,1,0,0.0,0.20967741935483872,0,0.0,0.0
709,41,150300.65,2,0,0,0,0,2.097007891021915,0.08536585365853659,0,0.0,0.0
787,39,108935.39,1,1,0,0,1,1.0767633066552798,0.2692307692307692,1,0.0,1.0
653,37,135847.47,1,0,0,0,0,0.9376433798004042,0.20270270270270271,1,0.0,0.0
661,37,109908.06,2,0,1,0,0,0.9554009968995643,0.20270270270270271,1,1.0,0.0
681,49,142946.18,1,0,1,0,0,0.7632690488238801,0.17346938775510204,1,1.0,0.0
436,45,104339.11,2,1,1,0,2,0.5684778056940016,0.07777777777777778,1,1.0,0.0
663,33,157274.36,2,1,0,0,2,5.512052966392023,0.16666666666666666,1,0.0,0.0
662,64,98848.19,1,1,0,0,1,2.313259984760521,0.0078125,1,0.0,0.0
607,39,105103.33,1,0,1,0,0,1.0036365632982407,0.21794871794871795,0,1.0,0.0
754,34,0.0,2,1,0,1,2,0.0,0.22058823529411764,1,0.0,0.0
850,66,127120.62,1,1,1,0,1,1.0688634989267694,0.007575757575757576,0,1.0,0.0
578,39,0.0,2,0,0,1,0,0.0,0.0641025641025641,1,0.0,0.0
666,36,129118.5,2,0,0,0,0,0.9260046822874877,0.09722222222222222,0,1.0,0.0
599,43,0.0,1,0,0,1,0,0.0,0.10465116279069768,0,0.0,0.0
586,46,0.0,3,1,1,1,3,0.0,0.010869565217391304,0,0.0,0.0
825,36,146053.66,1,1,0,0,1,1.055715211965388,0.09722222222222222,0,0.0,0.0
808,67,124577.15,1,1,0,0,1,0.7332579339993902,0.15671641791044777,0,0.0,1.0
515,29,151012.55,2,0,0,0,0,15.453644454495869,0.15517241379310345,1,0.0,1.0
663,58,216109.88,1,1,1,0,1,2.9134072755818425,0.09482758620689655,0,0.0,1.0
444,34,144318.97,1,0,0,0,0,1.2809103936786195,0.07352941176470588,1,0.0,0.0
650,39,0.0,2,0,0,1,0,0.0,0.11538461538461539,0,0.0,0.0
609,26,0.0,2,0,0,1,0,0.0,0.28846153846153844,1,0.0,0.0
824,77,27517.15,2,1,0,0,2,10.015669303089092,0.045454545454545456,1,1.0,0.0
662,29,147092.65,1,0,0,0,0,13.458560932539138,0.1896551724137931,1,0.0,0.0
699,51,92246.14,2,1,0,0,2,1.0098427940131167,0.049019607843137254,0,1.0,0.0
752,41,0.0,2,0,1,1,0,0.0,0.2073170731707317,0,0.0,0.0
603,40,148897.02,1,0,0,0,0,1.4173392896408414,0.2125,0,1.0,0.0
628,50,0.0,1,0,1,1,0,0.0,0.17,1,0.0,1.0
745,36,0.0,1,0,1,1,0,0.0,0.2638888888888889,0,0.0,0.0
804,33,138335.96,1,1,0,0,1,1.718784525169734,0.3181818181818182,0,1.0,0.0
454,50,92895.56,1,0,1,0,0,0.6018695778936797,0.21,0,1.0,0.0
631,46,160736.63,1,1,0,0,1,1.7190344329580696,0.20652173913043478,1,0.0,1.0
503,32,0.0,2,1,0,1,2,0.0,0.140625,1,0.0,0.0
548,37,0.0,2,0,0,1,0,0.0,0.25675675675675674,0,0.0,0.0
668,28,107141.27,1,0,0,0,0,0.5550794268626764,0.16071428571428573,1,0.0,0.0
619,55,0.0,3,0,1,1,0,0.0,0.00909090909090909,0,0.0,0.0
842,37,132446.08,2,0,1,0,0,1.5211067415562582,0.12162162162162163,0,0.0,0.0
707,57,92053.0,1,1,1,0,1,0.5610748979187816,0.02631578947368421,0,0.0,0.0
715,38,96798.79,2,1,0,0,2,21.24798108730439,0.06578947368421052,1,0.0,1.0
573,35,134498.54,2,1,0,0,2,1.121514636550267,0.2714285714285714,1,1.0,0.0
509,55,132387.91,2,1,0,0,2,0.7771017105958045,0.15454545454545454,1,0.0,0.0
670,40,147171.2,1,1,0,0,1,2.1069292597504634,0.0625,0,1.0,0.0
613,44,100524.69,1,1,0,0,1,2.125259963276917,0.2159090909090909,1,0.0,1.0
678,26,0.0,2,0,0,1,0,0.0,0.057692307692307696,0,0.0,0.0
555,51,138214.5,1,0,1,0,0,0.6955369079743697,0.18627450980392157,0,1.0,0.0
777,30,0.0,2,1,0,1,2,0.0,0.15,0,0.0,0.0
552,55,0.0,1,1,0,1,1,0.0,0.06363636363636363,1,0.0,1.0
640,39,0.0,1,1,0,1,1,0.0,0.08974358974358974,1,0.0,1.0
541,34,128743.55,1,0,0,0,0,0.9547017132544895,0.10294117647058823,1,0.0,0.0
756,31,122647.32,1,0,0,0,0,1.9888366502686083,0.3387096774193548,1,0.0,0.0
684,24,79263.9,1,1,0,0,1,0.4032237387898022,0.3958333333333333,0,0.0,1.0
618,42,0.0,4,0,1,1,0,0.0,0.05952380952380952,0,0.0,0.0
604,53,121389.78,1,1,1,0,1,2.518322232973132,0.04716981132075472,0,0.0,0.0
624,38,123906.55,1,0,0,0,0,0.9171619992571307,0.19736842105263158,1,0.0,1.0
661,38,143006.7,1,1,0,0,1,9.136704896341593,0.19736842105263158,1,0.0,1.0
627,28,157597.61,1,1,0,0,1,4.621872050799132,0.125,0,0.0,1.0
812,38,127117.8,2,1,0,0,2,0.7271197836174882,0.09210526315789473,1,0.0,1.0
473,39,117103.26,2,1,1,0,2,1.3626399430662757,0.24358974358974358,0,0.0,0.0
717,36,102989.83,2,1,0,0,2,2.09386078354315,0.06944444444444445,1,0.0,1.0
693,28,145118.83,1,1,0,0,1,1.8666390630301897,0.05357142857142857,1,0.0,1.0
705,92,126076.24,2,1,0,0,2,3.6609809619247207,0.016304347826086956,1,0.0,0.0
661,41,0.0,1,1,0,1,1,0.0,0.13414634146341464,1,0.0,0.0
573,27,0.0,2,1,0,1,2,0.0,0.16666666666666666,0,0.0,0.0
639,37,98186.7,1,1,0,0,1,0.5662832970803334,0.14864864864864866,1,0.0,0.0
718,67,0.0,3,1,0,1,3,0.0,0.11194029850746269,0,0.0,0.0
570,37,0.0,1,1,0,1,1,0.0,0.17567567567567569,1,0.0,0.0
461,40,0.0,2,0,0,1,0,0.0,0.1875,0,0.0,0.0
638,33,129335.65,1,1,1,0,1,2.2856394315221733,0.16666666666666666,0,1.0,0.0
608,48,75801.74,1,0,0,0,0,0.6027302736595026,0.15625,1,0.0,1.0
599,42,0.0,2,0,0,1,0,0.0,0.15476190476190477,1,0.0,1.0
762,44,159316.64,1,0,0,0,0,6.428949769441507,0.17045454545454544,0,0.0,0.0
662,38,96479.81,1,0,0,0,0,0.8022574511428989,0.06578947368421052,0,0.0,0.0
747,29,117726.33,1,1,0,0,1,0.6711902678767206,0.25862068965517243,1,1.0,0.0
539,39,0.0,2,1,0,1,2,0.0,0.16666666666666666,1,0.0,0.0
625,43,122351.29,1,0,0,0,0,1.7179923221226212,0.10465116279069768,1,0.0,0.0
656,48,0.0,2,1,1,1,2,0.0,0.19791666666666666,0,0.0,0.0
469,48,0.0,1,0,1,1,0,0.0,0.11458333333333333,0,0.0,0.0
621,43,0.0,1,0,0,1,0,0.0,0.19767441860465115,0,0.0,1.0
754,27,0.0,2,0,0,1,0,0.0,0.2777777777777778,0,0.0,0.0
679,50,132598.38,2,1,0,0,2,0.7205690413021526,0.13,0,1.0,0.0
535,38,119272.29,1,0,1,0,0,0.6088502160746336,0.06578947368421052,1,0.0,0.0
487,37,0.0,2,1,0,1,2,0.0,0.06756756756756757,1,0.0,0.0
850,42,0.0,2,1,0,1,2,0.0,0.08333333333333333,0,0.0,0.0
585,55,106415.57,3,1,1,0,3,0.8654347465777634,0.19090909090909092,1,0.0,0.0
603,31,0.0,2,1,0,1,2,0.0,0.14516129032258066,1,0.0,0.0
728,32,127772.1,2,1,0,0,2,0.8370568002197001,0.296875,0,1.0,0.0
621,41,104631.67,1,1,0,0,1,1.0950208168894453,0.13414634146341464,1,0.0,1.0
833,30,0.0,2,0,0,1,0,0.0,0.05,1,0.0,0.0
502,37,0.0,1,1,0,1,1,0.0,0.28378378378378377,1,0.0,0.0
825,37,118050.79,1,1,0,0,1,2.257092490461673,0.17567567567567569,1,1.0,0.0
668,46,0.0,2,0,0,1,0,0.0,0.010869565217391304,1,0.0,0.0
487,40,136093.74,1,1,0,0,1,0.7036561764335896,0.1625,0,0.0,1.0
600,39,88477.36,2,0,0,0,0,1.508993257593756,0.19230769230769232,0,1.0,0.0
606,34,161572.24,1,1,0,0,1,0.8455860934129144,0.10294117647058823,1,0.0,1.0
623,50,126608.37,1,1,1,0,1,35.476218007762185,0.15,1,1.0,0.0
575,54,68332.96,1,1,0,0,1,0.47324698260115283,0.17592592592592593,0,0.0,0.0
577,48,179852.26,1,0,0,0,0,0.9290785908475053,0.13541666666666666,1,0.0,1.0
651,25,0.0,2,1,0,1,2,0.0,0.34,0,0.0,0.0
693,46,104763.41,1,1,0,0,1,1.6797263975739358,0.05434782608695652,1,1.0,0.0
800,60,88541.57,2,1,0,0,2,0.6721998294552834,0.10833333333333334,1,0.0,0.0
760,38,162888.73,1,0,1,0,0,1.7880258960067514,0.17105263157894737,1,0.0,0.0
711,35,0.0,1,1,0,1,1,0.0,0.24285714285714285,0,0.0,0.0
637,43,0.0,1,0,1,1,0,0.0,0.19767441860465115,1,0.0,1.0
662,32,0.0,2,0,0,1,0,0.0,0.296875,1,0.0,0.0
568,44,0.0,2,0,1,1,0,0.0,0.17045454545454544,0,0.0,0.0
692,30,0.0,2,1,0,1,2,0.0,0.25,0,0.0,0.0
614,35,0.0,2,1,0,1,2,0.0,0.04285714285714286,0,0.0,0.0
478,35,92474.05,1,0,0,0,0,0.5176933708871785,0.04285714285714286,1,0.0,0.0
562,36,0.0,2,0,0,1,0,0.0,0.18055555555555555,1,0.0,0.0
709,30,115479.48,2,1,0,0,2,0.8570924085303196,0.31666666666666665,1,1.0,0.0
684,26,87098.91,1,0,0,0,0,0.8209379885278371,0.21153846153846154,0,0.0,0.0
546,42,86351.85,2,0,0,0,0,1.5048823541815926,0.2261904761904762,0,1.0,0.0
779,42,0.0,2,0,0,1,0,0.0,0.13095238095238096,0,0.0,0.0
576,63,148843.56,1,0,1,0,0,2.1442524129825875,0.05555555555555555,1,1.0,0.0
481,44,163714.52,1,0,0,0,0,1.7031469116372977,0.07954545454545454,1,1.0,0.0
445,25,0.0,2,0,0,1,0,0.0,0.26,1,0.0,0.0
606,36,94153.56,1,1,0,0,1,0.78370344684132,0.013888888888888888,1,0.0,1.0
559,50,162702.35,1,0,1,0,0,1.080723283704031,0.11,1,0.0,0.0
608,56,129255.2,2,0,1,0,0,0.90709833968031,0.1875,0,0.0,0.0
698,41,90605.29,1,1,0,0,1,6.310439476250174,0.08536585365853659,1,0.0,0.0
568,39,0.0,2,1,0,1,2,0.0,0.14102564102564102,1,0.0,1.0
528,29,102787.42,1,0,0,0,0,1.8363566655399444,0.1206896551724138,1,0.0,0.0
802,39,120145.96,2,1,1,0,2,2.019327369100244,0.19230769230769232,0,0.0,0.0
669,47,63723.78,2,1,0,0,2,0.35026682075587073,0.010638297872340425,1,1.0,0.0
581,24,159203.71,1,1,1,0,1,1.552921643760468,0.4375,0,0.0,1.0
640,38,0.0,2,0,0,1,0,0.0,0.25,1,0.0,0.0
529,44,0.0,2,0,0,1,0,0.0,0.03409090909090909,0,0.0,1.0
547,51,0.0,2,1,0,1,2,0.0,0.029411764705882353,0,0.0,0.0
718,49,0.0,1,0,1,1,0,0.0,0.21428571428571427,0,0.0,0.0
707,34,162691.16,2,0,0,0,0,1.7140942021274466,0.27941176470588236,1,1.0,0.0
735,43,127806.91,1,1,0,0,1,1.7490882446686145,0.22093023255813954,1,0.0,0.0
765,43,157960.49,2,0,0,0,0,1.1563403799894294,0.22093023255813954,1,0.0,0.0
469,52,139493.25,3,0,1,0,0,0.9293706117593257,0.16346153846153846,0,1.0,0.0
594,21,87096.82,2,0,0,0,0,0.5178566894930297,0.11904761904761904,0,1.0,0.0
675,34,84944.58,1,0,0,0,0,0.5808906048575126,0.3088235294117647,0,0.0,0.0
703,50,160139.59,2,1,0,0,2,2.0190302981399504,0.17,1,0.0,0.0
810,33,0.0,2,1,0,1,2,0.0,0.19696969696969696,1,0.0,0.0
715,42,0.0,2,1,0,1,2,0.0,0.15476190476190477,1,0.0,1.0
664,40,0.0,2,0,0,1,0,0.0,0.2375,1,0.0,0.0
850,29,0.0,2,1,0,1,2,0.0,0.22413793103448276,1,0.0,0.0
724,36,94615.11,2,1,0,0,2,8.902261998963137,0.18055555555555555,1,1.0,0.0
563,30,90727.79,1,0,0,0,0,0.7420297334377473,0.25,1,0.0,0.0
714,26,119545.48,2,0,0,0,0,1.8255694449662008,0.1346153846153846,1,1.0,0.0
614,36,118311.76,1,0,0,0,0,0.8096021450750426,0.041666666666666664,1,0.0,0.0
740,33,129574.98,1,1,0,0,1,1.0508802091266132,0.045454545454545456,1,0.0,0.0
587,33,148163.57,1,0,0,0,0,1.2053030919314323,0.25757575757575757,1,0.0,0.0
465,24,117154.9,1,1,0,0,1,0.917099547207398,0.22916666666666666,1,1.0,0.0
689,40,154251.67,1,1,0,0,1,1.3036766240845838,0.1375,0,0.0,1.0
656,30,0.0,2,1,0,1,2,0.0,0.11666666666666667,1,0.0,0.0
579,33,65667.79,2,0,0,0,0,0.39892957887486524,0.045454545454545456,0,0.0,0.0
716,44,0.0,1,1,0,1,1,0.0,0.03409090909090909,0,0.0,0.0
551,42,50194.59,1,1,0,0,1,2.145014781684898,0.03571428571428571,1,0.0,0.0
527,39,96748.89,2,0,0,0,0,1.0215015072467257,0.24358974358974358,0,1.0,0.0
600,37,0.0,3,0,1,1,0,0.0,0.12162162162162163,0,0.0,0.0
685,43,132667.17,1,1,0,0,1,3.167945779619743,0.03488372093023256,0,0.0,0.0
738,36,0.0,2,1,0,1,2,0.0,0.1527777777777778,1,0.0,1.0
622,41,127087.06,1,0,1,0,0,1.2410371830528737,0.06097560975609756,1,0.0,0.0
528,34,125566.9,1,1,0,0,1,0.710363581961445,0.04411764705882353,1,0.0,0.0
546,52,106074.89,1,1,1,0,1,4.504346810647382,0.028846153846153848,0,1.0,0.0
576,46,137367.94,1,1,0,0,1,4.106528602488826,0.09782608695652174,1,1.0,0.0
733,38,157658.36,1,0,0,0,0,8.019477675598935,0.09210526315789473,0,0.0,0.0
727,45,114422.85,2,1,1,0,2,1.0930749949990342,0.14444444444444443,1,1.0,0.0
605,41,103154.66,1,0,0,0,0,0.7203297264239364,0.13414634146341464,1,0.0,1.0
586,33,0.0,1,0,0,1,0,0.0,0.2878787878787879,1,0.0,0.0
564,24,149592.14,1,1,0,0,1,0.972812747117826,0.2708333333333333,0,0.0,1.0
593,48,133903.12,2,1,1,0,2,1.5587640953401256,0.07291666666666667,0,1.0,0.0
736,26,84587.9,1,1,0,0,1,0.44984289409268596,0.019230769230769232,0,1.0,0.0
675,32,197436.82,1,1,0,0,1,3.7455976566872256,0.265625,1,0.0,1.0
656,32,104254.27,1,1,0,0,1,6.119871185656667,0.046875,0,0.0,1.0
462,39,140133.08,2,0,0,0,0,1.0672297303729585,0.11538461538461539,1,0.0,0.0
685,30,0.0,3,1,1,1,3,0.0,0.08333333333333333,0,0.0,1.0
850,36,136980.23,2,1,0,0,2,1.3833501395920953,0.013888888888888888,0,1.0,0.0
636,48,120568.41,1,0,1,0,0,0.6340331857671793,0.07291666666666667,0,1.0,0.0
850,27,43658.33,2,1,0,0,2,14.425400381299792,0.2777777777777778,0,0.0,0.0
628,37,0.0,2,1,0,1,2,0.0,0.25675675675675674,0,0.0,0.0
798,28,0.0,2,0,0,1,0,0.0,0.125,1,0.0,0.0
610,57,72092.95,4,1,1,0,4,0.6366957926807619,0.13157894736842105,0,0.0,0.0
591,42,0.0,2,0,0,1,0,0.0,0.25,0,0.0,0.0
614,37,0.0,2,1,0,1,2,0.0,0.25675675675675674,0,0.0,1.0
651,35,181821.96,2,1,1,0,2,4.9241322942087224,0.014285714285714285,1,0.0,0.0
665,25,90920.75,1,1,0,0,1,0.809929789144732,0.3,1,0.0,0.0
570,23,0.0,1,0,0,1,0,0.0,0.10869565217391304,1,0.0,0.0
631,29,0.0,2,1,0,1,2,0.0,0.1206896551724138,1,0.0,1.0
586,32,0.0,2,0,0,1,0,0.0,0.046875,1,0.0,0.0
691,30,0.0,1,0,0,1,0,0.0,0.31666666666666665,1,0.0,0.0
639,35,0.0,2,0,0,1,0,0.0,0.24285714285714285,1,0.0,0.0
698,27,94920.71,1,1,0,0,1,2.3529646091187852,0.05555555555555555,0,0.0,0.0
733,45,113939.36,2,0,0,0,0,35.38808153529355,0.05555555555555555,1,1.0,0.0
850,19,0.0,1,1,0,1,1,0.0,0.4473684210526316,1,0.0,0.0
618,31,0.0,2,0,0,1,0,0.0,0.14516129032258066,0,0.0,0.0
473,25,110666.42,2,0,0,0,0,2.3667192621294277,0.26,0,0.0,0.0
490,39,0.0,3,0,1,1,0,0.0,0.038461538461538464,1,0.0,0.0
754,48,141819.02,1,0,1,0,0,1.5159454901485843,0.15625,0,1.0,0.0
649,56,156974.26,1,0,1,0,0,1.7557412646497015,0.15178571428571427,0,0.0,0.0
578,50,151215.34,2,0,0,0,0,0.8905213850678483,0.11,1,0.0,0.0
690,26,116318.23,1,1,0,0,1,1.397148006613492,0.3269230769230769,1,0.0,1.0
610,49,113882.33,1,0,1,0,0,0.5815818017033543,0.1326530612244898,1,1.0,0.0
596,42,0.0,2,1,0,1,2,0.0,0.17857142857142858,1,0.0,0.0
492,48,127253.98,1,1,1,0,1,1.3810174801500548,0.13541666666666666,0,0.0,0.0
575,41,100062.39,1,0,0,0,0,0.7922078724073843,0.06097560975609756,1,0.0,1.0
569,66,0.0,1,0,1,1,0,0.0,0.03787878787878788,1,0.0,0.0
674,41,126605.14,1,1,0,0,1,0.7594974874311569,0.10975609756097561,0,0.0,1.0
507,31,106942.08,1,1,0,0,1,2.430385270160908,0.016129032258064516,0,0.0,0.0
457,44,0.0,2,0,0,1,0,0.0,0.17045454545454544,1,0.0,1.0
584,41,88594.93,1,0,0,0,0,0.4949468122400088,0.08536585365853659,0,1.0,0.0
744,29,123737.04,2,0,0,0,0,0.8741020001265902,0.22413793103448276,1,1.0,0.0
687,35,110752.15,2,1,0,0,2,2.311081373108341,0.04285714285714286,0,0.0,0.0
688,46,0.0,2,1,0,1,2,0.0,0.07608695652173914,0,0.0,1.0
519,34,0.0,1,0,0,1,0,0.0,0.16176470588235295,1,0.0,0.0
733,38,0.0,2,1,0,1,2,0.0,0.14473684210526316,0,0.0,1.0
666,43,0.0,2,0,0,1,0,0.0,0.12790697674418605,1,0.0,1.0
511,40,0.0,1,1,0,1,1,0.0,0.0375,0,0.0,1.0
705,54,125889.3,3,0,1,0,0,1.3111488368944275,0.06481481481481481,0,1.0,0.0
544,48,78314.63,3,1,1,0,3,0.7550950475500491,0.21875,1,0.0,0.0
564,36,206329.65,1,1,1,0,1,4.424459089498684,0.20833333333333334,0,0.0,0.0
702,40,145536.9,1,1,0,0,1,1.0753806621246618,0.1875,1,0.0,0.0
658,31,77082.65,2,0,0,0,0,5.716906420396223,0.08064516129032258,1,1.0,0.0
654,24,145081.73,1,1,0,0,1,1.1153606501180424,0.3541666666666667,0,0.0,0.0
649,41,115897.73,1,0,0,0,0,0.8073937960289658,0.10975609756097561,0,1.0,0.0
597,24,108058.07,2,1,0,0,2,0.5753060354280062,0.020833333333333332,1,0.0,1.0
782,33,191523.09,1,1,0,0,1,1.1464346738217912,0.22727272727272727,1,0.0,0.0
644,38,0.0,2,1,0,1,2,0.0,0.09210526315789473,1,0.0,0.0
679,39,91187.9,1,1,0,0,1,15.006994318967276,0.19230769230769232,0,0.0,1.0
678,60,0.0,2,1,0,1,2,0.0,0.041666666666666664,0,0.0,0.0
806,34,113958.55,1,1,0,0,1,3.5471292353031627,0.16176470588235295,1,0.0,0.0
668,43,147167.25,1,0,0,0,0,1.0387245322634913,0.03488372093023256,1,0.0,1.0
659,29,82916.48,1,1,0,0,1,0.9855231767047232,0.3275862068965517,1,1.0,0.0
660,34,0.0,2,0,0,1,0,0.0,0.04411764705882353,1,0.0,0.0
601,37,0.0,1,0,0,1,0,0.0,0.14864864864864866,0,0.0,0.0
781,48,57098.96,1,0,1,0,0,0.6666929768044999,0.010416666666666666,0,0.0,0.0
628,39,115341.19,1,1,1,0,1,1.0711945079326457,0.038461538461538464,1,1.0,0.0
751,30,165257.2,1,0,0,0,0,1.225734026933822,0.11666666666666667,1,0.0,0.0
531,37,0.0,1,0,0,1,0,0.0,0.04054054054054054,0,0.0,0.0
647,42,0.0,2,1,0,1,2,0.0,0.2261904761904762,0,0.0,0.0
708,46,68799.72,1,1,0,0,1,1.73276608519703,0.16304347826086957,1,0.0,1.0
550,39,116120.19,2,1,0,0,2,0.5935427641699286,0.0641025641025641,1,0.0,1.0
670,33,0.0,2,1,0,1,2,0.0,0.045454545454545456,1,0.0,0.0
592,31,84102.11,2,1,0,0,2,0.7226121404042265,0.08064516129032258,0,0.0,0.0
589,50,0.0,2,1,0,1,2,0.0,0.09,0,0.0,0.0
725,33,0.0,1,1,0,1,1,0.0,0.13636363636363635,0,0.0,0.0
570,43,0.0,2,1,0,1,2,0.0,0.22093023255813954,0,0.0,0.0
575,46,0.0,2,1,0,1,2,0.0,0.03260869565217391,1,0.0,0.0
501,25,104013.79,1,0,0,0,0,0.9062380554709699,0.26,1,1.0,0.0
431,42,120822.86,2,0,0,0,0,0.957739192911788,0.20238095238095238,1,1.0,0.0
719,40,128389.12,1,1,0,0,1,0.7291012310531902,0.1125,1,0.0,1.0
850,36,102800.72,1,1,0,0,1,1.176836673728782,0.20833333333333334,1,1.0,0.0
554,31,135470.9,1,0,0,0,0,1.2651867868195439,0.20967741935483872,0,1.0,0.0
418,36,90145.04,1,1,0,0,1,1.3034475808113284,0.20833333333333334,1,0.0,0.0
715,31,0.0,1,1,0,1,1,0.0,0.24193548387096775,1,0.0,1.0
750,33,161801.47,1,1,1,0,1,1.055525485457398,0.10606060606060606,0,0.0,1.0
766,37,99660.13,2,1,0,0,2,0.6747388555506915,0.06756756756756757,1,1.0,0.0
652,38,123081.84,2,1,0,0,2,0.6524038586662484,0.17105263157894737,0,0.0,1.0
658,42,102870.93,1,1,1,0,1,0.9913784488204418,0.20238095238095238,1,0.0,0.0
659,37,151105.68,1,1,0,0,1,1.0721614138999827,0.04054054054054054,0,0.0,0.0
574,35,163856.76,1,1,0,0,1,10.837660722789566,0.15714285714285714,1,1.0,0.0
611,38,0.0,1,1,0,1,1,0.0,0.19736842105263158,1,0.0,0.0
738,35,127290.61,1,0,0,0,0,7.914793112067561,0.24285714285714285,1,0.0,1.0
571,49,180614.04,1,0,0,0,0,35.476218007762185,0.09183673469387756,1,0.0,0.0
686,44,55053.62,1,0,0,0,0,0.30289485167078306,0.17045454545454544,0,0.0,0.0
679,33,96110.22,1,0,0,0,0,35.476218007762185,0.13636363636363635,1,0.0,1.0
617,46,106521.49,1,1,0,0,1,1.230205511433002,0.07608695652173914,0,0.0,1.0
673,39,82255.51,2,0,0,0,0,0.7508725970035024,0.19230769230769232,1,0.0,0.0
745,33,0.0,2,1,0,1,2,0.0,0.045454545454545456,0,0.0,0.0
677,26,102395.79,1,0,0,0,0,0.8578017808328541,0.1346153846153846,0,1.0,0.0
613,39,118201.41,1,0,0,0,0,5.069412379769083,0.21794871794871795,1,0.0,1.0
576,55,44582.07,3,1,1,0,3,0.6600756431107988,0.11818181818181818,0,0.0,0.0
584,30,0.0,2,1,0,1,2,0.0,0.18333333333333332,0,0.0,1.0
663,22,0.0,2,1,0,1,2,0.0,0.29545454545454547,1,0.0,0.0
466,26,105522.06,1,0,0,0,0,9.731401231710175,0.36538461538461536,1,0.0,0.0
510,50,123936.54,1,1,0,0,1,5.214207070466966,0.15,0,1.0,0.0
619,38,0.0,2,1,0,1,2,0.0,0.17105263157894737,0,0.0,1.0
696,66,119499.42,2,1,0,0,2,0.6866665938815699,0.11363636363636363,0,1.0,0.0
554,44,135814.7,2,0,0,0,0,1.180049452448546,0.2159090909090909,0,0.0,0.0
595,52,0.0,1,1,1,1,1,0.0,0.18269230769230768,1,0.0,0.0
659,39,106259.63,2,1,0,0,2,0.5363821949970602,0.21794871794871795,1,1.0,0.0
662,44,0.0,2,1,0,1,2,0.0,0.19318181818181818,1,0.0,0.0
556,38,115463.16,1,0,0,0,0,0.7662772890878823,0.06578947368421052,1,0.0,1.0
701,39,0.0,2,1,0,1,2,0.0,0.24358974358974358,0,0.0,1.0
587,42,120233.83,1,0,0,0,0,0.6169275462382037,0.13095238095238096,1,0.0,1.0
571,47,0.0,2,0,0,1,0,0.0,0.1595744680851064,0,0.0,0.0
539,40,81132.21,1,0,0,0,0,0.4849770597095525,0.1875,0,0.0,0.0
644,34,122196.99,2,1,0,0,2,0.6710407114832228,0.3088235294117647,0,1.0,0.0
572,39,112290.22,1,0,1,0,0,2.2742336856103407,0.11538461538461539,1,1.0,0.0
753,50,0.0,2,1,0,1,2,0.0,0.09,0,0.0,0.0
706,35,0.0,2,1,0,1,2,0.0,0.15714285714285714,1,0.0,0.0
588,44,154409.74,1,0,1,0,0,3.1304540514217627,0.19318181818181818,1,0.0,0.0
825,32,0.0,2,0,0,1,0,0.0,0.296875,1,0.0,0.0
627,48,132759.8,1,0,0,0,0,1.6826290218202178,0.03125,1,0.0,1.0
532,60,76705.87,2,1,0,0,2,5.522090631665866,0.09166666666666666,1,0.0,0.0
764,44,0.0,2,1,0,1,2,0.0,0.03409090909090909,0,0.0,0.0
700,36,0.0,2,0,0,1,0,0.0,0.125,0,0.0,0.0
660,41,0.0,2,1,0,1,2,0.0,0.08536585365853659,1,0.0,0.0
518,29,125961.74,2,0,1,0,0,0.7857675238209784,0.3275862068965517,1,1.0,0.0
557,39,49572.73,1,0,1,0,0,0.4299866795606415,0.19230769230769232,0,0.0,0.0
639,35,103015.12,2,1,0,0,2,0.7406091601200675,0.04285714285714286,0,0.0,0.0
557,24,0.0,1,0,0,1,0,0.0,0.1875,0,0.0,0.0
633,32,104001.38,1,1,0,0,1,2.8381828775244826,0.046875,0,0.0,0.0
623,50,87116.71,1,1,0,0,1,0.834586265919841,0.05,0,0.0,1.0
611,68,82547.11,2,1,0,0,2,0.5636576853609321,0.08088235294117647,1,0.0,0.0
666,47,0.0,1,0,1,1,0,0.0,0.11702127659574468,0,0.0,1.0
521,27,121325.84,1,1,1,0,1,0.7387794893216427,0.16666666666666666,1,0.0,0.0
775,28,111167.7,1,0,0,0,0,0.7444331593742024,0.3392857142857143,1,0.0,0.0
681,48,139714.4,2,0,0,0,0,1.9121220697730816,0.11458333333333333,1,1.0,0.0
564,32,139875.2,2,0,0,0,0,9.095071729859038,0.328125,0,1.0,0.0
646,44,113063.83,1,0,1,0,0,2.1303258933980036,0.056818181818181816,0,1.0,0.0
670,50,138340.06,1,1,0,0,1,35.476218007762185,0.17,0,0.0,0.0
751,43,114974.24,1,0,0,0,0,0.9130625308426185,0.03488372093023256,1,0.0,0.0
544,33,0.0,2,1,0,1,2,0.0,0.19696969696969696,0,0.0,0.0
639,38,0.0,2,0,0,1,0,0.0,0.14473684210526316,0,0.0,0.0
635,65,117325.54,1,0,1,0,0,0.7530480897217128,0.08461538461538462,0,1.0,0.0
672,28,0.0,1,1,0,1,1,0.0,0.23214285714285715,0,0.0,0.0
639,35,0.0,1,0,0,1,0,0.0,0.24285714285714285,0,0.0,0.0
697,25,0.0,2,0,0,1,0,0.0,0.06,0,0.0,0.0
850,44,0.0,2,1,0,1,2,0.0,0.19318181818181818,1,0.0,1.0
748,34,0.0,2,0,0,1,0,0.0,0.25,0,0.0,0.0
463,35,0.0,2,1,0,1,2,0.0,0.07142857142857142,0,0.0,1.0
572,30,0.0,1,1,0,1,1,0.0,0.21666666666666667,0,0.0,0.0
741,50,78737.61,1,1,0,0,1,6.047454062838903,0.03,1,0.0,1.0
646,25,182876.88,2,1,1,0,2,4.299081845449039,0.22,1,0.0,1.0
805,50,130023.38,1,0,1,0,0,2.064163952779151,0.19,1,1.0,0.0
637,36,152606.82,1,1,0,0,1,2.1285915936942943,0.06944444444444445,1,0.0,0.0
651,28,0.0,2,0,0,1,0,0.0,0.26785714285714285,1,0.0,0.0
672,28,167268.98,1,1,0,0,1,0.9870105853356017,0.16071428571428573,1,0.0,0.0
493,54,167831.88,2,0,1,0,0,1.1176799294357154,0.06481481481481481,1,0.0,0.0
524,29,144287.6,2,0,0,0,0,4.4999454221673325,0.3275862068965517,1,1.0,0.0
624,45,151855.33,1,0,0,0,0,2.207355169659489,0.12222222222222222,0,1.0,0.0
569,51,0.0,3,0,1,1,0,0.0,0.06862745098039216,0,0.0,1.0
677,27,0.0,2,1,0,1,2,0.0,0.09259259259259259,0,0.0,0.0
464,37,155994.15,1,0,0,0,0,1.0858078615994105,0.12162162162162163,1,1.0,0.0
718,26,147527.03,1,0,0,0,0,2.8869943891025853,0.28846153846153844,1,1.0,0.0
594,53,0.0,1,0,1,1,0,0.0,0.08490566037735849,0,0.0,0.0
574,33,100267.03,1,0,0,0,0,0.9733976058194727,0.25757575757575757,1,0.0,0.0
478,48,83287.05,2,1,1,0,2,1.8865012644694836,0.010416666666666666,1,0.0,1.0
615,41,0.0,1,1,0,1,1,0.0,0.10975609756097561,1,0.0,1.0
651,45,0.0,2,0,0,1,0,0.0,0.1,1,0.0,1.0
465,53,117438.17,1,0,1,0,0,1.5679370305394673,0.02830188679245283,1,1.0,0.0
558,56,121235.05,2,1,0,0,2,1.042845370614886,0.13392857142857142,0,0.0,0.0
540,37,129965.18,1,0,0,0,0,6.707852561124908,0.0945945945945946,1,1.0,0.0
568,46,150836.92,1,0,1,0,0,2.337911708086761,0.18478260869565216,1,1.0,0.0
630,31,0.0,2,1,0,1,2,0.0,0.016129032258064516,1,0.0,0.0
523,60,163894.35,1,1,0,0,1,2.8721795722635677,0.025,1,1.0,0.0
678,48,0.0,2,1,0,1,2,0.0,0.052083333333333336,0,0.0,0.0
438,38,0.0,2,0,0,1,0,0.0,0.06578947368421052,1,0.0,0.0
544,44,0.0,2,0,0,1,0,0.0,0.03409090909090909,1,0.0,0.0
595,34,87967.42,2,1,0,0,2,0.5627735100618948,0.07352941176470588,1,1.0,0.0
678,26,0.0,2,0,0,1,0,0.0,0.1346153846153846,1,0.0,0.0
850,36,0.0,2,1,0,1,2,0.0,0.18055555555555555,0,0.0,0.0
589,20,121093.29,2,0,0,0,0,34.29705272578964,0.125,0,1.0,0.0
785,31,121691.54,2,0,0,0,0,1.4880405557759306,0.08064516129032258,0,0.0,1.0
563,57,0.0,2,1,0,1,2,0.0,0.11403508771929824,1,0.0,1.0
602,39,154121.32,2,0,1,0,0,0.8726357870691795,0.16666666666666666,0,0.0,0.0
591,29,0.0,2,1,0,1,2,0.0,0.22413793103448276,1,0.0,0.0
643,43,0.0,2,1,0,1,2,0.0,0.03488372093023256,1,0.0,1.0
605,32,0.0,2,1,0,1,2,0.0,0.171875,0,0.0,0.0
755,43,165048.5,3,0,1,0,0,9.74864164541792,0.1511627906976744,1,1.0,0.0
769,38,0.0,2,0,0,1,0,0.0,0.17105263157894737,1,0.0,1.0
620,33,127638.35,1,1,0,0,1,0.6623043643381124,0.2878787878787879,0,0.0,0.0
725,31,0.0,2,1,0,1,2,0.0,0.27419354838709675,1,0.0,0.0
818,72,135290.42,2,1,0,0,2,2.1228446814974005,0.11805555555555555,0,1.0,0.0
624,71,170252.05,3,1,1,0,3,2.3106770724827257,0.06338028169014084,0,0.0,0.0
669,35,108269.2,2,0,0,0,0,0.6187839670729284,0.12857142857142856,0,1.0,0.0
712,32,0.0,2,0,0,1,0,0.0,0.046875,0,0.0,0.0
603,35,145623.36,1,0,0,0,0,0.8923950356968162,0.2714285714285714,0,1.0,0.0
597,41,145809.53,2,1,0,0,2,2.7868655469219763,0.10975609756097561,0,0.0,0.0
580,76,130334.84,2,1,0,0,2,2.522296716201163,0.03289473684210526,1,1.0,0.0
718,39,0.0,2,1,0,1,2,0.0,0.08974358974358974,0,0.0,0.0
527,53,0.0,1,1,0,1,1,0.0,0.16037735849056603,1,0.0,1.0
729,42,0.0,2,1,0,1,2,0.0,0.03571428571428571,0,0.0,1.0
746,24,0.0,1,1,0,1,1,0.0,0.1875,0,0.0,0.0
699,54,111009.32,1,1,1,0,1,0.7120236392526585,0.06481481481481481,0,1.0,0.0
759,46,0.0,1,1,0,1,1,0.0,0.05434782608695652,0,0.0,0.0
748,39,157371.54,1,1,0,0,1,1.6101811730255087,0.08974358974358974,0,0.0,0.0
698,63,0.0,1,1,0,1,1,0.0,0.0873015873015873,0,0.0,1.0
686,37,134560.62,1,0,0,0,0,4.875845868033172,0.25675675675675674,1,0.0,0.0
679,40,0.0,1,1,0,1,1,0.0,0.0375,1,0.0,0.0
682,36,72373.62,2,0,0,0,0,1.9615047189486188,0.1527777777777778,1,1.0,0.0
778,34,109564.1,1,1,0,0,1,0.9691837462397548,0.22058823529411764,0,0.0,0.0
742,25,132116.13,2,0,0,0,0,1.0167902289230344,0.18,0,0.0,0.0
649,24,101195.23,1,0,0,0,0,0.7603386130769979,0.3125,1,1.0,0.0
763,67,149436.73,2,1,0,0,2,1.4060168563883808,0.022388059701492536,1,0.0,0.0
595,30,130682.11,2,1,0,0,2,2.258440152993543,0.31666666666666665,1,1.0,0.0
628,51,115280.49,2,0,1,0,0,9.12779492003316,0.20588235294117646,0,1.0,0.0
625,36,129944.39,2,0,0,0,0,0.6532632902966984,0.2361111111111111,0,0.0,0.0
733,36,0.0,2,1,0,1,2,0.0,0.1527777777777778,1,0.0,0.0
665,32,0.0,1,1,0,1,1,0.0,0.328125,0,0.0,1.0
805,56,151802.29,1,0,1,0,0,3.2441869982725717,0.11607142857142858,1,1.0,0.0
725,38,0.0,2,1,0,1,2,0.0,0.17105263157894737,1,0.0,0.0
554,38,138731.95,1,1,0,0,1,0.7145998111871803,0.09210526315789473,0,0.0,0.0
675,35,155621.08,1,1,0,0,1,4.423779311740672,0.24285714285714285,0,0.0,1.0
556,54,150005.38,1,0,1,0,0,0.9553478774523697,0.08333333333333333,0,0.0,0.0
635,48,0.0,2,1,0,1,2,0.0,0.052083333333333336,0,0.0,1.0
601,47,64430.06,2,1,0,0,2,0.6675377907576096,0.031914893617021274,1,0.0,0.0
600,53,106261.63,1,0,1,0,0,1.1349020716077405,0.14150943396226415,1,1.0,0.0
758,40,0.0,2,0,0,1,0,0.0,0.0875,1,0.0,1.0
606,41,132670.53,1,0,1,0,0,0.8478576709116259,0.10975609756097561,0,1.0,0.0
640,67,0.0,1,1,0,1,1,0.0,0.05223880597014925,0,0.0,0.0
753,38,117314.92,1,0,1,0,0,0.9614217332188296,0.039473684210526314,0,1.0,0.0
559,38,145874.35,1,0,1,0,0,2.590448567357912,0.09210526315789473,1,0.0,1.0
754,50,146777.44,2,1,0,0,2,0.9740581971101331,0.15,0,0.0,1.0
621,51,109978.83,1,0,1,0,0,0.6187569053903988,0.08823529411764706,1,1.0,0.0
654,37,0.0,1,1,0,1,1,0.0,0.14864864864864866,0,0.0,0.0
650,24,108881.73,1,0,0,0,0,1.0419919530177044,0.3541666666666667,1,0.0,1.0
831,44,0.0,1,1,0,1,1,0.0,0.23863636363636365,0,0.0,1.0
519,39,112957.26,2,0,0,0,0,1.157418230762988,0.0641025641025641,1,0.0,0.0
552,42,103362.14,1,1,1,0,1,0.5531215239980526,0.20238095238095238,0,1.0,0.0
577,41,89015.61,1,1,0,0,1,0.6582620359668983,0.10975609756097561,1,0.0,1.0
576,45,133618.01,1,0,0,0,0,0.987963699002417,0.12222222222222222,1,0.0,1.0
646,40,93680.43,2,1,0,0,2,0.521971395786783,0.1375,1,0.0,0.0
711,45,97486.15,2,0,0,0,0,1.9261614230091824,0.03333333333333333,0,1.0,0.0
806,37,137794.18,2,1,0,0,2,1.8315651824159125,0.06756756756756757,0,0.0,1.0
670,39,101928.51,1,0,0,0,0,1.1426125259426048,0.21794871794871795,0,0.0,0.0
679,28,0.0,2,1,0,1,2,0.0,0.3392857142857143,0,0.0,1.0
850,39,0.0,2,0,0,1,0,0.0,0.16666666666666666,0,0.0,1.0
670,35,79585.96,1,1,0,0,1,0.40032393730706495,0.07142857142857142,0,1.0,0.0
733,24,161884.99,1,1,0,0,1,16.831040814119838,0.14583333333333334,0,0.0,0.0
764,39,129068.54,2,1,0,0,2,0.6868777876952598,0.038461538461538464,0,0.0,0.0
673,42,0.0,2,0,0,1,0,0.0,0.10714285714285714,0,0.0,0.0
588,49,132623.76,3,0,1,0,0,3.654157140282923,0.1326530612244898,1,1.0,0.0
564,31,121461.87,1,1,1,0,1,5.944371115675603,0.1774193548387097,1,0.0,1.0
715,32,175307.32,1,0,0,0,0,0.9372105320529993,0.265625,1,0.0,0.0
621,31,136658.61,1,1,0,0,1,0.9190832639664783,0.24193548387096775,1,0.0,0.0
796,23,146584.19,2,0,0,0,0,1.1684968448776694,0.15217391304347827,0,0.0,1.0
672,34,0.0,1,0,0,1,0,0.0,0.19117647058823528,1,0.0,0.0
527,46,131414.76,1,0,0,0,0,2.391598243519251,0.22826086956521738,0,0.0,1.0
722,38,0.0,2,1,0,1,2,0.0,0.09210526315789473,0,0.0,0.0
596,34,99441.21,2,1,0,0,2,20.70281495731033,0.1323529411764706,1,1.0,0.0
746,32,0.0,2,1,0,1,2,0.0,0.140625,0,0.0,0.0
523,26,0.0,2,0,0,1,0,0.0,0.17307692307692307,0,0.0,0.0
624,44,0.0,2,0,0,1,0,0.0,0.07954545454545454,1,0.0,0.0
553,38,181110.13,2,0,0,0,0,0.9813842205603505,0.039473684210526314,1,0.0,1.0
850,33,100476.46,2,1,0,0,2,0.7358749402098855,0.10606060606060606,1,0.0,1.0
599,33,51949.95,2,0,0,0,0,0.6108386993908774,0.07575757575757576,1,1.0,0.0
492,35,121063.49,1,0,0,0,0,1.4172322086645108,0.24285714285714285,1,0.0,0.0
707,48,88441.64,1,1,1,0,1,0.7376025193446101,0.17708333333333334,1,0.0,1.0
743,30,127023.39,1,1,0,0,1,0.9152735274033232,0.05,0,0.0,0.0
522,41,144147.68,1,1,0,0,1,9.74570039686564,0.13414634146341464,1,0.0,0.0
681,57,173306.13,1,1,0,0,1,1.3132668756402233,0.043859649122807015,0,0.0,1.0
826,49,0.0,1,0,1,1,0,0.0,0.01020408163265306,0,0.0,0.0
630,28,106425.75,1,1,0,0,1,5.23083588586168,0.30357142857142855,0,1.0,0.0
430,66,135392.31,2,1,1,0,2,0.783279798460033,0.09848484848484848,0,1.0,0.0
806,67,0.0,2,1,0,1,2,0.0,0.022388059701492536,0,0.0,0.0
703,39,152685.4,1,0,0,0,0,0.8313611800076142,0.16666666666666666,1,0.0,1.0
755,38,82083.52,1,1,0,0,1,7.942454507981786,0.039473684210526314,0,1.0,0.0
612,63,131629.17,2,0,1,0,0,1.0779505756176084,0.03968253968253968,0,0.0,1.0
719,54,0.0,2,1,0,1,2,0.0,0.1388888888888889,0,0.0,0.0
554,55,108477.27,1,1,1,0,1,0.774815505271278,0.00909090909090909,0,1.0,0.0
683,30,114779.35,1,0,0,0,0,0.6266190001150282,0.15,1,0.0,0.0
749,41,57568.94,1,1,0,0,1,0.9417570529610274,0.13414634146341464,1,0.0,0.0
724,36,0.0,2,0,0,1,0,0.0,0.041666666666666664,1,0.0,1.0
770,30,0.0,2,1,0,1,2,0.0,0.2833333333333333,1,0.0,1.0
680,37,0.0,2,0,0,1,0,0.0,0.12162162162162163,1,0.0,0.0
699,32,110559.46,1,1,0,0,1,0.8676055414023136,0.140625,0,0.0,0.0
442,34,0.0,2,0,0,1,0,0.0,0.1323529411764706,1,0.0,0.0
529,46,0.0,1,0,1,1,0,0.0,0.18478260869565216,1,0.0,0.0
574,36,0.0,2,1,0,1,2,0.0,0.09722222222222222,1,0.0,1.0
605,33,128152.82,1,0,0,0,0,0.8669294885580341,0.2878787878787879,1,0.0,0.0
515,45,120961.5,3,1,1,0,3,3.0787538837097608,0.16666666666666666,1,1.0,0.0
632,65,129472.33,1,1,0,0,1,1.5199765251381538,0.1,1,1.0,0.0
558,32,105000.23,1,0,0,0,0,0.5525728498608651,0.328125,1,0.0,0.0
434,55,109339.17,2,0,1,0,0,1.1341428122142319,0.15454545454545454,1,1.0,0.0
525,59,55328.4,1,0,1,0,0,0.6638579770787797,0.11016949152542373,0,0.0,0.0
640,23,72012.76,1,0,0,0,0,0.4463578785220461,0.15217391304347827,1,1.0,0.0
690,36,110480.48,1,0,0,0,0,1.359034990939601,0.18055555555555555,0,0.0,0.0
607,34,132439.99,1,0,0,0,0,0.7450967298104875,0.27941176470588236,1,0.0,1.0
850,46,0.0,2,1,0,1,2,0.0,0.07608695652173914,0,0.0,0.0
780,34,94108.54,2,0,0,0,0,0.5309780659381059,0.16176470588235295,1,1.0,0.0
616,28,105173.99,1,1,1,0,1,3.5250263353082163,0.375,0,1.0,0.0
618,40,0.0,2,0,0,1,0,0.0,0.2125,0,0.0,1.0
676,29,131959.86,1,0,0,0,0,0.6972050111953935,0.25862068965517243,1,0.0,0.0
507,33,0.0,2,1,0,1,2,0.0,0.22727272727272727,1,0.0,0.0
490,34,122952.9,2,0,0,0,0,0.7965232628217948,0.16176470588235295,1,0.0,0.0
678,36,107379.68,1,1,0,0,1,1.2713495122848153,0.013888888888888888,1,0.0,0.0
637,30,122641.56,2,0,0,0,0,1.868994366114332,0.21666666666666667,1,1.0,0.0
602,33,0.0,2,1,0,1,2,0.0,0.25757575757575757,0,0.0,0.0
744,30,124037.28,1,1,0,0,1,0.8722001823475581,0.05,0,0.0,1.0
640,50,117565.03,2,0,0,0,0,1.4239817530771575,0.19,0,0.0,0.0
684,38,133189.4,1,0,0,0,0,1.0455324813606444,0.14473684210526316,0,0.0,0.0
495,39,120252.02,2,1,0,0,2,11.83439603276375,0.21794871794871795,1,1.0,0.0
559,28,152264.81,1,0,0,0,0,2.370127099615509,0.125,0,1.0,0.0
684,38,105069.98,2,1,0,0,2,0.5297033197033136,0.14473684210526316,1,0.0,0.0
613,42,115076.06,1,1,0,0,1,1.4506980872644692,0.17857142857142858,1,0.0,0.0
794,30,0.0,2,1,0,1,2,0.0,0.2833333333333333,1,0.0,0.0
736,42,117280.23,3,0,1,0,0,2.7975779339087823,0.17857142857142858,0,0.0,0.0
692,49,110540.43,2,1,0,0,2,1.028531926654998,0.1326530612244898,1,1.0,0.0
703,36,135095.47,1,0,0,0,0,0.9390716683768864,0.20833333333333334,1,0.0,1.0
720,23,187861.18,2,1,0,0,2,1.8042553690090113,0.021739130434782608,1,1.0,0.0
777,44,124655.59,2,1,0,0,2,1.5622312900957849,0.07954545454545454,1,1.0,0.0
653,44,0.0,2,1,0,1,2,0.0,0.19318181818181818,1,0.0,0.0
552,38,134105.01,1,0,0,0,0,2.3181064837142253,0.25,0,0.0,0.0
708,34,0.0,1,1,0,1,1,0.0,0.1323529411764706,0,0.0,0.0
647,40,0.0,2,1,0,1,2,0.0,0.2375,0,0.0,0.0
597,52,83693.34,2,1,0,0,2,0.5195616239498604,0.16346153846153846,1,1.0,0.0
501,42,114631.23,1,1,0,0,1,1.2537493407578237,0.2261904761904762,1,0.0,0.0
709,44,128601.98,1,0,0,0,0,1.0988598009778505,0.2159090909090909,1,0.0,0.0
621,34,91258.52,2,0,0,0,0,2.034368590943948,0.07352941176470588,0,1.0,0.0
799,70,70416.75,1,1,0,0,1,1.9300445778099864,0.12142857142857143,1,0.0,0.0
675,33,0.0,2,0,0,1,0,0.0,0.19696969696969696,0,0.0,0.0
561,35,0.0,2,0,0,1,0,0.0,0.15714285714285714,0,0.0,0.0
707,42,0.0,2,1,0,1,2,0.0,0.25,0,0.0,0.0
670,33,88294.6,1,0,0,0,0,1.3182221694038496,0.19696969696969696,1,0.0,0.0
649,32,0.0,1,0,0,1,0,0.0,0.234375,0,0.0,1.0
524,28,93577.3,1,1,0,0,1,1.8109929164484626,0.05357142857142857,1,0.0,0.0
689,30,136650.89,1,1,1,0,1,3.263950221082521,0.18333333333333332,0,1.0,0.0
573,72,98765.84,1,1,0,0,1,1.0286337154654517,0.11805555555555555,0,0.0,1.0
657,33,84309.57,2,0,0,0,0,0.8113289271849987,0.045454545454545456,1,0.0,0.0
686,39,136258.06,1,0,0,0,0,1.5275479927188758,0.2692307692307692,1,0.0,1.0
683,29,0.0,2,1,0,1,2,0.0,0.3275862068965517,0,0.0,0.0
753,47,131160.85,1,0,0,0,0,0.6642882404776727,0.031914893617021274,0,1.0,0.0
520,30,145222.99,2,0,0,0,0,1.0004204269493193,0.15,0,0.0,1.0
547,25,98141.57,2,1,0,0,2,1.8761244331954396,0.18,1,1.0,0.0
653,47,0.0,1,0,1,1,0,0.0,0.13829787234042554,1,0.0,0.0
648,28,102282.61,1,1,0,0,1,0.6478006405766571,0.3392857142857143,0,0.0,1.0
639,37,116121.84,2,1,0,0,2,0.6385522624089272,0.12162162162162163,0,0.0,0.0
711,25,190066.54,1,0,1,0,0,3.701653417114621,0.22,0,0.0,0.0
484,55,149349.58,3,0,1,0,0,1.0860135316139534,0.15454545454545454,0,1.0,0.0
721,36,155176.83,2,1,0,0,2,3.125139438885238,0.041666666666666664,1,0.0,0.0
548,32,98986.28,1,1,0,0,1,1.7717764502926343,0.078125,1,1.0,0.0
679,41,147726.98,3,0,1,0,0,0.8551469634802583,0.2073170731707317,1,0.0,0.0
553,41,0.0,2,0,0,1,0,0.0,0.036585365853658534,1,0.0,0.0
757,36,144852.06,1,0,0,0,0,1.106898935107301,0.20833333333333334,1,0.0,0.0
581,54,89299.81,1,0,1,0,0,16.062648058178205,0.08333333333333333,1,0.0,0.0
718,40,0.0,2,0,0,1,0,0.0,0.2375,1,0.0,1.0
625,41,97663.16,2,0,0,0,0,1.709496518278208,0.15853658536585366,1,0.0,0.0
744,39,95161.75,1,0,0,0,0,4.90252318686997,0.11538461538461539,1,0.0,1.0
799,31,154586.92,1,1,1,0,1,1.7446573811289523,0.3064516129032258,1,1.0,0.0
751,34,127095.14,2,0,0,0,0,35.476218007762185,0.25,0,0.0,1.0
781,35,92526.15,2,1,0,0,2,0.5322533771855193,0.21428571428571427,1,1.0,0.0
777,46,107362.8,1,0,0,0,0,35.476218007762185,0.010869565217391304,0,1.0,0.0
704,24,0.0,1,0,1,1,0,0.0,0.10416666666666667,0,0.0,1.0
539,47,127286.04,2,1,1,0,2,0.762509507703299,0.05319148936170213,0,0.0,0.0
716,29,0.0,2,1,0,1,2,0.0,0.22413793103448276,0,0.0,0.0
670,37,0.0,2,1,0,1,2,0.0,0.06756756756756757,1,0.0,0.0
555,40,139930.18,1,1,0,0,1,1.3235786729024455,0.2625,1,0.0,0.0
679,30,77949.69,1,1,0,0,1,0.6434016279983089,0.15,0,1.0,0.0
571,38,121405.04,1,1,0,0,1,0.7840412509989007,0.039473684210526314,1,0.0,0.0
512,35,124580.69,1,1,0,0,1,6.631401412079326,0.15714285714285714,0,0.0,1.0
697,35,133087.76,1,0,0,0,0,2.0546919446352403,0.15714285714285714,1,0.0,0.0
424,34,0.0,1,1,0,1,1,0.0,0.22058823529411764,1,0.0,1.0
684,43,0.0,2,0,0,1,0,0.0,0.1744186046511628,0,0.0,0.0
697,62,0.0,1,0,1,1,0,0.0,0.12096774193548387,1,0.0,1.0
580,45,103741.14,1,0,1,0,0,2.1872597630220536,0.18888888888888888,1,1.0,0.0
600,32,98877.95,1,0,0,0,0,0.743587421951971,0.234375,0,0.0,0.0
521,37,105843.26,2,1,0,0,2,1.2465464284200063,0.14864864864864866,1,0.0,0.0
664,44,77526.66,3,0,1,0,0,1.3520623457870973,0.17045454545454544,1,0.0,1.0
634,77,0.0,2,1,0,1,2,0.0,0.07142857142857142,1,0.0,0.0
445,33,0.0,2,0,0,1,0,0.0,0.22727272727272727,0,0.0,0.0
702,36,105264.88,2,1,0,0,2,1.9894755085297218,0.06944444444444445,0,1.0,0.0
485,37,0.0,2,1,0,1,2,0.0,0.14864864864864866,1,0.0,0.0
582,40,110150.43,1,1,1,0,1,0.5744222229349236,0.0875,0,1.0,0.0
605,57,0.0,3,0,1,1,0,0.0,0.043859649122807015,0,0.0,1.0
628,25,0.0,2,1,0,1,2,0.0,0.3,1,0.0,0.0
604,28,0.0,2,1,0,1,2,0.0,0.23214285714285715,0,0.0,1.0
724,31,138166.3,1,0,0,0,0,10.692802576804578,0.3064516129032258,1,1.0,0.0
567,40,122265.24,1,0,0,0,0,0.8824391171252397,0.1875,1,1.0,0.0
779,55,133295.98,1,0,1,0,0,5.8376838455073665,0.00909090909090909,0,0.0,1.0
785,36,0.0,1,1,0,1,1,0.0,0.06944444444444445,1,0.0,0.0
563,32,148326.09,1,0,1,0,0,0.7741232274039227,0.015625,0,0.0,0.0
821,31,68927.57,1,1,0,0,1,2.7087781969661244,0.08064516129032258,0,1.0,0.0
747,47,139914.6,4,1,1,0,4,1.0765513571441543,0.11702127659574468,0,0.0,0.0
600,58,118723.11,1,0,1,0,0,19.116483187371085,0.14655172413793102,0,1.0,0.0
625,32,106957.28,1,1,0,0,1,0.7934809461061693,0.234375,1,0.0,1.0
773,41,190238.93,1,1,0,0,1,3.3055913356321778,0.18292682926829268,0,0.0,0.0
726,53,113537.73,1,1,0,0,1,4.002287419615126,0.02830188679245283,0,0.0,0.0
641,40,101090.27,1,1,0,0,1,1.955169697406917,0.1125,0,0.0,1.0
649,46,0.0,2,1,0,1,2,0.0,0.05434782608695652,0,0.0,0.0
434,33,0.0,1,1,0,1,1,0.0,0.10606060606060606,1,0.0,1.0
738,38,0.0,2,0,0,1,0,0.0,0.19736842105263158,0,0.0,0.0
762,60,168920.75,1,0,1,0,0,5.371767119728627,0.175,0,0.0,1.0
507,31,111589.67,1,0,0,0,0,0.7437417766769914,0.3064516129032258,1,1.0,0.0
606,27,172310.33,1,1,0,0,1,1.546078543618515,0.24074074074074073,0,1.0,0.0
655,34,118028.35,1,0,1,0,0,2.304011804638619,0.22058823529411764,1,1.0,0.0
697,51,147910.3,1,1,0,0,1,2.7604403258249857,0.029411764705882353,1,1.0,0.0
504,42,131287.36,2,1,0,0,2,0.8770102201233704,0.17857142857142858,1,1.0,0.0
653,74,121276.32,1,1,0,0,1,0.7563257989697617,0.006756756756756757,0,0.0,0.0
660,38,109869.32,1,1,0,0,1,0.7104711105087198,0.17105263157894737,1,0.0,1.0
652,34,97435.85,2,1,0,0,2,0.9338950680495753,0.19117647058823528,0,0.0,0.0
669,42,0.0,2,0,0,1,0,0.0,0.2261904761904762,0,0.0,0.0
594,35,133853.27,1,1,0,0,1,2.047855304542379,0.07142857142857142,1,0.0,0.0
756,32,109528.16,2,1,0,0,2,1.9496868041563402,0.015625,1,1.0,0.0
642,33,84607.34,2,1,0,0,2,1.4087025959004316,0.13636363636363635,0,0.0,0.0
486,37,101438.0,1,0,0,0,0,1.9748251552207354,0.04054054054054054,1,1.0,0.0
804,55,0.0,2,1,0,1,2,0.0,0.13636363636363635,1,0.0,0.0
629,59,113657.83,1,1,1,0,1,0.9726832200554234,0.16101694915254236,1,0.0,0.0
581,44,189318.16,2,0,1,0,0,4.204526016812493,0.17045454545454544,0,0.0,1.0
667,31,99513.91,1,1,0,0,1,0.5247011651377588,0.11290322580645161,1,0.0,0.0
667,35,97585.32,2,0,0,0,0,1.7056058905388605,0.12857142857142856,1,0.0,1.0
679,29,0.0,2,1,0,1,2,0.0,0.1206896551724138,1,0.0,0.0
680,43,0.0,2,1,0,1,2,0.0,0.10465116279069768,0,0.0,0.0
644,32,136659.74,1,1,0,0,1,9.631535621808217,0.109375,1,0.0,1.0
571,30,85755.86,1,0,0,0,0,0.5909430979634012,0.15,0,0.0,0.0
627,35,0.0,1,0,0,1,0,0.0,0.21428571428571427,0,0.0,1.0
536,39,0.0,2,0,0,1,0,0.0,0.11538461538461539,1,0.0,0.0
599,33,51690.89,1,0,1,0,0,0.4630814263916571,0.13636363636363635,1,0.0,1.0
744,34,0.0,2,0,0,1,0,0.0,0.10294117647058823,1,0.0,1.0
709,34,111669.68,1,0,0,0,0,1.9580639606836039,0.07352941176470588,0,0.0,0.0
653,31,154741.45,2,0,0,0,0,6.144432518887978,0.08064516129032258,1,1.0,0.0
648,31,125681.51,1,1,0,0,1,0.9669152473732311,0.24193548387096775,1,1.0,0.0
663,37,155303.71,1,0,0,0,0,1.3081773111542068,0.22972972972972974,0,1.0,0.0
613,43,140681.68,1,1,0,0,1,6.986897984461936,0.10465116279069768,0,1.0,0.0
620,28,71902.52,1,1,0,0,1,0.37801803834650927,0.3392857142857143,1,0.0,0.0
661,51,146606.6,1,1,0,0,1,2.1552535984205323,0.12745098039215685,1,0.0,0.0
669,45,123949.75,1,0,0,0,0,1.117847116805384,0.03333333333333333,1,1.0,0.0
767,33,144753.21,1,1,0,0,1,1.0926275505871563,0.045454545454545456,0,1.0,0.0
491,72,91285.22,1,1,0,0,1,12.977803367951152,0.09027777777777778,0,0.0,0.0
653,43,0.0,2,0,0,1,0,0.0,0.011627906976744186,1,0.0,0.0
679,58,125850.53,2,1,0,0,2,1.4464053616417671,0.14655172413793102,1,1.0,0.0
687,28,108116.66,1,1,0,0,1,3.944108807067221,0.26785714285714285,1,0.0,0.0
837,38,0.0,2,1,0,1,2,0.0,0.06578947368421052,0,0.0,0.0
850,28,67639.56,2,1,0,0,2,0.3482154536902609,0.30357142857142855,1,0.0,0.0
663,53,150200.23,1,1,1,0,1,0.9926113350357496,0.12264150943396226,0,0.0,1.0
547,22,141287.15,1,0,0,0,0,1.195891464121813,0.3409090909090909,0,0.0,1.0
627,41,0.0,3,1,1,1,3,0.0,0.15853658536585366,0,0.0,0.0
707,37,0.0,2,1,0,1,2,0.0,0.04054054054054054,1,0.0,0.0
629,43,0.0,2,1,0,1,2,0.0,0.011627906976744186,0,0.0,0.0
687,36,97157.96,1,1,0,0,1,1.5376488956027479,0.125,0,0.0,0.0
588,36,0.0,2,0,1,1,0,0.0,0.06944444444444445,0,0.0,0.0
502,33,125241.17,2,1,0,0,2,0.7889850178033397,0.19696969696969696,0,1.0,0.0
793,54,128966.13,1,0,1,0,0,6.920863027518997,0.046296296296296294,1,1.0,0.0
727,59,152581.06,1,0,1,0,0,2.124164324366465,0.09322033898305085,1,1.0,0.0
632,32,0.0,2,0,0,1,0,0.0,0.046875,0,0.0,1.0
474,37,142688.57,2,1,0,0,2,1.2860117311329806,0.14864864864864866,0,1.0,0.0
850,31,130089.56,2,1,0,0,2,29.12098602931136,0.04838709677419355,0,1.0,0.0
584,36,0.0,1,1,0,1,1,0.0,0.2638888888888889,1,0.0,0.0
713,32,117094.02,1,0,1,0,0,0.7829242651586326,0.046875,0,0.0,0.0
742,24,0.0,2,0,0,1,0,0.0,0.3541666666666667,1,0.0,1.0
607,39,0.0,3,0,1,1,0,0.0,0.2692307692307692,0,0.0,0.0
761,34,0.0,2,0,0,1,0,0.0,0.07352941176470588,0,0.0,1.0
600,49,90218.9,1,0,0,0,0,0.9876313591996213,0.15306122448979592,1,0.0,0.0
650,42,194532.66,1,0,1,0,0,1.1373098899356555,0.10714285714285714,1,0.0,1.0
850,56,169743.83,1,0,1,0,0,1.0891389490245196,0.026785714285714284,1,1.0,0.0
501,34,0.0,1,0,0,1,0,0.0,0.16176470588235295,0,0.0,0.0
418,34,155973.88,1,0,0,0,0,1.0114384310844773,0.25,1,0.0,0.0
797,59,129321.44,1,1,0,0,1,1.3812622729586101,0.07627118644067797,1,0.0,1.0
788,42,138650.49,2,0,0,0,0,2.1414172100760696,0.15476190476190477,0,1.0,0.0
699,43,136487.86,2,0,0,0,0,1.6480671283033554,0.05813953488372093,1,0.0,1.0
616,18,0.0,2,1,0,1,2,0.0,0.3611111111111111,1,0.0,0.0
651,41,38617.2,1,1,0,0,1,0.3682113850595645,0.10975609756097561,0,0.0,0.0
654,28,0.0,2,0,0,1,0,0.0,0.26785714285714285,0,0.0,0.0
676,34,82909.14,1,0,1,0,0,0.9029688827008274,0.25,0,0.0,0.0
708,54,145151.4,1,1,1,0,1,1.1583184618062237,0.1574074074074074,0,1.0,0.0
499,42,147187.84,1,1,1,0,1,9.89834794222438,0.011904761904761904,0,0.0,1.0
689,39,0.0,2,0,0,1,0,0.0,0.11538461538461539,1,0.0,0.0
850,54,108185.81,2,0,1,0,0,4.490081097682449,0.1388888888888889,1,0.0,1.0
502,30,0.0,2,1,0,1,2,0.0,0.15,1,0.0,0.0
643,34,0.0,2,1,0,1,2,0.0,0.22058823529411764,1,0.0,0.0
762,28,0.0,2,0,0,1,0,0.0,0.08928571428571429,1,0.0,0.0
719,49,105918.1,1,1,0,0,1,6.519003741477968,0.11224489795918367,1,0.0,0.0
789,27,0.0,2,0,0,1,0,0.0,0.24074074074074073,1,0.0,0.0
553,42,0.0,2,0,0,1,0,0.0,0.17857142857142858,1,0.0,1.0
448,25,0.0,2,0,0,1,0,0.0,0.1,1,0.0,1.0
632,42,59972.26,2,1,0,0,2,0.40474229139078033,0.15476190476190477,1,1.0,0.0
669,25,157228.61,2,0,0,0,0,1.264059174861055,0.3,1,0.0,1.0
654,34,0.0,2,0,0,1,0,0.0,0.16176470588235295,1,0.0,1.0
726,38,0.0,2,0,0,1,0,0.0,0.11842105263157894,0,0.0,0.0
596,21,210433.08,2,1,1,0,2,1.0665706633650074,0.21428571428571427,1,0.0,0.0
733,30,102452.71,1,0,0,0,0,4.752432861195058,0.05,0,1.0,0.0
529,35,0.0,2,0,0,1,0,0.0,0.15714285714285714,0,0.0,1.0
493,37,142987.46,2,0,0,0,0,0.9001867831043919,0.22972972972972974,0,0.0,0.0
615,29,143330.56,2,1,0,0,2,1.1339711279562705,0.25862068965517243,0,0.0,1.0
600,49,0.0,1,1,1,1,1,0.0,0.1326530612244898,0,0.0,0.0
666,36,120165.4,2,0,0,0,0,3.5654743713374377,0.125,1,0.0,0.0
644,54,0.0,1,1,0,1,1,0.0,0.12037037037037036,1,0.0,1.0
692,36,0.0,1,0,1,1,0,0.0,0.125,0,0.0,0.0
707,73,66573.17,1,1,0,0,1,1.0605923549222716,0.08904109589041095,1,0.0,0.0
603,40,102833.46,2,1,0,0,2,2.648291750911857,0.1125,1,0.0,0.0
671,34,164757.56,1,0,0,0,0,1.4876545238694614,0.16176470588235295,0,0.0,0.0
568,36,153610.61,1,1,1,0,1,2.840180790166553,0.2916666666666667,0,0.0,1.0
598,35,0.0,3,1,0,1,3,0.0,0.24285714285714285,0,0.0,1.0
606,42,0.0,2,0,0,1,0,0.0,0.25,1,0.0,1.0
850,36,169025.83,1,0,0,0,0,0.9700967182109145,0.09722222222222222,0,1.0,0.0
644,26,153455.72,2,1,0,0,2,1.8556194454413804,0.17307692307692307,0,0.0,1.0
655,37,0.0,2,1,0,1,2,0.0,0.12162162162162163,1,0.0,0.0
850,30,153972.89,2,0,0,0,0,2.451328033817726,0.35,1,0.0,0.0
683,34,114609.55,2,1,0,0,2,4.522819194255472,0.27941176470588236,1,0.0,1.0
663,37,143625.83,2,1,0,0,2,0.8137991779046796,0.20270270270270271,1,1.0,0.0
682,38,116520.28,1,1,1,0,1,2.338144859484895,0.039473684210526314,0,1.0,0.0
639,77,80926.02,2,1,0,0,2,1.449501300818105,0.08441558441558442,1,0.0,0.0
704,23,166594.78,1,1,0,0,1,1.0691200724919492,0.2826086956521739,1,0.0,0.0
691,40,115465.98,1,1,0,0,1,1.9046371537425764,0.0125,0,0.0,0.0
599,34,0.0,2,1,0,1,2,0.0,0.25,1,0.0,0.0
573,36,0.0,1,1,0,1,1,0.0,0.041666666666666664,0,0.0,0.0
589,41,92618.62,1,1,0,0,1,0.91538601806585,0.18292682926829268,0,1.0,0.0
620,25,141825.88,1,1,1,0,1,1.9202263124816035,0.34,0,1.0,0.0
647,28,149594.02,2,0,0,0,0,1.4619328639129434,0.23214285714285715,1,0.0,1.0
737,39,130051.66,2,0,1,0,0,2.3493098211458308,0.19230769230769232,0,0.0,1.0
634,41,0.0,2,1,0,1,2,0.0,0.18292682926829268,0,0.0,0.0
660,38,0.0,2,0,0,1,0,0.0,0.11842105263157894,1,0.0,0.0
666,37,158468.76,1,1,0,0,1,1.6990869547549559,0.06756756756756757,0,1.0,0.0
696,44,161889.79,1,0,0,0,0,2.142434565273405,0.19318181818181818,1,0.0,0.0
836,29,133681.78,1,1,0,0,1,0.8694821739340546,0.3275862068965517,0,0.0,0.0
667,34,0.0,2,0,0,1,0,0.0,0.16176470588235295,0,0.0,1.0
596,20,187294.46,1,0,0,0,0,1.810352215262948,0.175,1,0.0,1.0
430,31,0.0,1,0,0,1,0,0.0,0.1774193548387097,1,0.0,0.0
596,67,0.0,2,1,0,1,2,0.0,0.09701492537313433,1,0.0,1.0
599,28,119706.22,1,0,0,0,0,3.8377932136465738,0.26785714285714285,1,0.0,0.0
519,22,0.0,1,1,0,1,1,0.0,0.38636363636363635,0,0.0,0.0
721,45,138523.2,1,0,1,0,0,2.3240022514719714,0.16666666666666666,0,1.0,0.0
603,56,90778.76,2,0,1,0,0,0.5595866522644182,0.09821428571428571,0,0.0,1.0
572,47,99353.42,1,0,1,0,0,0.5054845603567728,0.09574468085106383,1,1.0,0.0
453,40,111524.49,1,1,1,0,1,0.9264767454727251,0.0375,0,1.0,0.0
668,37,128645.67,1,0,0,0,0,1.3960366417422603,0.20270270270270271,0,0.0,0.0
762,35,117458.51,1,1,1,0,1,0.658538219473064,0.04285714285714286,1,1.0,0.0
633,39,129189.15,2,0,0,0,0,0.7554928563379274,0.24358974358974358,0,0.0,0.0
647,33,121260.19,2,0,0,0,0,1.570372278401212,0.22727272727272727,1,0.0,1.0
796,56,94231.13,1,0,1,0,0,0.7777053057963647,0.11607142857142858,1,0.0,1.0
733,39,0.0,2,1,0,1,2,0.0,0.038461538461538464,1,0.0,0.0
556,34,163757.06,1,1,0,0,1,1.5745710668718185,0.25,1,0.0,0.0
489,58,0.0,2,1,0,1,2,0.0,0.07758620689655173,1,0.0,1.0
639,22,0.0,2,0,0,1,0,0.0,0.20454545454545456,1,0.0,0.0
715,35,141005.47,1,1,0,0,1,2.3341825455276233,0.07142857142857142,1,0.0,0.0
807,42,105356.09,2,1,0,0,2,0.8073859396674252,0.2261904761904762,0,1.0,0.0
714,34,0.0,2,0,0,1,0,0.0,0.16176470588235295,1,0.0,1.0
626,23,85897.95,1,0,0,0,0,0.7827134653620523,0.2826086956521739,0,1.0,0.0
697,36,0.0,2,1,0,1,2,0.0,0.20833333333333334,1,0.0,0.0
850,31,164672.66,1,1,0,0,1,2.658707947256168,0.14516129032258066,0,1.0,0.0
737,45,99169.67,2,1,0,0,2,1.2608672766536622,0.05555555555555555,0,1.0,0.0
812,29,0.0,2,0,0,1,0,0.0,0.22413793103448276,1,0.0,0.0
583,36,0.0,2,1,0,1,2,0.0,0.2361111111111111,1,0.0,0.0
730,37,124053.03,1,0,0,0,0,1.046042980565325,0.14864864864864866,0,1.0,0.0
677,36,0.0,2,0,0,1,0,0.0,0.125,1,0.0,0.0
748,40,103499.09,2,0,0,0,0,2.7126533154025805,0.0875,0,1.0,0.0
753,38,151766.71,1,1,0,0,1,0.8392737881930525,0.25,0,1.0,0.0
634,36,0.0,1,1,0,1,1,0.0,0.041666666666666664,0,0.0,1.0
622,29,101486.96,1,1,0,0,1,11.546583080660117,0.25862068965517243,1,0.0,0.0
699,36,123601.56,2,0,0,0,0,1.1935393257070737,0.06944444444444445,1,1.0,0.0
570,38,127201.58,1,0,1,0,0,0.8643215486275396,0.039473684210526314,1,1.0,0.0
552,33,144962.74,1,0,1,0,0,2.4634322494164413,0.10606060606060606,1,1.0,0.0
619,48,0.0,1,0,1,1,0,0.0,0.09375,0,0.0,0.0
714,33,122017.19,1,0,0,0,0,0.750800304978883,0.25757575757575757,1,0.0,1.0
503,32,100262.88,2,1,0,0,2,0.6348876108338123,0.296875,1,0.0,1.0
685,43,117302.62,1,0,0,0,0,1.7073938692101465,0.1511627906976744,0,0.0,1.0
606,35,135984.15,2,0,0,0,0,0.7280449196109923,0.014285714285714285,0,0.0,0.0
678,38,0.0,2,0,0,1,0,0.0,0.09210526315789473,1,0.0,0.0
724,31,160997.54,2,1,0,0,2,2.483289826253433,0.08064516129032258,1,1.0,0.0
779,37,128389.63,1,1,1,0,1,19.482020163395124,0.06756756756756757,0,1.0,0.0
638,35,0.0,2,0,0,1,0,0.0,0.04285714285714286,1,0.0,1.0
610,50,130554.51,3,0,1,0,0,0.7066199204077394,0.11,0,0.0,1.0
646,57,90212.0,1,0,1,0,0,6.484347989221026,0.11403508771929824,0,1.0,0.0
628,29,71996.29,1,1,0,0,1,2.06538929143743,0.3275862068965517,0,0.0,0.0
528,32,85615.66,2,0,0,0,0,0.5481386765115537,0.140625,0,0.0,0.0
432,27,62339.81,2,0,0,0,0,1.1571050531714966,0.24074074074074073,0,0.0,0.0
622,47,142319.03,1,0,0,0,0,1.4205757303682571,0.13829787234042554,0,0.0,1.0
721,54,0.0,2,1,0,1,2,0.0,0.10185185185185185,1,0.0,0.0
614,36,0.0,2,0,0,1,0,0.0,0.1527777777777778,1,0.0,1.0
634,24,87413.19,1,0,0,0,0,1.380027043817141,0.10416666666666667,0,0.0,0.0
742,29,0.0,2,1,0,1,2,0.0,0.15517241379310345,0,0.0,0.0
516,45,0.0,1,0,1,1,0,0.0,0.1,0,0.0,0.0
718,35,97560.16,1,1,0,0,1,1.8231202513644416,0.1,1,0.0,0.0
636,30,141787.31,2,1,0,0,2,1.2926583290339633,0.2833333333333333,1,1.0,0.0
691,36,129934.64,1,0,1,0,0,1.717223000794549,0.20833333333333334,1,0.0,1.0
698,37,166178.02,2,1,0,0,2,2.3088634151661815,0.06756756756756757,0,0.0,0.0
712,39,163097.55,2,1,0,0,2,6.880760244724179,0.14102564102564102,0,0.0,1.0
659,20,0.0,2,0,0,1,0,0.0,0.425,1,0.0,0.0
573,44,0.0,2,0,0,1,0,0.0,0.19318181818181818,1,0.0,1.0
778,35,151958.19,3,1,1,0,3,1.1578704621943858,0.04285714285714286,0,1.0,0.0
732,46,0.0,2,1,0,1,2,0.0,0.010869565217391304,1,0.0,0.0
550,33,118400.91,1,1,1,0,1,8.456821259599561,0.13636363636363635,1,1.0,0.0
790,20,0.0,2,0,0,1,0,0.0,0.425,1,0.0,1.0
665,43,116322.27,4,0,1,0,0,3.263709726293674,0.05813953488372093,0,1.0,0.0
728,43,0.0,1,1,0,1,1,0.0,0.12790697674418605,0,0.0,1.0
645,29,0.0,2,1,0,1,2,0.0,0.15517241379310345,0,0.0,1.0
647,30,143138.91,2,0,0,0,0,35.476218007762185,0.21666666666666667,1,1.0,0.0
596,32,0.0,2,1,0,1,2,0.0,0.140625,1,0.0,1.0
610,40,0.0,1,1,0,1,1,0.0,0.2375,1,0.0,0.0
512,36,129804.17,1,0,0,0,0,2.448123699829693,0.013888888888888888,1,0.0,0.0
768,37,108308.11,1,0,1,0,0,2.5917696536788766,0.25675675675675674,1,1.0,0.0
666,30,110153.27,1,1,0,0,1,1.471644529639497,0.11666666666666667,1,1.0,0.0
700,30,116377.48,1,1,0,0,1,0.8657859185999288,0.15,0,1.0,0.0
651,37,117791.06,2,1,0,0,2,1.5531812436361545,0.28378378378378377,0,1.0,0.0
542,26,0.0,2,1,0,1,2,0.0,0.09615384615384616,0,0.0,1.0
686,35,105419.73,1,0,0,0,0,2.9815413776894606,0.24285714285714285,0,0.0,0.0
850,47,99219.47,2,1,0,0,2,0.8123279821630751,0.09574468085106383,0,1.0,0.0
658,55,119327.93,1,1,0,0,1,0.9990561840498872,0.15454545454545454,0,1.0,0.0
448,36,83947.12,2,0,0,0,0,1.0237387490056467,0.18055555555555555,0,0.0,0.0
609,32,99883.16,1,1,0,0,1,0.8282470748371523,0.140625,1,0.0,1.0
704,50,165438.26,1,0,1,0,0,1.3698423679378664,0.09,1,0.0,0.0
698,31,156111.24,1,0,0,0,0,1.1581662199775744,0.04838709677419355,1,0.0,0.0
759,44,111095.58,2,0,0,0,0,1.1094170385675068,0.056818181818181816,1,0.0,0.0
677,56,119963.45,1,0,1,0,0,0.7576948246371573,0.008928571428571428,0,0.0,0.0
544,22,0.0,2,0,0,1,0,0.0,0.20454545454545456,1,0.0,1.0
567,35,153137.74,1,0,0,0,0,1.7272458729166351,0.24285714285714285,1,0.0,1.0
490,40,156111.08,1,0,0,0,0,0.8178059284678573,0.1625,1,0.0,1.0
626,34,113014.7,2,1,0,0,2,1.995059603920965,0.22058823529411764,1,0.0,0.0
718,43,132615.73,2,0,0,0,0,4.0186463071324035,0.12790697674418605,1,1.0,0.0
616,44,102016.38,1,1,1,0,1,0.572365673739877,0.125,1,0.0,0.0
772,35,0.0,1,1,0,1,1,0.0,0.2714285714285714,0,0.0,0.0
561,32,0.0,2,0,0,1,0,0.0,0.171875,1,0.0,0.0
814,49,0.0,2,0,0,1,0,0.0,0.17346938775510204,1,0.0,0.0
651,56,0.0,1,0,1,1,0,0.0,0.08035714285714286,0,0.0,0.0
538,42,80380.24,1,0,0,0,0,0.6742321133162877,0.10714285714285714,0,1.0,0.0
600,26,108909.12,1,0,0,0,0,1.3193427679237817,0.25,0,0.0,0.0
654,35,90865.8,1,1,0,0,1,1.0472577451903096,0.07142857142857142,0,0.0,0.0
622,40,99799.76,2,0,0,0,0,0.5056400534358451,0.1125,1,0.0,0.0
682,28,200724.96,1,1,1,0,1,2.422060380116042,0.375,1,0.0,0.0
610,37,140363.95,2,1,0,0,2,1.083348911116795,0.28378378378378377,0,0.0,1.0
795,36,151844.64,1,1,0,0,1,1.121536031974027,0.041666666666666664,0,0.0,0.0
557,27,0.0,2,1,0,1,2,0.0,0.09259259259259259,0,0.0,0.0
824,49,133231.48,1,1,0,0,1,1.962565976056755,0.17346938775510204,1,1.0,0.0
698,27,0.0,2,0,0,1,0,0.0,0.2777777777777778,1,0.0,0.0
630,36,126598.99,2,1,0,0,2,0.9418941881316963,0.2361111111111111,0,0.0,0.0
609,71,113317.1,1,0,1,0,0,1.0467200853654774,0.09154929577464789,0,1.0,0.0
694,47,0.0,2,0,0,1,0,0.0,0.09574468085106383,1,0.0,0.0
681,58,93173.88,1,1,0,0,1,0.6666598455591549,0.14655172413793102,0,0.0,0.0
721,32,0.0,1,0,1,1,0,0.0,0.328125,0,0.0,1.0
563,44,105007.31,2,1,0,0,2,0.5308408702434155,0.17045454545454544,1,1.0,0.0
654,32,0.0,1,1,1,1,1,0.0,0.078125,0,0.0,1.0
659,27,0.0,2,0,0,1,0,0.0,0.16666666666666666,1,0.0,1.0
674,44,131593.85,1,1,1,0,1,0.7680006223663672,0.10227272727272728,0,1.0,0.0
576,44,119530.52,1,0,1,0,0,1.0039715203588715,0.2159090909090909,1,1.0,0.0
566,54,118614.6,2,1,0,0,2,0.687212048113754,0.08333333333333333,1,1.0,0.0
545,37,95829.13,2,1,0,0,2,0.9131986466660085,0.25675675675675674,1,1.0,0.0
798,36,0.0,2,1,0,1,2,0.0,0.041666666666666664,1,0.0,0.0
757,38,0.0,1,0,0,1,0,0.0,0.013157894736842105,1,0.0,0.0
641,50,153590.73,2,1,0,0,2,1.1732384205607778,0.13,1,0.0,0.0
718,29,0.0,1,0,0,1,0,0.0,0.08620689655172414,1,0.0,0.0
699,64,113109.52,1,0,1,0,0,4.042253178851968,0.1484375,1,0.0,0.0
623,35,130557.24,1,1,0,0,1,2.726662017709894,0.014285714285714285,0,0.0,0.0
644,40,93183.19,1,0,0,0,0,1.2612180339613084,0.2125,1,0.0,0.0
586,58,151933.63,1,0,1,0,0,0.9323309465666797,0.12931034482758622,1,0.0,0.0
500,30,125495.64,2,1,0,0,2,1.8238400010928886,0.08333333333333333,1,1.0,0.0
583,42,0.0,2,0,0,1,0,0.0,0.17857142857142858,0,0.0,0.0
595,26,118547.72,1,1,0,0,1,0.7840811338183377,0.3269230769230769,0,1.0,0.0
670,43,97792.21,1,0,0,0,0,0.8133989793608105,0.03488372093023256,1,0.0,1.0
610,41,0.0,3,0,1,1,0,0.0,0.15853658536585366,1,0.0,0.0
814,72,0.0,2,1,0,1,2,0.0,0.034722222222222224,0,0.0,1.0
660,40,167181.01,1,1,0,0,1,0.9029102937740613,0.2125,0,0.0,0.0
580,35,121355.19,1,1,0,0,1,3.401930341201684,0.2714285714285714,1,1.0,0.0
850,81,0.0,2,1,0,1,2,0.0,0.018518518518518517,0,0.0,0.0
676,35,0.0,2,0,0,1,0,0.0,0.014285714285714285,1,0.0,1.0
578,46,113226.47,1,0,0,0,0,1.9944153572128114,0.11956521739130435,1,0.0,0.0
579,33,118392.75,1,1,0,0,1,0.7513863260258019,0.045454545454545456,0,0.0,0.0
711,52,145262.54,1,1,0,0,1,1.1048739483782042,0.16346153846153846,0,1.0,0.0
692,40,163505.16,1,0,0,0,0,1.8081835472875947,0.1625,1,0.0,0.0
760,33,118114.28,2,1,0,0,2,0.7539471959906349,0.045454545454545456,0,0.0,1.0
630,51,108449.23,3,0,1,0,0,1.2271664790731267,0.00980392156862745,0,1.0,0.0
808,32,0.0,2,1,0,1,2,0.0,0.046875,1,0.0,0.0
611,36,103294.56,1,0,0,0,0,0.6433829098533832,0.2916666666666667,0,1.0,0.0
697,42,0.0,1,0,1,1,0,0.0,0.03571428571428571,0,0.0,0.0
655,38,0.0,1,1,0,1,1,0.0,0.17105263157894737,0,0.0,0.0
601,28,0.0,2,0,0,1,0,0.0,0.23214285714285715,1,0.0,1.0
755,42,119919.12,1,0,0,0,0,0.7644528840299508,0.05952380952380952,1,0.0,0.0
553,37,0.0,1,0,0,1,0,0.0,0.04054054054054054,1,0.0,0.0
723,28,0.0,2,1,0,1,2,0.0,0.16071428571428573,1,0.0,0.0
507,34,0.0,2,1,0,1,2,0.0,0.1323529411764706,0,0.0,1.0
777,43,0.0,2,0,0,1,0,0.0,0.03488372093023256,1,0.0,0.0
566,34,0.0,1,0,0,1,0,0.0,0.10294117647058823,1,0.0,0.0
732,26,0.0,2,0,0,1,0,0.0,0.28846153846153844,1,0.0,0.0
697,42,0.0,2,0,0,1,0,0.0,0.25,0,0.0,0.0
555,29,128744.04,1,1,0,0,1,2.7129178587375695,0.15517241379310345,1,0.0,0.0
584,62,137727.34,2,1,0,0,2,1.1372659344579323,0.1532258064516129,0,1.0,0.0
705,44,106731.58,1,0,1,0,0,0.7766766430746654,0.23863636363636365,0,1.0,0.0
688,38,123544.21,1,1,0,0,1,0.7835866827023522,0.19736842105263158,0,0.0,0.0
626,37,133968.96,2,0,0,0,0,0.9009911517637457,0.06756756756756757,0,0.0,0.0
636,76,126534.6,1,1,0,0,1,3.180010766356493,0.125,1,0.0,1.0
719,35,0.0,1,1,0,1,1,0.0,0.24285714285714285,0,0.0,1.0
706,30,87609.68,2,0,1,0,0,0.636348865139816,0.21666666666666667,1,0.0,1.0
731,41,0.0,2,0,0,1,0,0.0,0.08536585365853659,1,0.0,1.0
738,49,0.0,3,1,1,1,3,0.0,0.07142857142857142,1,0.0,1.0
426,34,0.0,2,0,0,1,0,0.0,0.27941176470588236,1,0.0,0.0
622,36,108960.0,2,0,1,0,0,0.9800209207843406,0.013888888888888888,0,0.0,1.0
701,30,0.0,2,0,0,1,0,0.0,0.08333333333333333,0,0.0,1.0
512,51,144953.31,1,1,0,0,1,0.8783123723726743,0.12745098039215685,1,0.0,0.0
635,41,103544.88,2,0,0,0,0,0.5344319450749184,0.10975609756097561,1,0.0,0.0
685,33,0.0,1,0,0,1,0,0.0,0.19696969696969696,1,0.0,0.0
609,53,0.0,2,1,0,1,2,0.0,0.14150943396226415,1,0.0,0.0
598,38,101487.18,1,1,1,0,1,1.3360590625868052,0.039473684210526314,1,1.0,0.0
708,52,105355.81,1,0,1,0,0,35.476218007762185,0.20192307692307693,1,0.0,0.0
574,36,77967.5,1,0,1,0,0,0.46668137126241144,0.125,1,0.0,1.0
629,44,0.0,4,0,1,1,0,0.0,0.125,1,0.0,0.0
422,54,0.0,2,1,0,1,2,0.0,0.08333333333333333,0,0.0,1.0
656,28,120047.77,1,1,0,0,1,0.8751471028958101,0.30357142857142855,1,0.0,1.0
697,32,175464.85,3,0,1,0,0,1.5068678848491397,0.234375,1,0.0,0.0
718,52,79475.3,3,1,1,0,3,2.45125271726391,0.16346153846153846,1,0.0,0.0
586,37,167735.69,2,1,0,0,2,1.602568398247429,0.22972972972972974,1,1.0,0.0
481,37,0.0,2,0,0,1,0,0.0,0.22972972972972974,0,0.0,1.0
749,33,74385.98,1,0,0,0,0,3.6887798796655864,0.045454545454545456,0,0.0,0.0
561,49,94754.0,1,1,0,0,1,3.5498613645652997,0.11224489795918367,1,1.0,0.0
676,27,0.0,1,1,0,1,1,0.0,0.16666666666666666,1,0.0,1.0
615,43,86920.86,1,1,0,0,1,0.5792817390702807,0.08139534883720931,1,1.0,0.0
582,39,132077.48,2,0,0,0,0,0.6869870222617066,0.038461538461538464,0,0.0,0.0
601,40,127847.86,1,0,0,0,0,0.7379527272903585,0.2625,1,0.0,0.0
708,34,0.0,1,1,1,1,1,0.0,0.10294117647058823,1,0.0,0.0
708,42,176702.36,2,1,0,0,2,1.685998877542394,0.2261904761904762,1,1.0,0.0
797,33,83555.58,1,0,0,0,0,1.1976179958359217,0.3181818181818182,0,1.0,0.0
682,26,0.0,2,0,0,1,0,0.0,0.3269230769230769,1,0.0,0.0
694,39,0.0,2,0,0,1,0,0.0,0.24358974358974358,0,0.0,1.0
490,40,0.0,1,1,1,1,1,0.0,0.0375,0,0.0,0.0
828,42,0.0,1,1,0,1,1,0.0,0.25,1,0.0,1.0
594,38,96858.35,1,0,0,0,0,1.249584421599369,0.19736842105263158,0,0.0,1.0
579,33,0.0,2,1,0,1,2,0.0,0.045454545454545456,1,0.0,1.0
723,35,0.0,2,1,0,1,2,0.0,0.014285714285714285,0,0.0,0.0
619,42,132796.04,3,1,1,0,3,0.6922865870426466,0.20238095238095238,0,1.0,0.0
794,30,154970.54,1,1,0,0,1,0.9885251239957785,0.05,0,0.0,1.0
674,44,88902.21,1,0,0,0,0,1.2057427461932568,0.07954545454545454,1,1.0,0.0
418,28,98738.92,1,0,0,0,0,0.808068861248787,0.26785714285714285,1,0.0,0.0
502,33,0.0,2,1,0,1,2,0.0,0.25757575757575757,1,0.0,0.0
678,50,0.0,1,0,0,1,0,0.0,0.13,0,0.0,0.0
599,40,137456.28,2,1,0,0,2,9.738926506878578,0.2625,1,1.0,0.0
736,29,0.0,2,0,0,1,0,0.0,0.15517241379310345,1,0.0,0.0
430,60,73937.02,1,0,1,0,0,0.45657434897246874,0.125,0,0.0,0.0
537,45,158621.04,1,0,1,0,0,1.312067534225862,0.16666666666666666,0,0.0,0.0
683,30,113257.2,1,1,0,0,1,1.741453428423203,0.05,1,0.0,1.0
828,31,0.0,1,1,0,1,1,0.0,0.3064516129032258,1,0.0,0.0
691,29,116536.43,1,0,0,0,0,2.2415597994883147,0.3275862068965517,0,0.0,0.0
608,28,0.0,2,0,1,1,0,0.0,0.16071428571428573,0,0.0,1.0
691,60,101070.69,1,0,1,0,0,0.5698720883552252,0.10833333333333334,0,0.0,0.0
718,39,0.0,2,1,0,1,2,0.0,0.16666666666666666,1,0.0,1.0
680,31,127331.46,3,1,0,0,3,0.7216921170790763,0.11290322580645161,0,1.0,0.0
838,41,0.0,2,0,0,1,0,0.0,0.13414634146341464,0,0.0,1.0
695,31,0.0,2,1,0,1,2,0.0,0.1774193548387097,0,0.0,1.0
681,46,105969.42,1,0,0,0,0,18.357439333675178,0.010869565217391304,1,0.0,0.0
762,36,119547.46,1,1,0,0,1,2.8000571500176252,0.1527777777777778,1,0.0,0.0
751,38,0.0,2,0,0,1,0,0.0,0.19736842105263158,1,0.0,1.0
678,28,138668.18,1,1,0,0,1,2.561051886406522,0.19642857142857142,1,0.0,1.0
634,37,51582.5,2,1,0,0,2,0.2798622653920584,0.20270270270270271,0,0.0,0.0
749,37,0.0,2,0,0,1,0,0.0,0.20270270270270271,1,0.0,0.0
590,37,169902.92,1,1,0,0,1,1.3247049404953393,0.17567567567567569,1,0.0,1.0
610,27,87262.4,2,0,0,0,0,0.4775716341853733,0.16666666666666666,0,0.0,0.0
502,33,0.0,2,1,0,1,2,0.0,0.22727272727272727,1,0.0,0.0
578,40,0.0,2,0,0,1,0,0.0,0.1875,0,0.0,0.0
547,32,0.0,2,0,0,1,0,0.0,0.078125,0,0.0,0.0
579,27,0.0,2,0,0,1,0,0.0,0.35185185185185186,0,0.0,0.0
661,39,0.0,2,0,0,1,0,0.0,0.14102564102564102,1,0.0,0.0
794,46,0.0,2,0,0,1,0,0.0,0.14130434782608695,1,0.0,0.0
719,61,0.0,2,1,0,1,2,0.0,0.09016393442622951,1,0.0,0.0
728,69,0.0,2,1,0,1,2,0.0,0.021739130434782608,0,0.0,0.0
598,19,150348.37,1,1,0,0,1,0.8651398877601892,0.18421052631578946,1,1.0,0.0
822,46,115074.02,2,0,0,0,0,4.383628574454323,0.07608695652173914,0,1.0,0.0
670,40,0.0,1,1,0,1,1,0.0,0.0875,0,0.0,1.0
850,28,99986.98,1,0,0,0,0,0.5086233308941669,0.30357142857142855,1,0.0,0.0
723,68,110357.0,1,0,1,0,0,0.7772794395547383,0.051470588235294115,0,1.0,0.0
705,42,166685.92,2,1,0,0,2,3.0134212523983313,0.20238095238095238,1,1.0,0.0
677,40,95312.8,1,1,0,0,1,1.5142054864704926,0.1875,1,0.0,1.0
736,43,202443.47,1,0,0,0,0,2.7971065834917996,0.10465116279069768,1,0.0,0.0
661,47,109493.62,1,0,1,0,0,0.5814077482326961,0.010638297872340425,0,1.0,0.0
501,38,88977.39,2,1,0,0,2,0.6669765772513537,0.25,1,1.0,0.0
516,29,104982.57,1,0,0,0,0,0.6670663587061848,0.08620689655172414,0,0.0,0.0
517,59,154110.99,2,0,1,0,0,1.522217957374615,0.1440677966101695,0,1.0,0.0
766,32,185714.28,1,1,0,0,1,1.811784768324984,0.203125,1,0.0,0.0
520,23,116022.53,2,1,0,0,2,3.0874578816807197,0.15217391304347827,0,1.0,0.0
541,46,0.0,2,1,0,1,2,0.0,0.14130434782608695,1,0.0,0.0
790,34,164011.48,1,0,0,0,0,0.8224366681591511,0.07352941176470588,0,1.0,0.0
797,31,0.0,2,1,0,1,2,0.0,0.3064516129032258,1,0.0,0.0
811,40,101514.89,1,1,0,0,1,0.833688303795805,0.0375,1,0.0,0.0
722,32,0.0,2,1,0,1,2,0.0,0.140625,0,0.0,1.0
675,28,0.0,1,0,0,1,0,0.0,0.3392857142857143,1,0.0,0.0
660,39,134599.33,2,0,0,0,0,0.735126329576251,0.24358974358974358,1,1.0,0.0
566,32,147511.26,1,1,0,0,1,0.9225679353748902,0.328125,1,0.0,1.0
768,25,78396.08,1,1,0,0,1,9.425789238913623,0.02,1,0.0,0.0
610,31,0.0,2,0,0,1,0,0.0,0.1774193548387097,0,0.0,1.0
715,31,110581.29,1,1,0,0,1,1.1675008425165525,0.11290322580645161,0,0.0,0.0
750,42,151836.36,2,0,0,0,0,2.2102527090947146,0.20238095238095238,1,1.0,0.0
431,45,83624.55,2,0,0,0,0,2.2662098902403267,0.12222222222222222,1,1.0,0.0
704,24,148197.15,2,0,0,0,0,0.8108126074265298,0.10416666666666667,1,0.0,0.0
535,30,122924.75,1,0,1,0,0,1.9702134534478126,0.18333333333333332,0,0.0,1.0
614,38,72594.0,1,1,0,0,1,0.9546380570694556,0.11842105263157894,0,0.0,0.0
748,38,115221.36,1,1,0,0,1,1.6238023330784868,0.11842105263157894,1,0.0,0.0
492,51,117808.74,2,1,0,0,2,1.750186147754669,0.16666666666666666,1,1.0,0.0
573,40,147754.68,1,1,0,0,1,1.337685615541323,0.1875,1,0.0,0.0
706,53,0.0,3,0,1,1,0,0.0,0.0660377358490566,0,0.0,1.0
680,31,113292.17,1,1,0,0,1,0.9237727955467976,0.3387096774193548,1,0.0,0.0
458,36,0.0,2,0,0,1,0,0.0,0.1527777777777778,1,0.0,1.0
612,44,115163.38,1,1,1,0,1,1.179004145435455,0.056818181818181816,1,1.0,0.0
809,50,118098.62,1,1,1,0,1,1.1725320097036347,0.21,1,1.0,0.0
590,39,0.0,2,1,0,1,2,0.0,0.24358974358974358,1,0.0,0.0
602,35,0.0,1,1,0,1,1,0.0,0.24285714285714285,1,0.0,0.0
540,37,120825.7,1,0,0,0,0,4.275670417344772,0.013513513513513514,1,0.0,1.0
494,25,0.0,2,1,0,1,2,0.0,0.26,1,0.0,0.0
797,29,0.0,1,1,0,1,1,0.0,0.05172413793103448,1,0.0,0.0
526,61,133845.28,2,1,0,0,2,2.9623715743949997,0.10655737704918032,1,1.0,0.0
631,38,0.0,2,0,0,1,0,0.0,0.19736842105263158,1,0.0,1.0
576,29,108541.04,1,1,0,0,1,0.8582348601159373,0.1896551724137931,0,0.0,0.0
405,39,0.0,1,0,1,1,0,0.0,0.2692307692307692,1,0.0,0.0
555,30,0.0,2,0,0,1,0,0.0,0.05,1,0.0,0.0
750,37,113817.06,1,0,0,0,0,1.2884745005192746,0.06756756756756757,0,0.0,1.0
665,28,137300.23,1,0,0,0,0,1.5225834904985074,0.30357142857142855,1,0.0,0.0
640,37,158024.38,1,0,0,0,0,1.943741067704448,0.14864864864864866,1,0.0,1.0
457,33,127837.54,1,1,0,0,1,2.130122602711993,0.22727272727272727,0,0.0,0.0
695,36,161533.0,1,0,0,0,0,1.6002570191112888,0.125,1,0.0,0.0
645,31,161171.7,2,0,1,0,0,12.790450553688853,0.24193548387096775,1,0.0,0.0
647,32,80958.36,1,1,0,0,1,0.629576723168745,0.296875,1,0.0,1.0
808,25,0.0,2,1,0,1,2,0.0,0.3,1,0.0,1.0
641,33,146193.6,2,1,1,0,2,2.620058880425995,0.07575757575757576,1,0.0,0.0
700,29,0.0,2,1,0,1,2,0.0,0.29310344827586204,1,0.0,1.0
660,26,115021.76,1,1,0,0,1,0.708070009335522,0.17307692307692307,1,1.0,0.0
615,41,126773.43,1,1,0,0,1,2.2820571116278616,0.036585365853658534,1,0.0,1.0
705,40,92889.91,1,1,0,0,1,0.8483275765908852,0.0875,0,1.0,0.0
718,48,0.0,2,1,0,1,2,0.0,0.19791666666666666,1,0.0,0.0
754,61,146622.35,1,1,1,0,1,3.5063511240375145,0.09016393442622951,1,0.0,0.0
713,45,131038.14,1,0,1,0,0,1.770641153073452,0.1,1,1.0,0.0
587,46,88820.29,1,0,0,0,0,1.2647897468349742,0.14130434782608695,0,0.0,0.0
569,31,115406.97,1,0,0,0,0,0.7930157943538761,0.04838709677419355,1,0.0,1.0
568,38,132951.92,1,1,0,0,1,1.0679960233688133,0.09210526315789473,0,0.0,0.0
634,74,108891.7,1,0,0,0,0,10.80379838516046,0.07432432432432433,1,1.0,0.0
770,46,141788.63,2,0,0,0,0,0.8594906254968762,0.11956521739130435,0,1.0,0.0
676,64,116954.32,1,1,0,0,1,1.2830905553102958,0.0703125,0,0.0,1.0
723,47,90450.0,2,0,1,0,0,0.8749248285287595,0.22340425531914893,0,1.0,0.0
614,39,125997.22,1,1,1,0,1,0.9839663057513163,0.21794871794871795,0,1.0,0.0
601,41,0.0,2,0,0,1,0,0.0,0.08536585365853659,0,0.0,1.0
592,60,0.0,4,1,1,1,4,0.0,0.15833333333333333,1,0.0,0.0
605,36,0.0,2,1,0,1,2,0.0,0.2638888888888889,0,0.0,1.0
752,31,144637.86,2,0,0,0,0,3.5715062477591326,0.14516129032258066,0,0.0,1.0
677,29,86616.35,1,0,1,0,0,0.9424562781745044,0.1206896551724138,0,0.0,0.0
850,31,0.0,2,0,0,1,0,0.0,0.27419354838709675,1,0.0,0.0
608,48,127924.25,2,0,0,0,0,3.972357446882508,0.052083333333333336,0,1.0,0.0
786,34,0.0,2,0,0,1,0,0.0,0.27941176470588236,0,0.0,1.0
777,29,131240.61,1,1,1,0,1,0.8014836172050446,0.3275862068965517,0,0.0,0.0
667,31,0.0,2,1,0,1,2,0.0,0.1774193548387097,1,0.0,1.0
848,35,120046.74,2,0,0,0,0,1.4171219661050165,0.15714285714285714,1,0.0,1.0
486,39,97819.36,1,1,0,0,1,0.811561314970235,0.21794871794871795,0,0.0,0.0
598,64,62979.93,1,1,0,0,1,0.4135945351873264,0.0234375,0,0.0,1.0
506,40,0.0,1,1,0,1,1,0.0,0.0875,0,0.0,0.0
612,46,161450.03,1,1,1,0,1,1.6650856005445431,0.20652173913043478,1,1.0,0.0
545,30,0.0,2,0,0,1,0,0.0,0.11666666666666667,1,0.0,0.0
793,56,119496.25,2,0,0,0,0,3.9989388256940046,0.15178571428571427,1,0.0,0.0
682,30,0.0,2,1,0,1,2,0.0,0.31666666666666665,0,0.0,0.0
517,62,43772.66,3,0,1,0,0,0.2331343387876814,0.024193548387096774,1,0.0,0.0
684,32,100249.41,2,1,0,0,2,1.4829643011040272,0.296875,1,0.0,0.0
692,46,0.0,2,1,0,1,2,0.0,0.05434782608695652,1,0.0,1.0
740,60,108028.08,2,0,1,0,0,4.15789745133253,0.09166666666666666,0,0.0,0.0
666,71,53013.29,2,1,0,0,2,0.4723896854530828,0.02112676056338028,1,1.0,0.0
693,68,0.0,2,1,0,1,2,0.0,0.03676470588235294,1,0.0,0.0
757,33,122088.67,1,0,0,0,0,2.867136629507852,0.045454545454545456,1,1.0,0.0
684,18,90544.0,1,1,0,0,1,18.94927619641583,0.5277777777777778,1,1.0,0.0
691,35,0.0,2,1,0,1,2,0.0,0.18571428571428572,1,0.0,1.0
842,44,141252.18,4,1,1,0,4,1.099049222328663,0.07954545454545454,1,0.0,0.0
482,35,147813.05,2,0,0,0,0,1.3557009437340228,0.15714285714285714,0,0.0,0.0
735,55,134140.68,1,0,0,0,0,35.476218007762185,0.11818181818181818,1,0.0,0.0
681,63,0.0,2,1,0,1,2,0.0,0.11904761904761904,0,0.0,0.0
616,31,0.0,1,1,0,1,1,0.0,0.27419354838709675,0,0.0,0.0
850,35,128548.49,4,0,1,0,0,1.7030812818503458,0.07142857142857142,0,0.0,0.0
635,43,122198.21,2,1,0,0,2,0.6821169536232943,0.2441860465116279,1,0.0,0.0
638,42,145177.84,1,0,1,0,0,0.7503787872131237,0.20238095238095238,1,1.0,0.0
820,31,94222.53,1,0,0,0,0,0.9097315099283781,0.08064516129032258,0,0.0,1.0
694,58,143212.22,1,0,1,0,0,1.3954285685332763,0.02586206896551724,0,1.0,0.0
713,41,0.0,2,0,0,1,0,0.0,0.08536585365853659,1,0.0,0.0
543,41,143350.41,1,1,1,0,1,0.7463401064480477,0.15853658536585366,1,1.0,0.0
649,41,130931.83,1,1,0,0,1,0.9041668367178174,0.08536585365853659,0,0.0,0.0
777,30,137851.31,1,0,1,0,0,27.51946107485582,0.15,0,0.0,0.0
561,33,0.0,2,0,0,1,0,0.0,0.19696969696969696,1,0.0,0.0
724,41,0.0,1,1,0,1,1,0.0,0.13414634146341464,1,0.0,1.0
665,51,0.0,1,1,1,1,1,0.0,0.16666666666666666,0,0.0,1.0
441,60,140614.15,1,1,0,0,1,0.806355957255507,0.025,1,0.0,0.0
579,22,118680.57,1,1,0,0,1,2.381670974577972,0.1590909090909091,1,0.0,1.0
777,35,122917.69,1,1,0,0,1,1.6137139644808214,0.21428571428571427,1,1.0,0.0
739,36,0.0,2,0,0,1,0,0.0,0.013888888888888888,0,0.0,0.0
660,40,131754.11,2,1,0,0,2,3.398999964140701,0.1375,1,0.0,0.0
554,35,0.0,2,1,0,1,2,0.0,0.24285714285714285,0,0.0,0.0
850,24,0.0,2,1,0,1,2,0.0,0.2708333333333333,0,0.0,0.0
842,35,119948.09,1,0,1,0,0,2.4875705557377104,0.2714285714285714,0,1.0,0.0
785,38,0.0,1,0,1,1,0,0.0,0.039473684210526314,0,0.0,0.0
550,25,0.0,2,1,0,1,2,0.0,0.02,1,0.0,0.0
750,39,0.0,2,0,0,1,0,0.0,0.16666666666666666,0,0.0,1.0
490,38,97266.1,1,1,0,0,1,1.048146069165328,0.09210526315789473,0,0.0,1.0
605,28,113690.83,1,0,0,0,0,3.43318755956472,0.375,1,1.0,0.0
563,42,99056.22,2,0,1,0,0,0.6417680198018839,0.15476190476190477,0,0.0,1.0
675,34,0.0,2,1,0,1,2,0.0,0.25,1,0.0,0.0
621,36,116338.68,1,1,0,0,1,0.7469842911928563,0.20833333333333334,0,0.0,1.0
850,40,97339.99,1,1,0,0,1,1.095970500893699,0.1625,1,0.0,0.0
711,41,0.0,2,1,0,1,2,0.0,0.08536585365853659,1,0.0,0.0
549,55,137592.31,2,1,1,0,2,1.1805531269160392,0.02727272727272727,0,1.0,0.0
764,34,108760.27,2,0,1,0,0,0.6538990134963435,0.19117647058823528,1,1.0,0.0
627,30,128770.88,2,1,0,0,2,3.2032549245634514,0.11666666666666667,1,1.0,0.0
850,34,0.0,2,0,0,1,0,0.0,0.07352941176470588,0,0.0,0.0
614,36,44054.84,1,1,0,0,1,0.6007744707219738,0.041666666666666664,0,0.0,1.0
685,44,119657.53,1,0,1,0,0,0.8230217682952623,0.056818181818181816,0,1.0,0.0
683,49,108797.63,2,0,0,0,0,0.7729070705345636,0.15306122448979592,0,1.0,0.0
643,35,0.0,2,0,0,1,0,0.0,0.07142857142857142,1,0.0,1.0
561,49,102025.32,1,0,1,0,0,0.7668041761516344,0.030612244897959183,0,1.0,0.0
601,20,122446.61,2,0,0,0,0,1.4107906291874106,0.475,0,0.0,1.0
766,27,158786.67,2,1,0,0,2,3.337239085544948,0.2777777777777778,0,0.0,0.0
699,29,125689.29,1,1,0,0,1,0.8289499119239865,0.1206896551724138,1,0.0,0.0
850,29,154640.41,1,1,0,0,1,0.9426964717434736,0.05172413793103448,1,1.0,0.0
792,50,146710.76,1,0,1,0,0,8.875746246082738,0.09,0,1.0,0.0
636,67,136709.35,1,1,1,0,1,2.047954357859667,0.11194029850746269,1,1.0,0.0
850,43,129305.09,2,1,0,0,2,6.718690213545135,0.12790697674418605,1,1.0,0.0
628,40,0.0,2,0,0,1,0,0.0,0.2625,1,0.0,1.0
736,63,0.0,2,1,0,1,2,0.0,0.16666666666666666,0,0.0,0.0
711,21,82844.33,2,1,0,0,2,35.476218007762185,0.023809523809523808,0,0.0,0.0
583,22,0.0,2,1,0,1,2,0.0,0.11363636363636363,0,0.0,1.0
757,46,0.0,2,0,0,1,0,0.0,0.010869565217391304,1,0.0,0.0
749,33,76692.22,1,1,0,0,1,2.5229836864498085,0.3181818181818182,0,1.0,0.0
705,34,117715.84,1,0,0,0,0,35.476218007762185,0.22058823529411764,1,0.0,0.0
585,54,87105.32,1,1,0,0,1,1.573799838618581,0.1574074074074074,1,0.0,0.0
437,43,0.0,1,0,1,1,0,0.0,0.1511627906976744,0,0.0,0.0
741,64,69311.16,1,1,0,0,1,1.1700313578686372,0.0390625,0,0.0,0.0
738,26,0.0,2,1,0,1,2,0.0,0.36538461538461536,1,0.0,0.0
586,33,66948.67,2,1,0,0,2,0.47562273182237885,0.3181818181818182,0,0.0,1.0
627,57,0.0,2,1,0,1,2,0.0,0.16666666666666666,0,0.0,0.0
551,76,128410.71,2,1,0,0,2,0.7066415407947172,0.03289473684210526,1,0.0,1.0
606,38,99897.53,1,0,0,0,0,2.6958784962617037,0.09210526315789473,1,1.0,0.0
674,22,0.0,1,1,0,1,1,0.0,0.1590909090909091,1,0.0,0.0
584,31,152622.34,1,0,0,0,0,1.5369853715717452,0.20967741935483872,0,1.0,0.0
590,40,0.0,2,0,0,1,0,0.0,0.2125,1,0.0,0.0
585,56,138227.19,2,1,0,0,2,2.5000920619785116,0.08035714285714286,1,0.0,0.0
508,25,111395.53,1,1,0,0,1,2.3112036044604287,0.1,0,0.0,0.0
458,44,84386.57,1,0,0,0,0,0.4723735336247178,0.17045454545454544,1,1.0,0.0
692,36,0.0,2,1,0,1,2,0.0,0.09722222222222222,0,0.0,0.0
502,33,174673.65,2,0,0,0,0,5.245209233441316,0.16666666666666666,1,1.0,0.0
518,46,0.0,2,0,0,1,0,0.0,0.07608695652173914,1,0.0,0.0
660,46,109019.65,2,1,0,0,2,3.2367755531513387,0.11956521739130435,1,1.0,0.0
698,52,107906.75,1,0,1,0,0,0.6389272165316783,0.028846153846153848,0,1.0,0.0
678,54,128914.97,1,0,1,0,0,0.6723172480770647,0.1388888888888889,1,0.0,0.0
773,63,111179.83,1,1,0,0,1,1.1943003277831976,0.15079365079365079,1,0.0,1.0
619,52,124099.13,1,0,0,0,0,5.191233238180972,0.16346153846153846,0,1.0,0.0
684,59,122471.09,1,1,0,0,1,7.74737776338288,0.16101694915254236,1,1.0,0.0
635,34,134692.4,2,1,0,0,2,1.6078063342310658,0.10294117647058823,1,0.0,0.0
680,25,123816.5,1,1,0,0,1,1.373246446588331,0.18,0,0.0,0.0
608,34,106288.54,1,1,0,0,1,2.9008683073941905,0.10294117647058823,1,1.0,0.0
603,55,127723.25,2,0,1,0,0,0.9157750718057082,0.13636363636363635,0,1.0,0.0
579,43,145843.82,1,1,1,0,1,0.7350874130817435,0.05813953488372093,1,0.0,1.0
756,34,148200.72,1,0,0,0,0,0.7616227068946768,0.07352941176470588,0,1.0,0.0
611,30,104145.65,1,0,0,0,0,0.6524164157958646,0.08333333333333333,1,0.0,0.0
532,24,142755.25,1,0,0,0,0,4.170169675115562,0.3541666666666667,1,1.0,0.0
684,63,81245.79,1,0,1,0,0,1.1665818786918845,0.05555555555555555,0,1.0,0.0
647,33,168560.46,2,0,0,0,0,1.8672681286027561,0.10606060606060606,0,1.0,0.0
583,38,0.0,1,0,0,1,0,0.0,0.2236842105263158,1,0.0,0.0
774,42,132193.94,2,1,0,0,2,0.8116704403090335,0.05952380952380952,1,1.0,0.0
677,58,0.0,1,1,0,1,1,0.0,0.16379310344827586,1,0.0,0.0
542,25,139330.1,1,0,0,0,0,2.5624694588545824,0.34,1,1.0,0.0
613,29,0.0,2,1,0,1,2,0.0,0.017241379310344827,1,0.0,1.0
666,40,0.0,2,0,0,1,0,0.0,0.1375,1,0.0,0.0
777,28,134571.5,1,1,0,0,1,1.1374061208789668,0.08928571428571429,0,0.0,0.0
581,50,143829.2,2,0,1,0,0,0.7936488316969535,0.05,1,1.0,0.0
705,32,0.0,2,0,0,1,0,0.0,0.234375,1,0.0,0.0
673,44,133444.97,1,1,0,0,1,23.373713258798535,0.19318181818181818,0,0.0,0.0
594,23,104753.84,2,0,1,0,0,1.845638075800352,0.1956521739130435,0,1.0,0.0
648,51,116574.84,1,0,1,0,0,28.28086093293612,0.049019607843137254,0,1.0,0.0
605,41,0.0,2,1,0,1,2,0.0,0.25609756097560976,1,0.0,0.0
734,40,176914.8,1,1,0,0,1,13.821220399945938,0.2375,0,0.0,0.0
572,36,68348.18,2,1,0,0,2,1.3560791661805682,0.2361111111111111,0,0.0,0.0
595,33,0.0,2,1,0,1,2,0.0,0.2878787878787879,0,0.0,0.0
749,42,56726.83,2,1,0,0,2,0.3057319180023536,0.05952380952380952,1,0.0,0.0
573,46,65269.23,1,1,1,0,1,0.3435409771005947,0.07608695652173914,1,0.0,1.0
624,33,66220.17,1,1,0,0,1,0.3876604971513583,0.19696969696969696,1,0.0,1.0
703,56,0.0,1,0,1,1,0,0.0,0.16964285714285715,1,0.0,0.0
665,41,96147.55,1,0,0,0,0,0.7016073603005043,0.2073170731707317,0,0.0,0.0
648,42,0.0,2,0,0,1,0,0.0,0.10714285714285714,1,0.0,0.0
850,48,0.0,1,0,1,1,0,0.0,0.052083333333333336,1,0.0,1.0
569,32,145330.43,1,1,0,0,1,1.1006574918973202,0.265625,0,1.0,0.0
566,21,0.0,2,1,0,1,2,0.0,0.16666666666666666,0,0.0,0.0
537,47,124192.28,2,1,0,0,2,2.440765599024105,0.09574468085106383,0,1.0,0.0
706,46,111288.18,1,1,1,0,1,0.74604308806154,0.16304347826086957,0,1.0,0.0
734,43,107805.67,1,0,0,0,0,0.5906943789673891,0.1744186046511628,1,0.0,0.0
586,36,103700.69,1,0,1,0,0,0.5343370317935117,0.1527777777777778,0,1.0,0.0
612,38,0.0,2,1,0,1,2,0.0,0.039473684210526314,0,0.0,0.0
648,34,0.0,1,1,0,1,1,0.0,0.014705882352941176,1,0.0,0.0
557,27,87739.08,1,1,0,0,1,0.7127605128810027,0.12962962962962962,0,0.0,0.0
643,20,133313.34,1,1,0,0,1,33.60820734667947,0.025,0,0.0,1.0
433,49,0.0,1,1,0,1,1,0.0,0.21428571428571427,0,0.0,0.0
643,41,154902.66,1,1,0,0,1,3.1187441964972415,0.18292682926829268,1,1.0,0.0
488,36,0.0,2,0,0,1,0,0.0,0.013888888888888888,0,0.0,0.0
758,68,112595.85,1,0,1,0,0,3.139309337642654,0.09558823529411764,1,1.0,0.0
743,39,119695.75,1,1,0,0,1,4.579529198500371,0.08974358974358974,1,1.0,0.0
730,47,0.0,1,0,1,1,0,0.0,0.1595744680851064,0,0.0,0.0
746,49,0.0,2,1,0,1,2,0.0,0.15306122448979592,1,0.0,1.0
666,59,152614.51,2,1,0,0,2,0.8084110723776945,0.1440677966101695,0,1.0,0.0
580,33,131647.01,2,0,0,0,0,1.6502042777425194,0.22727272727272727,0,1.0,0.0
850,27,96654.72,2,0,0,0,0,0.6328007460464488,0.24074074074074073,1,0.0,0.0
563,22,137583.04,1,1,0,0,1,23.750492417376595,0.1590909090909091,1,0.0,0.0
766,28,62717.84,2,1,0,0,2,4.7573233976286895,0.125,0,1.0,0.0
659,32,95377.13,1,1,0,0,1,0.5085363416613953,0.296875,1,0.0,0.0
607,28,135936.1,2,1,0,0,2,1.2295106580847484,0.05357142857142857,1,0.0,1.0
644,35,161591.11,3,1,0,0,3,2.5329102074686713,0.15714285714285714,1,1.0,0.0
746,47,142382.03,1,1,0,0,1,2.2932434839666906,0.18085106382978725,1,0.0,0.0
588,33,0.0,2,1,0,1,2,0.0,0.07575757575757576,1,0.0,1.0
691,30,0.0,2,1,0,1,2,0.0,0.31666666666666665,1,0.0,1.0
666,38,127043.09,1,1,0,0,1,15.402896459747817,0.17105263157894737,0,0.0,0.0
640,46,0.0,1,1,0,1,1,0.0,0.07608695652173914,0,0.0,1.0
611,29,78885.88,2,1,0,0,2,2.9294362258245763,0.15517241379310345,0,1.0,0.0
651,45,95922.9,1,0,1,0,0,1.1313874811844107,0.18888888888888888,0,0.0,1.0
529,29,0.0,2,0,0,1,0,0.0,0.29310344827586204,0,0.0,0.0
676,36,91711.59,1,1,0,0,1,0.9613935530617459,0.09722222222222222,0,0.0,0.0
639,46,110031.09,2,1,0,0,2,0.8211484337026785,0.22826086956521738,0,1.0,0.0
782,36,81210.72,2,1,0,0,2,0.7519206165527731,0.1527777777777778,1,0.0,0.0
641,32,122947.92,1,1,0,0,1,1.2399460808468608,0.171875,1,1.0,0.0
697,38,182065.85,1,0,0,0,0,3.6777636376491025,0.039473684210526314,0,0.0,0.0
623,45,0.0,1,0,1,1,0,0.0,0.011111111111111112,1,0.0,0.0
494,41,69974.66,2,0,1,0,0,0.3713619158769759,0.06097560975609756,0,0.0,1.0
731,38,123711.73,2,0,1,0,0,0.7220177250509041,0.27631578947368424,0,0.0,0.0
657,44,76495.04,1,0,0,0,0,0.9673990668609683,0.14772727272727273,1,0.0,0.0
744,38,0.0,2,0,0,1,0,0.0,0.25,0,0.0,0.0
774,46,0.0,2,1,0,1,2,0.0,0.20652173913043478,1,0.0,1.0
850,45,121874.89,1,0,1,0,0,17.749433838060938,0.03333333333333333,0,1.0,0.0
551,45,0.0,2,1,0,1,2,0.0,0.14444444444444443,0,0.0,0.0
638,36,188455.19,1,0,1,0,0,4.006922674581777,0.18055555555555555,1,0.0,0.0
792,42,99045.93,2,0,0,0,0,2.100165581695557,0.011904761904761904,0,0.0,0.0
666,36,0.0,1,1,0,1,1,0.0,0.2361111111111111,0,0.0,0.0
716,30,205770.78,2,0,0,0,0,3.143186519466847,0.08333333333333333,0,1.0,0.0
594,31,79340.95,1,0,0,0,0,1.013852970844984,0.016129032258064516,0,0.0,0.0
600,57,138456.03,2,1,0,0,2,1.3371031658848325,0.16666666666666666,1,1.0,0.0
565,49,0.0,2,1,0,1,2,0.0,0.15306122448979592,1,0.0,0.0
678,48,101099.9,2,1,0,0,2,0.5225421062881672,0.052083333333333336,1,1.0,0.0
648,31,0.0,2,1,0,1,2,0.0,0.1774193548387097,0,0.0,1.0
642,40,109219.83,1,0,0,0,0,2.0674410465106816,0.2125,1,0.0,0.0
706,67,123276.69,2,1,1,0,2,1.4250177554026824,0.022388059701492536,1,1.0,0.0
668,43,113034.31,1,1,0,0,1,1.125560817199881,0.2441860465116279,1,0.0,1.0
635,41,0.0,2,0,0,1,0,0.0,0.036585365853658534,1,0.0,1.0
603,30,129548.5,2,1,0,0,2,6.71797903426961,0.21666666666666667,1,0.0,1.0
635,72,74812.84,1,1,0,0,1,2.7254887459912496,0.0625,0,0.0,0.0
642,40,0.0,2,0,0,1,0,0.0,0.1875,0,0.0,0.0
785,54,0.0,2,0,1,1,0,0.0,0.027777777777777776,0,0.0,1.0
628,28,153538.13,2,0,0,0,0,1.3860107796735082,0.125,0,1.0,0.0
499,38,0.0,2,1,0,1,2,0.0,0.25,0,0.0,0.0
567,34,0.0,2,1,0,1,2,0.0,0.3088235294117647,1,0.0,1.0
449,32,155619.36,1,1,0,0,1,0.9335684881365465,0.015625,1,0.0,1.0
701,35,159693.9,2,1,0,0,2,2.2436910112927864,0.3,1,0.0,1.0
613,37,171653.17,1,1,0,0,1,32.060015464726234,0.0945945945945946,1,0.0,1.0
683,39,47685.47,2,1,0,0,2,0.5543501966043436,0.0641025641025641,0,1.0,0.0
581,35,0.0,2,1,0,1,2,0.0,0.12857142857142856,1,0.0,0.0
620,61,0.0,1,0,1,1,0,0.0,0.09016393442622951,1,0.0,0.0
561,28,123692.0,1,1,0,0,1,1.7532540060972392,0.23214285714285715,1,0.0,1.0
558,26,148853.29,2,1,0,0,2,6.09754088354835,0.057692307692307696,1,1.0,0.0
642,35,133161.95,1,1,0,0,1,1.0892070940403185,0.07142857142857142,1,0.0,0.0
805,24,143221.35,2,0,0,0,0,0.7698552737330566,0.2708333333333333,1,1.0,0.0
687,35,0.0,2,1,0,1,2,0.0,0.2714285714285714,1,0.0,0.0
695,56,0.0,3,0,1,1,0,0.0,0.026785714285714284,1,0.0,1.0
562,33,0.0,2,0,0,1,0,0.0,0.19696969696969696,1,0.0,0.0
613,38,126265.88,2,0,0,0,0,7.960801843521352,0.25,1,1.0,0.0
589,37,0.0,1,0,0,1,0,0.0,0.14864864864864866,1,0.0,0.0
593,31,112713.34,1,1,0,0,1,0.6372669763067077,0.27419354838709675,1,0.0,1.0
714,34,141173.03,1,1,0,0,1,1.4274744871081102,0.16176470588235295,1,0.0,0.0
588,35,0.0,2,1,0,1,2,0.0,0.21428571428571427,0,0.0,1.0
679,39,0.0,2,0,0,1,0,0.0,0.16666666666666666,1,0.0,1.0
730,38,118866.36,1,1,0,0,1,0.7278193223670313,0.14473684210526316,1,0.0,1.0
833,47,0.0,2,1,0,1,2,0.0,0.05319148936170213,1,0.0,0.0
586,33,0.0,2,1,0,1,2,0.0,0.22727272727272727,0,0.0,1.0
567,54,92316.31,2,0,1,0,0,0.5821006602743171,0.10185185185185185,0,0.0,1.0
637,30,122185.53,1,0,1,0,0,1.191269921279127,0.05,1,1.0,0.0
711,38,123345.85,1,0,0,0,0,0.8696810796507313,0.11842105263157894,1,0.0,0.0
828,30,73070.18,2,0,0,0,0,0.45196516530521796,0.15,1,0.0,0.0
500,38,0.0,2,0,0,1,0,0.0,0.19736842105263158,1,0.0,1.0
807,47,95120.59,1,0,0,0,0,0.7438496325740306,0.031914893617021274,1,0.0,0.0
850,40,102800.65,1,0,0,0,0,1.6904509528952572,0.2125,1,0.0,0.0
782,70,97072.42,1,1,0,0,1,0.7400040951920219,0.10714285714285714,0,0.0,0.0
629,31,132876.55,1,1,0,0,1,1.015385848616925,0.20967741935483872,1,0.0,1.0
582,33,0.0,2,1,0,1,2,0.0,0.19696969696969696,1,0.0,1.0
468,22,0.0,2,0,0,1,0,0.0,0.11363636363636363,1,0.0,0.0
670,36,0.0,1,0,1,1,0,0.0,0.09722222222222222,1,0.0,0.0
805,39,0.0,1,0,0,1,0,0.0,0.0641025641025641,1,0.0,0.0
720,26,51962.91,2,0,0,0,0,1.1418351929233037,0.40384615384615385,1,0.0,0.0
781,29,98759.89,1,0,0,0,0,0.8801843683502603,0.22413793103448276,0,0.0,1.0
592,33,156570.86,1,1,0,0,1,4.215557386406471,0.07575757575757576,1,1.0,0.0
542,42,0.0,1,1,1,1,1,0.0,0.03571428571428571,0,0.0,0.0
532,42,159024.71,1,0,1,0,0,1.5747526363848188,0.03571428571428571,1,0.0,0.0
520,39,73493.17,1,1,1,0,1,0.6703921739080463,0.038461538461538464,0,0.0,0.0
759,45,0.0,2,1,0,1,2,0.0,0.18888888888888888,0,0.0,0.0
473,35,69617.36,1,0,0,0,0,0.48565725514834,0.18571428571428572,0,0.0,0.0
639,35,136526.26,2,0,0,0,0,2.2886343135576928,0.15714285714285714,0,0.0,1.0
705,25,113736.27,1,1,0,0,1,0.5777355933319183,0.14,1,0.0,0.0
530,52,106723.28,1,0,1,0,0,0.9705522119580144,0.028846153846153848,1,0.0,0.0
516,33,138847.9,1,1,0,0,1,1.0910766106883905,0.3181818181818182,0,1.0,0.0
850,40,0.0,2,0,0,1,0,0.0,0.0125,0,0.0,0.0
746,33,107868.14,2,1,0,0,2,0.7378454841326626,0.07575757575757576,0,1.0,0.0
622,33,96926.12,2,0,0,0,0,1.9962224102801847,0.10606060606060606,1,1.0,0.0
743,30,77599.23,1,0,0,0,0,0.5373606466673267,0.25,1,0.0,0.0
732,38,178787.54,1,1,0,0,1,0.913292514622255,0.14473684210526316,1,1.0,0.0
850,81,0.0,2,1,0,1,2,0.0,0.06790123456790123,1,0.0,0.0
850,34,129668.43,2,1,0,0,2,1.4611352145061933,0.10294117647058823,0,1.0,0.0
686,34,146178.13,2,1,0,0,2,1.6454439429204426,0.19117647058823528,1,0.0,0.0
556,40,0.0,2,0,0,1,0,0.0,0.2125,0,0.0,0.0
673,37,0.0,2,0,0,1,0,0.0,0.12162162162162163,1,0.0,0.0
809,38,154763.21,2,1,0,0,2,0.8853664197367856,0.06578947368421052,0,0.0,0.0
634,56,116251.24,1,1,1,0,1,2.739779141983386,0.0625,0,1.0,0.0
630,37,0.0,2,1,0,1,2,0.0,0.17567567567567569,1,0.0,0.0
564,30,100954.88,2,0,0,0,0,0.7524055504648182,0.016666666666666666,0,1.0,0.0
625,51,124620.01,2,0,1,0,0,1.3509685192488605,0.08823529411764706,0,0.0,0.0
677,34,0.0,2,1,0,1,2,0.0,0.1323529411764706,0,0.0,1.0
583,40,112701.04,1,0,0,0,0,3.857691848228096,0.2375,1,0.0,0.0
592,45,84692.5,1,1,0,0,1,1.2600234292870849,0.18888888888888888,1,0.0,1.0
637,49,108204.52,1,0,1,0,0,0.6401163188294478,0.05102040816326531,1,1.0,0.0
850,30,86449.39,1,1,0,0,1,0.45786390917483655,0.21666666666666667,1,0.0,0.0
633,42,0.0,1,1,0,1,1,0.0,0.25,1,0.0,1.0
751,36,73194.99,1,1,0,0,1,0.820354040621064,0.1527777777777778,1,1.0,0.0
592,31,124593.23,1,0,0,0,0,1.447400792767993,0.24193548387096775,1,1.0,0.0
716,50,119655.77,1,1,1,0,1,9.243275291093125,0.05,1,1.0,0.0
641,42,121765.37,2,1,0,0,2,0.7312451927072798,0.08333333333333333,1,1.0,0.0
849,35,110837.73,1,0,0,0,0,0.8767365022211534,0.12857142857142856,1,0.0,0.0
647,47,99835.17,1,1,0,0,1,1.1204335829852852,0.22340425531914893,1,0.0,1.0
608,30,91057.37,2,0,0,0,0,0.6847748701871949,0.08333333333333333,0,1.0,0.0
555,26,0.0,2,0,0,1,0,0.0,0.28846153846153844,0,0.0,0.0
497,27,149400.27,1,0,0,0,0,0.8918184401813265,0.2777777777777778,1,0.0,1.0
599,38,89111.63,1,0,0,0,0,0.5667215083127386,0.25,1,1.0,0.0
545,33,132527.9,2,1,0,0,2,1.2336128095960641,0.045454545454545456,1,1.0,0.0
774,36,114997.42,1,0,0,0,0,1.5270869472435395,0.2638888888888889,0,0.0,0.0
464,46,161798.53,1,0,0,0,0,0.8844085070813724,0.14130434782608695,1,0.0,0.0
696,27,96129.32,2,1,0,0,2,16.06251274082243,0.09259259259259259,0,1.0,0.0
667,45,0.0,2,0,0,1,0,0.0,0.07777777777777778,1,0.0,1.0
812,32,133050.97,2,0,0,0,0,1.4884836618153976,0.171875,1,0.0,0.0
516,51,120124.35,2,1,0,0,2,0.7117444965336597,0.16666666666666666,1,0.0,0.0
645,39,0.0,2,0,0,1,0,0.0,0.21794871794871795,1,0.0,0.0
664,32,133705.74,1,0,0,0,0,0.9944138208216108,0.171875,1,0.0,1.0
427,39,0.0,2,0,0,1,0,0.0,0.24358974358974358,0,0.0,1.0
685,40,0.0,2,0,0,1,0,0.0,0.1875,0,0.0,0.0
585,33,152805.05,1,0,0,0,0,2.4162473029609908,0.13636363636363635,0,0.0,0.0
519,21,151701.45,3,1,1,0,3,0.8916288663526346,0.07142857142857142,0,1.0,0.0
708,67,0.0,2,1,0,1,2,0.0,0.022388059701492536,0,0.0,0.0
717,22,112465.06,1,1,0,0,1,1.209578102523426,0.25,0,0.0,0.0
465,24,156007.09,1,0,0,0,0,0.8152145246650496,0.2708333333333333,1,1.0,0.0
829,28,132405.52,3,0,1,0,0,1.2623249836495687,0.125,1,1.0,0.0
826,26,142662.68,1,0,0,0,0,2.366419567961543,0.21153846153846154,1,0.0,0.0
747,36,102603.3,2,1,0,0,2,0.5678271200231153,0.2361111111111111,1,1.0,0.0
707,32,0.0,2,0,0,1,0,0.0,0.296875,1,0.0,1.0
590,37,0.0,2,0,0,1,0,0.0,0.04054054054054054,1,0.0,1.0
603,57,105000.85,2,1,1,0,2,1.2012007563156337,0.11403508771929824,1,0.0,1.0
615,45,0.0,2,1,0,1,2,0.0,0.12222222222222222,1,0.0,0.0
634,36,69518.95,1,0,0,0,0,0.5980670579912712,0.041666666666666664,0,0.0,0.0
716,41,126145.54,2,1,0,0,2,0.9137525453236199,0.2073170731707317,1,1.0,0.0
647,41,138937.35,1,1,1,0,1,1.3672427617610312,0.10975609756097561,1,0.0,0.0
591,44,113581.98,1,0,0,0,0,35.476218007762185,0.23863636363636365,0,1.0,0.0
574,34,112572.39,1,0,0,0,0,0.6796716851539236,0.04411764705882353,1,0.0,0.0
467,51,114514.71,2,0,1,0,0,0.6441166127665626,0.20588235294117646,1,1.0,0.0
701,35,0.0,2,1,0,1,2,0.0,0.07142857142857142,0,0.0,0.0
747,34,0.0,2,1,0,1,2,0.0,0.3088235294117647,0,0.0,0.0
650,32,84906.45,1,0,0,0,0,0.5202043923236653,0.078125,1,0.0,0.0
731,39,126816.18,1,1,0,0,1,1.694227256398065,0.0641025641025641,0,0.0,1.0
638,26,105249.76,2,1,0,0,2,4.480221214885521,0.057692307692307696,0,1.0,0.0
569,41,0.0,2,0,0,1,0,0.0,0.06097560975609756,1,0.0,1.0
459,50,109387.9,1,0,0,0,0,0.7024556236861615,0.11,1,1.0,0.0
632,23,122478.51,1,0,1,0,0,0.8318755524028544,0.15217391304347827,1,1.0,0.0
683,73,137732.23,2,1,0,0,2,1.033936950159836,0.11643835616438356,0,0.0,0.0
850,46,157866.77,1,1,0,0,1,8.314413665684949,0.05434782608695652,0,0.0,0.0
512,41,0.0,1,1,0,1,1,0.0,0.15853658536585366,0,0.0,0.0
616,31,136789.14,1,0,1,0,0,2.3048885039614206,0.11290322580645161,0,0.0,0.0
664,36,0.0,2,1,0,1,2,0.0,0.041666666666666664,1,0.0,0.0
694,30,144684.03,1,1,0,0,1,4.54888389130646,0.35,1,0.0,0.0
655,24,107065.31,1,1,0,0,1,2.0605007773164474,0.3958333333333333,1,0.0,0.0
607,33,91301.72,1,1,0,0,1,0.6978889524425538,0.25757575757575757,0,0.0,0.0
684,39,207034.96,2,0,1,0,0,1.3128758820148365,0.11538461538461539,1,0.0,1.0
763,37,0.0,2,1,0,1,2,0.0,0.22972972972972974,1,0.0,1.0
671,50,0.0,1,1,0,1,1,0.0,0.17,1,0.0,1.0
592,38,0.0,1,1,1,1,1,0.0,0.09210526315789473,1,0.0,1.0
666,36,0.0,2,0,0,1,0,0.0,0.18055555555555555,0,0.0,1.0
667,34,0.0,2,1,0,1,2,0.0,0.16176470588235295,1,0.0,0.0
850,36,0.0,2,1,0,1,2,0.0,0.18055555555555555,1,0.0,1.0
622,42,0.0,2,0,0,1,0,0.0,0.2261904761904762,1,0.0,1.0
577,30,92472.1,2,1,0,0,2,0.7313770226599927,0.2833333333333333,0,0.0,0.0
555,21,0.0,2,0,0,1,0,0.0,0.07142857142857142,1,0.0,1.0
547,62,127738.75,2,1,0,0,2,1.5000910115790216,0.1693548387096774,1,0.0,0.0
613,50,101242.98,2,0,0,0,0,8.102932384444172,0.11,0,1.0,0.0
672,43,92599.55,2,1,0,0,2,0.5533690598739867,0.10465116279069768,0,0.0,0.0
624,36,0.0,2,1,0,1,2,0.0,0.2916666666666667,0,0.0,1.0
698,50,0.0,4,0,1,1,0,0.0,0.03,0,0.0,1.0
606,37,82373.94,1,0,1,0,0,0.4774528641454513,0.17567567567567569,1,0.0,0.0
720,31,141356.47,1,0,0,0,0,1.0244210510448508,0.14516129032258066,1,0.0,1.0
835,23,0.0,1,0,1,1,0,0.0,0.41304347826086957,1,0.0,0.0
771,47,72664.0,2,1,0,0,2,0.6735920027728289,0.07446808510638298,0,0.0,1.0
811,47,123365.34,2,0,0,0,0,0.7172556113694047,0.07446808510638298,0,0.0,0.0
734,33,121898.58,1,0,0,0,0,1.9714835092944643,0.16666666666666666,1,1.0,0.0
548,33,0.0,1,1,0,1,1,0.0,0.19696969696969696,1,0.0,1.0
652,31,103696.97,3,0,1,0,0,0.6680556660603311,0.11290322580645161,0,0.0,0.0
707,33,0.0,2,0,0,1,0,0.0,0.07575757575757576,1,0.0,0.0
605,56,74129.18,2,1,1,0,2,1.191772514749815,0.026785714285714284,0,1.0,0.0
623,34,0.0,1,0,0,1,0,0.0,0.27941176470588236,0,0.0,0.0
686,29,185379.02,1,0,0,0,0,2.866091827049661,0.1206896551724138,1,1.0,0.0
525,47,118087.68,1,0,1,0,0,1.3400510066864286,0.031914893617021274,0,1.0,0.0
657,41,109402.13,1,1,0,0,1,1.6460205444641076,0.2073170731707317,1,0.0,1.0
730,33,130367.87,1,0,1,0,0,8.609060892419649,0.22727272727272727,0,1.0,0.0
816,34,108410.87,2,0,0,0,0,1.0534541328429885,0.07352941176470588,0,1.0,0.0
484,50,90408.16,2,0,0,0,0,1.8767949643326967,0.05,0,0.0,0.0
728,34,90425.15,2,1,0,0,2,7.796151979232136,0.19117647058823528,0,0.0,0.0
730,39,140094.59,1,0,1,0,0,0.8123731234094036,0.16666666666666666,0,0.0,1.0
477,31,0.0,2,1,0,1,2,0.0,0.3064516129032258,1,0.0,1.0
663,46,95439.4,1,1,1,0,1,4.53618370708921,0.14130434782608695,0,1.0,0.0
549,34,204017.4,2,0,0,0,0,1.8625032921959093,0.19117647058823528,1,1.0,0.0
714,29,0.0,2,0,0,1,0,0.0,0.3275862068965517,1,0.0,1.0
430,49,137115.16,1,0,1,0,0,0.9358255710259488,0.07142857142857142,1,1.0,0.0
504,43,134740.19,2,0,0,0,0,0.7426487986595082,0.12790697674418605,1,1.0,0.0
530,29,0.0,2,0,0,1,0,0.0,0.1896551724137931,0,0.0,0.0
619,29,98955.87,1,1,0,0,1,0.7512962793262437,0.15517241379310345,1,1.0,0.0
617,44,49157.09,2,0,0,0,0,0.9223554404648676,0.2159090909090909,1,1.0,0.0
791,31,130240.33,1,0,0,0,0,1.3489760226955525,0.04838709677419355,1,1.0,0.0
609,48,108019.27,3,1,1,0,3,0.5853889147660502,0.03125,1,0.0,0.0
780,51,126725.25,1,0,1,0,0,0.6490067028983002,0.08823529411764706,1,1.0,0.0
777,34,96693.66,1,1,0,0,1,0.5601548422797145,0.16176470588235295,0,1.0,0.0
817,27,129810.6,1,1,0,0,1,2.1905102290836855,0.2777777777777778,0,1.0,0.0
850,58,156652.13,1,0,1,0,0,6.048295747408998,0.14655172413793102,1,0.0,0.0
732,36,0.0,1,0,1,1,0,0.0,0.2638888888888889,0,0.0,0.0
693,40,130661.96,1,1,0,0,1,1.2820056051827335,0.1125,1,0.0,0.0
576,50,0.0,2,1,0,1,2,0.0,0.17,0,0.0,0.0
643,37,0.0,2,0,0,1,0,0.0,0.17567567567567569,1,0.0,0.0
757,47,130747.1,1,0,0,0,0,0.9090357305200968,0.07446808510638298,1,0.0,0.0
569,30,106629.49,1,1,0,0,1,2.41703191685171,0.21666666666666667,1,1.0,0.0
772,36,112029.83,1,1,0,0,1,0.5992523108531803,0.09722222222222222,1,0.0,1.0
576,29,130575.26,1,1,0,0,1,0.7520282982084167,0.25862068965517243,1,1.0,0.0
608,28,96679.71,1,1,0,0,1,1.9676562981777554,0.16071428571428573,1,1.0,0.0
794,33,0.0,2,0,0,1,0,0.0,0.015151515151515152,1,0.0,0.0
593,50,171740.69,1,0,0,0,0,8.21937762896747,0.13,1,0.0,0.0
597,38,0.0,2,0,0,1,0,0.0,0.039473684210526314,1,0.0,1.0
541,39,100116.67,1,1,1,0,1,0.5010616133099043,0.24358974358974358,0,1.0,0.0
692,24,120596.93,1,1,0,0,1,0.6681583894823209,0.10416666666666667,1,1.0,0.0
697,48,0.0,2,1,0,1,2,0.0,0.03125,0,0.0,0.0
768,29,95984.69,2,1,0,0,2,1.3025867935986646,0.08620689655172414,1,0.0,0.0
802,38,142557.11,1,1,0,0,1,0.8264241133833274,0.039473684210526314,1,0.0,0.0
584,47,0.0,2,0,0,1,0,0.0,0.11702127659574468,1,0.0,0.0
614,66,0.0,2,1,0,1,2,0.0,0.03787878787878788,1,0.0,1.0
850,36,143644.16,1,0,1,0,0,6.498780043658738,0.18055555555555555,0,1.0,0.0
671,38,132129.72,1,1,0,0,1,1.7369502674840722,0.17105263157894737,0,0.0,0.0
626,52,0.0,2,0,1,1,0,0.0,0.009615384615384616,0,0.0,0.0
770,68,183555.24,1,0,1,0,0,1.1503962063266162,0.03676470588235294,0,0.0,0.0
633,38,91902.56,2,1,0,0,2,0.8535232392858652,0.06578947368421052,1,0.0,0.0
663,40,156218.19,1,1,0,0,1,4.648144588666274,0.1625,1,0.0,0.0
581,43,93259.57,3,0,1,0,0,0.6612435136540751,0.12790697674418605,0,1.0,0.0
561,45,168085.38,2,1,0,0,2,1.452516970261341,0.05555555555555555,0,1.0,0.0
479,51,107714.74,3,0,1,0,0,1.2506179959156714,0.029411764705882353,1,1.0,0.0
769,31,117852.26,2,0,0,0,0,0.7980804991466085,0.20967741935483872,0,0.0,0.0
659,60,0.0,1,0,1,1,0,0.0,0.041666666666666664,1,0.0,1.0
590,51,84474.62,2,1,0,0,2,0.4424189013307926,0.20588235294117646,0,0.0,1.0
560,50,0.0,2,0,0,1,0,0.0,0.07,1,0.0,0.0
437,35,126803.34,2,1,0,0,2,0.7869414600482578,0.18571428571428572,1,1.0,0.0
661,34,0.0,2,0,0,1,0,0.0,0.014705882352941176,0,0.0,0.0
677,36,68806.84,1,0,0,0,0,2.0802497502739126,0.2916666666666667,0,1.0,0.0
560,31,115141.18,1,0,0,0,0,2.892431247684182,0.11290322580645161,0,0.0,0.0
578,35,0.0,2,1,0,1,2,0.0,0.07142857142857142,0,0.0,0.0
421,34,90723.36,1,1,0,0,1,7.458496385985912,0.19117647058823528,1,0.0,1.0
492,49,151249.45,2,1,0,0,2,0.9043913456997515,0.05102040816326531,0,1.0,0.0
545,32,0.0,2,1,0,1,2,0.0,0.203125,0,0.0,0.0
640,43,94752.49,1,0,1,0,0,0.5149385872391192,0.22093023255813954,0,1.0,0.0
624,34,0.0,1,0,1,1,0,0.0,0.19117647058823528,0,0.0,1.0
577,28,0.0,1,0,0,1,0,0.0,0.26785714285714285,1,0.0,1.0
704,31,132084.66,3,1,1,0,3,2.4246626188516376,0.1774193548387097,1,0.0,0.0
523,45,0.0,2,1,0,1,2,0.0,0.12222222222222222,1,0.0,0.0
793,35,0.0,2,1,0,1,2,0.0,0.07142857142857142,1,0.0,0.0
564,53,45472.28,1,1,1,0,1,1.1075480719229573,0.04716981132075472,0,0.0,0.0
711,33,0.0,1,0,0,1,0,0.0,0.045454545454545456,1,0.0,0.0
791,33,130229.71,2,0,1,0,0,2.410726916400736,0.3181818181818182,0,1.0,0.0
629,38,123948.85,1,0,0,0,0,1.6297464422351098,0.25,0,1.0,0.0
729,39,127415.85,1,1,1,0,1,0.6888154928526713,0.16666666666666666,1,1.0,0.0
651,35,110067.71,1,0,1,0,0,0.8620594697914591,0.24285714285714285,1,1.0,0.0
695,39,65521.2,1,1,0,0,1,35.476218007762185,0.11538461538461539,1,0.0,1.0
847,31,0.0,2,1,0,1,2,0.0,0.1774193548387097,1,0.0,1.0
704,47,0.0,2,1,0,1,2,0.0,0.11702127659574468,1,0.0,0.0
613,33,155736.42,2,1,0,0,2,2.6966313496920726,0.10606060606060606,1,1.0,0.0
692,29,0.0,2,0,0,1,0,0.0,0.15517241379310345,0,0.0,1.0
720,34,118307.57,2,1,0,0,2,0.8691334764752817,0.10294117647058823,0,0.0,0.0
577,41,0.0,1,1,0,1,1,0.0,0.15853658536585366,1,0.0,0.0
710,24,103099.17,2,0,0,0,0,0.5949941486961791,0.3125,0,1.0,0.0
716,38,0.0,2,1,0,1,2,0.0,0.039473684210526314,0,0.0,0.0
410,33,125789.69,1,0,1,0,0,1.8962919178178013,0.19696969696969696,1,0.0,0.0
584,36,109646.83,1,1,0,0,1,1.5609913984253536,0.125,0,1.0,0.0
792,30,127187.86,1,1,0,0,1,1.1200608483579944,0.05,1,0.0,0.0
605,36,0.0,1,1,0,1,1,0.0,0.18055555555555555,0,0.0,0.0
486,24,0.0,1,0,0,1,0,0.0,0.0625,1,0.0,1.0
615,41,130385.82,1,1,0,0,1,0.9978790468147245,0.10975609756097561,1,0.0,0.0
676,23,107787.47,1,1,0,0,1,0.9261697603587975,0.06521739130434782,1,0.0,0.0
571,34,99325.04,2,1,0,0,2,0.5338530414561645,0.04411764705882353,1,0.0,0.0
850,37,0.0,1,0,0,1,0,0.0,0.25675675675675674,0,0.0,0.0
717,48,123764.95,1,1,0,0,1,0.7282269383530184,0.15625,1,0.0,0.0
642,39,128264.03,1,0,1,0,0,2.075679324255394,0.21794871794871795,0,1.0,0.0
780,47,86006.21,1,1,0,0,1,2.2648632108227367,0.1595744680851064,1,0.0,1.0
492,38,57068.43,2,0,0,0,0,0.3019880163498175,0.2236842105263158,0,1.0,0.0
760,29,103607.24,2,1,0,0,2,1.200051797843857,0.1896551724137931,1,1.0,0.0
500,40,99004.24,1,1,0,0,1,0.6477343125958843,0.0375,1,0.0,1.0
654,36,0.0,2,1,0,1,2,0.0,0.06944444444444445,0,0.0,1.0
606,25,147386.72,3,0,1,0,0,3.240476450122947,0.14,0,0.0,1.0
367,42,93608.28,1,0,1,0,0,0.5544931803075424,0.15476190476190477,1,0.0,1.0
799,38,0.0,2,1,0,1,2,0.0,0.06578947368421052,1,0.0,1.0
434,71,119496.87,1,0,0,0,0,0.949519141377012,0.13380281690140844,1,1.0,0.0
719,32,0.0,1,0,0,1,0,0.0,0.234375,0,0.0,1.0
641,37,0.0,2,0,0,1,0,0.0,0.06756756756756757,0,0.0,0.0
461,25,0.0,2,1,0,1,2,0.0,0.26,0,0.0,1.0
790,25,152885.77,1,0,0,0,0,2.6261907637086086,0.22,0,1.0,0.0
588,31,99607.37,2,1,0,0,2,2.7762775715389054,0.14516129032258066,1,0.0,0.0
621,27,137003.68,1,0,0,0,0,6.4456971657572355,0.16666666666666666,1,0.0,0.0
768,48,122831.58,1,1,1,0,1,5.006404349071873,0.07291666666666667,1,1.0,0.0
681,38,99811.44,2,0,0,0,0,4.2414295123765005,0.06578947368421052,1,0.0,1.0
606,37,154712.58,2,0,0,0,0,1.7363890847358558,0.22972972972972974,1,0.0,1.0
542,37,0.0,1,1,0,1,1,0.0,0.22972972972972974,1,0.0,1.0
713,24,147687.24,1,1,0,0,1,1.2145981487497275,0.3125,0,1.0,0.0
597,33,0.0,2,1,0,1,2,0.0,0.07575757575757576,0,0.0,1.0
635,27,127009.83,1,0,0,0,0,0.7844424975580713,0.12962962962962962,1,0.0,0.0
599,61,124737.96,1,1,1,0,1,1.3799880319426985,0.02459016393442623,1,1.0,0.0
496,44,179356.28,2,0,1,0,0,35.476218007762185,0.011363636363636364,0,0.0,1.0
759,31,0.0,2,1,0,1,2,0.0,0.27419354838709675,1,0.0,1.0
757,31,127320.36,3,0,0,0,0,0.7802863885638726,0.04838709677419355,1,1.0,0.0
564,31,125175.58,1,1,0,0,1,1.7204295370715628,0.016129032258064516,1,0.0,1.0
561,22,186788.96,2,0,0,0,0,2.5487046957338055,0.29545454545454547,0,0.0,0.0
702,40,148556.74,1,1,0,0,1,1.0171128055299394,0.0875,1,0.0,0.0
678,40,128644.46,1,0,0,0,0,0.7672279311381937,0.2125,0,1.0,0.0
707,46,127476.73,2,1,0,0,2,0.8730532409714097,0.16304347826086957,0,0.0,0.0
610,27,159561.93,1,1,0,0,1,1.543413791525778,0.35185185185185186,0,0.0,0.0
744,42,112419.92,1,1,0,0,1,1.354066635254033,0.03571428571428571,1,0.0,0.0
598,28,129991.76,2,1,0,0,2,2.8233250973891706,0.30357142857142855,1,0.0,0.0
562,36,0.0,1,1,0,1,1,0.0,0.1527777777777778,1,0.0,1.0
621,59,0.0,2,1,0,1,2,0.0,0.0423728813559322,0,0.0,1.0
659,50,0.0,1,0,1,1,0,0.0,0.07,0,0.0,0.0
722,40,89175.06,2,1,0,0,2,0.5832821347032523,0.1625,0,1.0,0.0
606,39,0.0,2,0,1,1,0,0.0,0.08974358974358974,0,0.0,0.0
603,39,162390.52,2,0,0,0,0,2.968549453546618,0.14102564102564102,0,0.0,1.0
506,59,190353.08,1,0,0,0,0,2.4290031167555117,0.059322033898305086,0,1.0,0.0
715,21,0.0,2,0,0,1,0,0.0,0.40476190476190477,1,0.0,0.0
690,47,0.0,2,0,0,1,0,0.0,0.05319148936170213,1,0.0,0.0
644,40,139180.97,1,1,0,0,1,6.972760433392266,0.2625,0,0.0,0.0
589,36,114435.47,1,0,0,0,0,4.245155567888081,0.2361111111111111,1,0.0,0.0
592,66,149950.19,1,1,0,0,1,1.9660805319725985,0.08333333333333333,0,0.0,0.0
632,42,126115.6,1,0,0,0,0,1.2486754884925173,0.10714285714285714,1,0.0,0.0
577,59,111396.97,1,1,0,0,1,0.5830134566201329,0.1271186440677966,0,1.0,0.0
588,30,115007.08,1,0,0,0,0,0.6502736918288246,0.11666666666666667,1,0.0,0.0
617,54,102141.9,1,1,0,0,1,2.2534817564917113,0.12037037037037036,1,0.0,0.0
668,36,133686.52,1,0,1,0,0,0.700077943236963,0.09722222222222222,0,0.0,1.0
810,32,120879.73,2,1,0,0,2,1.5321092824254834,0.296875,1,0.0,0.0
767,47,0.0,1,0,1,1,0,0.0,0.11702127659574468,1,0.0,1.0
718,49,82321.88,1,1,0,0,1,7.386175462522655,0.21428571428571427,0,0.0,1.0
589,27,0.0,2,0,0,1,0,0.0,0.16666666666666666,0,0.0,1.0
778,33,116474.28,2,1,0,0,2,3.5555383251090174,0.16666666666666666,1,0.0,1.0
724,34,132352.69,1,0,0,0,0,1.6477906856587232,0.10294117647058823,0,0.0,0.0
477,39,182491.57,1,0,0,0,0,0.982025942610874,0.11538461538461539,0,1.0,0.0
580,34,0.0,2,1,0,1,2,0.0,0.19117647058823528,1,0.0,0.0
566,63,120787.18,2,1,0,0,2,2.313937743870479,0.03968253968253968,1,0.0,1.0
711,29,130181.47,2,0,0,0,0,4.092156087367081,0.1206896551724138,0,0.0,0.0
706,32,88348.43,2,1,0,0,2,0.8480137504489705,0.171875,1,1.0,0.0
703,31,0.0,2,1,0,1,2,0.0,0.20967741935483872,1,0.0,1.0
679,39,146186.28,2,1,0,0,2,0.7536328175928637,0.0641025641025641,1,1.0,0.0
603,32,0.0,1,0,1,1,0,0.0,0.234375,1,0.0,0.0
598,34,104488.17,1,1,0,0,1,2.41587401998628,0.014705882352941176,1,0.0,1.0
836,32,109196.67,2,0,0,0,0,1.9775191591592898,0.140625,0,1.0,0.0
687,61,80538.56,1,0,1,0,0,0.6133636928657764,0.12295081967213115,0,0.0,0.0
704,41,109026.8,2,1,0,0,2,2.5285622511195998,0.10975609756097561,1,1.0,0.0
605,75,61319.63,1,1,0,0,1,0.32851659664395666,0.03333333333333333,1,1.0,0.0
516,40,0.0,2,1,0,1,2,0.0,0.2375,0,0.0,0.0
572,39,0.0,2,1,0,1,2,0.0,0.0641025641025641,0,0.0,0.0
557,42,177822.03,1,0,1,0,0,1.1780560124723318,0.15476190476190477,1,0.0,0.0
443,59,110939.3,1,0,1,0,0,1.5228961620962562,0.07627118644067797,1,1.0,0.0
604,25,165413.43,1,1,0,0,1,4.68849094435094,0.3,1,1.0,0.0
483,27,77805.66,1,1,0,0,1,35.476218007762185,0.05555555555555555,1,0.0,0.0
702,50,0.0,2,0,0,1,0,0.0,0.07,1,0.0,0.0
670,57,175575.95,2,0,1,0,0,1.772371047644044,0.06140350877192982,0,0.0,1.0
804,38,124197.22,1,0,0,0,0,1.6627678662515635,0.09210526315789473,0,0.0,1.0
850,30,0.0,2,0,0,1,0,0.0,0.11666666666666667,0,0.0,0.0
554,39,160132.75,1,0,0,0,0,4.8783554682918435,0.2692307692307692,0,0.0,0.0
588,37,70258.88,2,0,0,0,0,0.5032560670864069,0.20270270270270271,0,1.0,0.0
758,32,162657.64,2,1,0,0,2,1.4079727244390512,0.140625,1,1.0,0.0
787,43,132217.45,1,0,1,0,0,6.309279477076528,0.011627906976744186,1,1.0,0.0
582,25,148042.97,2,0,0,0,0,2.82837006122217,0.38,1,0.0,1.0
633,33,92855.02,1,1,0,0,1,0.5810186555410791,0.13636363636363635,0,0.0,1.0
766,47,129289.98,1,0,1,0,0,0.7608136594112882,0.20212765957446807,1,1.0,0.0
564,37,100252.18,1,1,0,0,1,0.6864964530304205,0.25675675675675674,1,0.0,1.0
602,37,107592.89,2,1,0,0,2,0.702653272618163,0.0945945945945946,1,0.0,1.0
649,39,113096.41,1,1,0,0,1,1.8744358282849578,0.08974358974358974,1,0.0,0.0
679,40,0.0,2,1,0,1,2,0.0,0.1875,0,0.0,1.0
639,34,149940.04,2,0,0,0,0,0.9571670722103015,0.22058823529411764,1,0.0,1.0
790,50,121438.58,1,1,1,0,1,0.6881434065922235,0.17,1,1.0,0.0
565,32,0.0,2,0,0,1,0,0.0,0.296875,1,0.0,0.0
478,50,0.0,1,1,1,1,1,0.0,0.05,0,0.0,0.0
825,29,148874.01,2,1,0,0,2,2.0911086102698238,0.1206896551724138,1,0.0,0.0
528,32,68138.37,1,1,0,0,1,0.4000839292117518,0.015625,0,0.0,1.0
577,35,110080.3,1,1,0,0,1,1.0025956482112033,0.15714285714285714,1,0.0,1.0
663,24,0.0,2,1,0,1,2,0.0,0.3125,1,0.0,0.0
505,25,114268.85,2,1,0,0,2,0.9016768580770647,0.22,0,1.0,0.0
633,29,117412.35,1,0,0,0,0,3.869893941781032,0.22413793103448276,1,1.0,0.0
586,38,0.0,2,1,0,1,2,0.0,0.17105263157894737,0,0.0,0.0
850,35,0.0,2,0,0,1,0,0.0,0.2714285714285714,0,0.0,0.0
629,37,35549.81,2,0,0,0,0,0.7156143456180112,0.04054054054054054,0,1.0,0.0
744,56,0.0,2,1,0,1,2,0.0,0.16964285714285715,1,0.0,0.0
750,36,136492.92,3,1,1,0,3,5.150425507588499,0.20833333333333334,1,0.0,0.0
637,28,123675.69,1,1,0,0,1,0.7429780629403889,0.125,1,1.0,0.0
575,40,139532.34,1,0,0,0,0,0.7696408606970093,0.0375,0,0.0,0.0
671,58,178713.98,1,1,0,0,1,8.209483945444047,0.02586206896551724,1,0.0,1.0
571,40,0.0,2,0,0,1,0,0.0,0.1375,1,0.0,0.0
590,41,89086.31,1,0,0,0,0,3.636031961183577,0.036585365853658534,1,0.0,0.0
619,38,96143.47,1,0,0,0,0,0.9711861862589893,0.09210526315789473,1,0.0,1.0
640,30,32197.64,1,1,0,0,1,0.22763040378159988,0.18333333333333332,0,1.0,0.0
670,38,0.0,2,1,0,1,2,0.0,0.19736842105263158,1,0.0,0.0
737,33,0.0,2,0,0,1,0,0.0,0.13636363636363635,0,0.0,0.0
555,32,0.0,2,1,0,1,2,0.0,0.328125,1,0.0,1.0
742,33,0.0,2,0,0,1,0,0.0,0.19696969696969696,1,0.0,0.0
618,40,140306.38,1,0,1,0,0,0.8735320674729569,0.0125,0,1.0,0.0
560,35,0.0,2,0,0,1,0,0.0,0.04285714285714286,0,0.0,0.0
654,38,0.0,2,0,0,1,0,0.0,0.2236842105263158,1,0.0,0.0
787,42,74483.97,2,1,0,0,2,1.6823065252984137,0.05952380952380952,0,1.0,0.0
611,53,0.0,2,1,1,1,2,0.0,0.14150943396226415,0,0.0,0.0
559,34,0.0,1,0,0,1,0,0.0,0.014705882352941176,1,0.0,1.0
481,37,152303.66,2,1,0,0,2,0.8698930565582534,0.22972972972972974,1,0.0,0.0
753,32,159904.79,1,0,0,0,0,1.074541297504357,0.171875,1,1.0,0.0
675,32,0.0,3,0,0,1,0,0.0,0.046875,1,0.0,0.0
748,31,99557.94,1,0,0,0,0,0.49964758959715805,0.04838709677419355,0,1.0,0.0
610,46,116886.59,1,0,0,0,0,1.082539441741953,0.11956521739130435,0,0.0,1.0
580,32,142188.2,2,1,0,0,2,1.110588488911939,0.296875,1,0.0,1.0
624,40,149961.99,2,0,0,0,0,1.4335084951170927,0.0875,0,1.0,0.0
709,36,0.0,2,1,0,1,2,0.0,0.2361111111111111,0,0.0,0.0
605,34,0.0,1,0,0,1,0,0.0,0.07352941176470588,0,0.0,0.0
706,53,0.0,2,1,0,1,2,0.0,0.14150943396226415,1,0.0,1.0
567,40,28649.64,1,1,0,0,1,0.301126257887978,0.2125,1,0.0,1.0
747,21,81025.6,2,0,0,0,0,0.48320536114540025,0.21428571428571427,0,0.0,0.0
664,57,0.0,2,1,0,1,2,0.0,0.02631578947368421,1,0.0,0.0
711,39,152462.79,1,0,0,0,0,1.6882726770702197,0.08974358974358974,0,0.0,0.0
609,25,0.0,1,1,0,1,1,0.0,0.42,1,0.0,0.0
632,28,155519.59,1,0,0,0,0,35.476218007762185,0.26785714285714285,1,0.0,1.0
725,36,118851.05,1,1,0,0,1,1.1567235066914185,0.041666666666666664,0,0.0,0.0
850,34,92899.27,2,0,0,0,0,0.9531367010889544,0.27941176470588236,0,0.0,0.0
682,40,0.0,1,1,0,1,1,0.0,0.1125,1,0.0,0.0
797,37,75263.7,1,0,0,0,0,0.8771709817759962,0.12162162162162163,1,0.0,0.0
668,38,147904.31,1,1,0,0,1,2.1320754118612877,0.039473684210526314,1,0.0,1.0
783,41,106640.5,1,0,0,0,0,0.6026692970594126,0.13414634146341464,0,1.0,0.0
766,28,90696.78,1,1,0,0,1,4.199274939578298,0.16071428571428573,0,1.0,0.0
704,36,175509.8,2,0,0,0,0,1.154360869364756,0.06944444444444445,0,0.0,1.0
722,40,0.0,2,1,0,1,2,0.0,0.1625,1,0.0,0.0
692,34,0.0,2,0,0,1,0,0.0,0.22058823529411764,0,0.0,0.0
584,35,114321.28,2,0,0,0,0,7.162982980587104,0.07142857142857142,0,0.0,0.0
644,51,95560.04,1,0,1,0,0,1.3157132109887617,0.08823529411764706,0,1.0,0.0
598,50,88379.81,3,1,1,0,3,1.377528591806758,0.11,0,1.0,0.0
733,48,85915.52,1,1,0,0,1,3.60059174821365,0.15625,1,1.0,0.0
615,58,72309.3,1,1,1,0,1,0.8438663996361688,0.0603448275862069,1,1.0,0.0
850,39,0.0,2,0,0,1,0,0.0,0.0641025641025641,0,0.0,0.0
521,43,0.0,1,1,0,1,1,0.0,0.19767441860465115,1,0.0,0.0
675,69,0.0,2,0,0,1,0,0.0,0.021739130434782608,1,0.0,0.0
746,58,0.0,3,1,1,1,3,0.0,0.0603448275862069,1,0.0,0.0
770,33,0.0,1,0,1,1,0,0.0,0.13636363636363635,0,0.0,0.0
618,30,133844.22,1,1,0,0,1,4.261478550162332,0.11666666666666667,1,0.0,0.0
556,36,154872.08,2,1,0,0,2,4.832859633947082,0.20833333333333334,1,0.0,0.0
749,27,0.0,2,0,0,1,0,0.0,0.35185185185185186,0,0.0,0.0
702,43,116121.67,1,0,0,0,0,1.8849873919337596,0.1511627906976744,1,0.0,1.0
555,42,107104.5,1,1,1,0,1,2.592987751734396,0.15476190476190477,1,1.0,0.0
587,47,71026.77,1,0,0,0,0,1.2253725238042412,0.13829787234042554,1,0.0,0.0
639,38,0.0,1,0,0,1,0,0.0,0.09210526315789473,1,0.0,0.0
643,33,0.0,2,1,0,1,2,0.0,0.13636363636363635,1,0.0,0.0
600,41,0.0,2,1,0,1,2,0.0,0.036585365853658534,0,0.0,0.0
651,53,0.0,2,1,0,1,2,0.0,0.14150943396226415,1,0.0,0.0
666,27,0.0,2,0,0,1,0,0.0,0.16666666666666666,0,0.0,0.0
520,39,145644.05,1,0,0,0,0,1.3988104870988676,0.16666666666666666,0,0.0,0.0
650,50,129667.77,1,0,0,0,0,3.08518585667665,0.15,0,0.0,1.0
564,33,109341.87,1,0,0,0,0,1.4456750674103556,0.10606060606060606,1,1.0,0.0
586,64,0.0,2,1,0,1,2,0.0,0.0234375,1,0.0,0.0
617,35,0.0,2,1,0,1,2,0.0,0.15714285714285714,0,0.0,0.0
712,30,0.0,2,0,0,1,0,0.0,0.21666666666666667,0,0.0,1.0
654,55,87485.67,1,1,0,0,1,26.510728755367406,0.06363636363636363,1,0.0,0.0
605,27,0.0,2,0,0,1,0,0.0,0.35185185185185186,1,0.0,0.0
491,36,53369.13,1,1,0,0,1,0.5134850472102211,0.013888888888888888,0,0.0,0.0
707,35,0.0,2,1,0,1,2,0.0,0.2714285714285714,0,0.0,0.0
638,34,146679.77,1,0,0,0,0,1.4354916370835007,0.16176470588235295,1,0.0,1.0
683,43,112499.42,2,0,0,0,0,3.7035407348784473,0.05813953488372093,1,0.0,0.0
815,38,48387.0,1,0,0,0,0,0.261837476022447,0.06578947368421052,0,0.0,1.0
645,38,68079.8,1,1,0,0,1,0.4094634203082785,0.039473684210526314,1,0.0,1.0
645,49,160133.88,1,1,0,0,1,1.811613299111909,0.09183673469387756,1,1.0,0.0
683,30,66190.33,1,1,0,0,1,0.574628843619694,0.15,1,0.0,0.0
705,37,0.0,2,1,1,1,2,0.0,0.28378378378378377,0,0.0,0.0
647,35,123761.68,1,0,0,0,0,1.4749090111713068,0.12857142857142856,1,0.0,0.0
786,33,122325.58,1,0,1,0,0,3.523878140219294,0.015151515151515152,0,1.0,0.0
534,41,0.0,2,0,0,1,0,0.0,0.23170731707317074,1,0.0,0.0
602,42,138912.17,1,1,0,0,1,0.9958165033701745,0.03571428571428571,0,0.0,1.0
695,42,0.0,2,1,0,1,2,0.0,0.011904761904761904,0,0.0,0.0
553,25,128524.19,2,0,0,0,0,6.213863154423874,0.3,0,1.0,0.0
516,31,0.0,2,0,0,1,0,0.0,0.11290322580645161,0,0.0,1.0
655,34,0.0,2,0,0,1,0,0.0,0.10294117647058823,0,0.0,0.0
849,49,132934.89,1,0,1,0,0,0.7771350185156877,0.19387755102040816,0,1.0,0.0
520,43,150805.17,3,1,1,0,3,5.952671959415854,0.08139534883720931,1,1.0,0.0
568,46,0.0,2,1,0,1,2,0.0,0.07608695652173914,0,0.0,1.0
695,32,0.0,3,1,0,1,3,0.0,0.296875,1,0.0,1.0
807,28,165969.26,3,0,1,0,0,1.063066439931098,0.26785714285714285,0,0.0,1.0
642,36,124495.98,3,1,1,0,3,2.1499958034871467,0.06944444444444445,0,1.0,0.0
703,39,141559.5,1,1,1,0,1,4.528730153144306,0.038461538461538464,1,1.0,0.0
556,38,114756.14,1,0,0,0,0,0.5939296136610477,0.06578947368421052,1,0.0,0.0
585,30,0.0,2,1,0,1,2,0.0,0.21666666666666667,0,0.0,0.0
587,49,155393.98,2,0,1,0,0,11.675681483485109,0.15306122448979592,0,1.0,0.0
524,32,0.0,1,1,1,1,1,0.0,0.203125,0,0.0,1.0
556,31,128663.81,2,0,0,0,0,1.02861686307689,0.04838709677419355,0,1.0,0.0
504,44,113522.64,1,1,0,0,1,9.150476374715867,0.10227272727272728,1,0.0,1.0
731,26,0.0,2,0,0,1,0,0.0,0.1346153846153846,0,0.0,1.0
651,34,0.0,2,1,0,1,2,0.0,0.10294117647058823,1,0.0,0.0
675,40,79035.95,1,0,1,0,0,0.5535312607810708,0.2125,0,0.0,1.0
657,22,0.0,3,1,1,1,3,0.0,0.29545454545454547,0,0.0,1.0
686,33,141918.09,2,1,0,0,2,0.7711369320606287,0.2878787878787879,1,1.0,0.0
690,35,107944.33,2,0,0,0,0,2.226598805638758,0.2714285714285714,0,0.0,0.0
567,36,0.0,2,1,0,1,2,0.0,0.20833333333333334,1,0.0,0.0
557,57,120043.13,1,0,1,0,0,0.9068636623750914,0.02631578947368421,1,1.0,0.0
446,45,125191.69,1,1,1,0,1,0.9760632661962021,0.23333333333333334,0,0.0,1.0
850,31,96399.31,2,0,0,0,0,0.9048591943597958,0.04838709677419355,1,0.0,0.0
637,41,0.0,2,1,0,1,2,0.0,0.06097560975609756,1,0.0,0.0
499,60,76961.6,2,1,0,0,2,0.9200994633621884,0.125,1,0.0,0.0
622,34,98675.74,1,0,1,0,0,0.710368348513061,0.22058823529411764,0,1.0,0.0
684,37,126817.13,2,1,1,0,2,4.227684391984086,0.04054054054054054,1,1.0,0.0
612,32,121394.42,1,0,0,0,0,0.7398380643093878,0.109375,1,0.0,0.0
813,29,106059.4,1,0,1,0,0,0.5642121296399342,0.1896551724137931,0,1.0,0.0
850,44,112755.34,2,0,0,0,0,0.712863739277836,0.056818181818181816,1,1.0,0.0
795,29,0.0,2,0,0,1,0,0.0,0.15517241379310345,1,0.0,1.0
628,55,0.0,3,0,1,1,0,0.0,0.13636363636363635,0,0.0,1.0
565,38,145400.69,2,1,0,0,2,1.7341441949560021,0.19736842105263158,0,1.0,0.0
601,39,72647.64,1,0,1,0,0,1.7388595678679908,0.08974358974358974,1,0.0,0.0
802,40,0.0,2,1,0,1,2,0.0,0.1125,1,0.0,1.0
614,37,96340.81,2,1,1,0,2,0.6912184427066951,0.17567567567567569,0,1.0,0.0
434,55,0.0,1,1,1,1,1,0.0,0.11818181818181818,1,0.0,1.0
522,32,124450.36,2,1,0,0,2,0.750663712677283,0.265625,1,1.0,0.0
550,36,113877.23,2,0,0,0,0,0.6510138094546906,0.06944444444444445,1,1.0,0.0
599,25,0.0,2,1,0,1,2,0.0,0.14,1,0.0,1.0
493,36,148667.81,2,0,0,0,0,2.6503566990191914,0.1527777777777778,0,0.0,0.0
755,34,0.0,2,1,0,1,2,0.0,0.10294117647058823,1,0.0,0.0
605,62,111065.93,2,1,0,0,2,0.8838466588027134,0.07258064516129033,0,0.0,0.0
708,41,0.0,1,0,0,1,0,0.0,0.012195121951219513,1,0.0,0.0
699,44,158697.61,1,0,0,0,0,1.4806337282433597,0.19318181818181818,1,0.0,0.0
763,53,0.0,1,0,1,1,0,0.0,0.08490566037735849,0,0.0,0.0
743,25,0.0,2,0,0,1,0,0.0,0.26,1,0.0,1.0
660,48,90044.32,2,1,1,0,2,0.47996510985231444,0.010416666666666666,0,0.0,0.0
619,38,84651.79,1,1,0,0,1,0.4581833827085626,0.27631578947368424,1,1.0,0.0
739,32,102128.27,1,0,1,0,0,1.596193920293981,0.109375,1,1.0,0.0
769,60,148846.39,1,0,1,0,0,0.7718940467919674,0.15833333333333333,1,1.0,0.0
692,69,154953.94,1,1,0,0,1,2.1870559221413775,0.15217391304347827,1,0.0,0.0
560,30,108883.29,1,0,0,0,0,3.9003970848206846,0.016666666666666666,0,0.0,0.0
607,48,112070.86,3,0,1,0,0,0.6456836548859736,0.09375,0,0.0,0.0
630,29,131354.39,1,1,1,0,1,14.085793394535948,0.22413793103448276,1,1.0,0.0
767,45,132746.2,2,0,1,0,0,4.984859113146586,0.16666666666666666,0,1.0,0.0
543,34,0.0,2,1,0,1,2,0.0,0.25,0,0.0,0.0
776,39,125211.55,2,0,0,0,0,0.8665334874956288,0.21794871794871795,1,0.0,0.0
535,58,0.0,2,1,1,1,2,0.0,0.02586206896551724,1,0.0,1.0
549,36,139422.37,1,0,1,0,0,1.6600986207079673,0.18055555555555555,1,1.0,0.0
844,28,0.0,2,1,0,1,2,0.0,0.16071428571428573,0,0.0,0.0
586,47,157099.47,2,1,0,0,2,2.3990929840266597,0.11702127659574468,0,1.0,0.0
583,40,0.0,2,0,0,1,0,0.0,0.0875,1,0.0,0.0
701,26,83600.24,1,1,0,0,1,1.4122604464318143,0.21153846153846154,1,0.0,1.0
726,28,0.0,1,0,0,1,0,0.0,0.08928571428571429,1,0.0,0.0
829,36,81795.74,2,0,0,0,0,0.9077528572953727,0.125,1,1.0,0.0
749,38,129378.32,1,1,0,0,1,9.547975917947447,0.25,1,0.0,1.0
743,46,0.0,1,0,0,1,0,0.0,0.20652173913043478,0,0.0,0.0
619,56,0.0,2,1,0,1,2,0.0,0.13392857142857142,0,0.0,1.0
699,22,99339.0,1,0,1,0,0,1.454480552386059,0.4318181818181818,1,0.0,0.0
749,36,0.0,2,0,0,1,0,0.0,0.20833333333333334,1,0.0,1.0
600,29,74430.1,2,1,0,0,2,0.774893000777703,0.22413793103448276,0,1.0,0.0
760,38,91241.85,1,1,0,0,1,1.130863430930917,0.09210526315789473,1,0.0,1.0
528,32,99092.45,1,1,0,0,1,0.8915121576076073,0.078125,1,1.0,0.0
630,26,0.0,2,0,0,1,0,0.0,0.21153846153846154,0,0.0,0.0
683,39,100062.16,2,0,0,0,0,0.9162997563332612,0.0641025641025641,0,1.0,0.0
677,26,98723.67,1,1,0,0,1,0.6531603828229704,0.25,0,1.0,0.0
669,29,0.0,1,1,0,1,1,0.0,0.3275862068965517,1,0.0,1.0
693,43,128760.32,1,0,0,0,0,3.5428423948080265,0.1511627906976744,1,0.0,0.0
612,52,144772.69,1,0,1,0,0,1.4727104010566452,0.10576923076923077,0,0.0,1.0
719,44,0.0,1,0,1,1,0,0.0,0.10227272727272728,1,0.0,1.0
702,26,71281.29,1,1,1,0,1,0.6554714692998831,0.09615384615384616,1,0.0,0.0
755,29,117035.89,1,1,0,0,1,5.353102177678555,0.3275862068965517,1,0.0,0.0
514,26,0.0,2,0,0,1,0,0.0,0.057692307692307696,1,0.0,0.0
753,40,3768.69,2,0,1,0,0,0.021284068606189414,0.0125,0,0.0,0.0
548,36,108913.84,2,1,0,0,2,0.775402654444817,0.06944444444444445,0,1.0,0.0
850,28,101100.22,2,1,0,0,2,2.860924022682466,0.08928571428571429,1,1.0,0.0
612,38,110615.47,1,1,0,0,1,0.5716445655651542,0.19736842105263158,0,0.0,0.0
628,33,152143.89,1,1,0,0,1,4.728632420855552,0.25757575757575757,1,1.0,0.0
479,47,121797.09,1,1,1,0,1,20.952896144781434,0.13829787234042554,1,0.0,0.0
724,41,109798.25,1,1,0,0,1,0.7339719659685601,0.13414634146341464,0,0.0,0.0
512,41,122403.24,1,1,1,0,1,3.2692387202230715,0.18292682926829268,1,1.0,0.0
638,43,145860.98,1,1,1,0,1,1.0216893540278322,0.08139534883720931,0,0.0,0.0
834,40,0.0,2,0,0,1,0,0.0,0.1875,1,0.0,1.0
781,29,0.0,2,0,0,1,0,0.0,0.3275862068965517,1,0.0,0.0
707,48,105086.74,1,1,1,0,1,0.5826961542579698,0.15625,0,1.0,0.0
670,22,114991.45,1,1,0,0,1,3.0751672213076264,0.11363636363636363,1,0.0,0.0
663,33,96769.04,1,1,0,0,1,2.6249534450651764,0.25757575757575757,0,0.0,1.0
624,23,0.0,2,0,0,1,0,0.0,0.2391304347826087,0,0.0,0.0
598,34,0.0,2,0,0,1,0,0.0,0.1323529411764706,0,0.0,0.0
619,23,132725.1,1,1,0,0,1,0.9222507584894432,0.2391304347826087,1,1.0,0.0
792,70,0.0,2,1,0,1,2,0.0,0.05,0,0.0,0.0
683,26,0.0,2,0,0,1,0,0.0,0.28846153846153844,0,0.0,0.0
691,33,0.0,2,0,0,1,0,0.0,0.19696969696969696,0,0.0,0.0
765,33,84557.82,1,1,0,0,1,1.224758014977601,0.16666666666666666,0,0.0,1.0
508,49,93817.41,2,1,1,0,2,0.7082175584827812,0.030612244897959183,1,0.0,0.0
637,33,113913.53,1,1,0,0,1,1.7439970911317795,0.2878787878787879,0,0.0,0.0
667,44,140406.68,2,1,0,0,2,2.4561569724512413,0.125,0,1.0,0.0
575,22,105229.34,1,1,0,0,1,3.0591631858522335,0.38636363636363635,0,0.0,1.0
744,46,0.0,3,1,1,1,3,0.0,0.03260869565217391,0,0.0,1.0
567,41,137891.35,1,0,1,0,0,0.9709943197141958,0.23170731707317074,0,0.0,0.0
502,35,0.0,2,1,0,1,2,0.0,0.18571428571428572,0,0.0,0.0
609,53,0.0,2,1,0,1,2,0.0,0.12264150943396226,0,0.0,0.0
715,37,165252.52,1,0,0,0,0,1.9375982121605442,0.25675675675675674,1,0.0,0.0
541,32,0.0,2,0,0,1,0,0.0,0.265625,1,0.0,0.0
850,71,0.0,2,1,0,1,2,0.0,0.06338028169014084,0,0.0,0.0
595,23,0.0,2,1,0,1,2,0.0,0.32608695652173914,1,0.0,1.0
650,28,122034.4,3,1,1,0,3,0.8320654162703254,0.19642857142857142,0,1.0,0.0
625,44,0.0,1,0,0,1,0,0.0,0.17045454545454544,0,0.0,0.0
817,59,118962.58,1,1,0,0,1,0.9846218251890531,0.025423728813559324,1,0.0,0.0
526,49,0.0,1,0,1,1,0,0.0,0.05102040816326531,1,0.0,1.0
850,34,71379.53,2,1,0,0,2,0.46349745220824745,0.1323529411764706,0,0.0,0.0
598,40,171178.25,1,0,1,0,0,1.2405876929369848,0.0625,0,0.0,0.0
613,36,131307.11,1,0,0,0,0,1.5754698587421183,0.2638888888888889,1,0.0,0.0
709,62,0.0,2,1,0,1,2,0.0,0.056451612903225805,1,0.0,1.0
678,27,87099.85,2,0,0,0,0,0.5824053113316142,0.2037037037037037,0,0.0,1.0
720,71,183135.39,2,1,0,0,2,0.9263789427359572,0.07746478873239436,1,0.0,0.0
662,26,0.0,2,1,0,1,2,0.0,0.019230769230769232,1,0.0,0.0
525,51,0.0,3,0,1,1,0,0.0,0.20588235294117646,1,0.0,0.0
662,31,0.0,2,1,0,1,2,0.0,0.11290322580645161,1,0.0,0.0
770,33,0.0,2,1,0,1,2,0.0,0.19696969696969696,0,0.0,0.0
721,33,72535.45,1,1,0,0,1,0.6979092870766398,0.13636363636363635,0,0.0,1.0
633,58,128137.42,2,0,1,0,0,0.867926072126014,0.04310344827586207,1,1.0,0.0
701,51,0.0,2,0,0,1,0,0.0,0.18627450980392157,1,0.0,0.0
556,42,115915.53,2,1,1,0,2,0.9240975132670746,0.011904761904761904,1,1.0,0.0
639,66,0.0,2,1,0,1,2,0.0,0.007575757575757576,1,0.0,0.0
632,50,0.0,2,0,0,1,0,0.0,0.05,1,0.0,0.0
456,29,107000.49,1,1,0,0,1,0.6974322617129302,0.1896551724137931,1,0.0,0.0
729,38,0.0,2,0,0,1,0,0.0,0.27631578947368424,0,0.0,1.0
632,34,0.0,2,0,0,1,0,0.0,0.07352941176470588,0,0.0,0.0
433,34,152806.74,1,0,0,0,0,7.761024816407544,0.27941176470588236,1,0.0,1.0
802,60,92887.06,1,0,1,0,0,2.353082473477269,0.058333333333333334,0,0.0,0.0
670,25,0.0,2,1,0,1,2,0.0,0.3,1,0.0,0.0
738,40,114940.67,2,1,1,0,2,0.5897521439192079,0.1625,0,1.0,0.0
706,34,140641.26,2,1,0,0,2,1.820059060801515,0.014705882352941176,1,1.0,0.0
592,70,71816.74,2,0,1,0,0,0.6833323469506789,0.07857142857142857,0,1.0,0.0
522,41,0.0,2,1,0,1,2,0.0,0.18292682926829268,0,0.0,0.0
746,48,165282.42,1,0,1,0,0,1.0747457562534684,0.11458333333333333,1,0.0,0.0
651,42,143145.87,2,0,0,0,0,3.2821790078476494,0.05952380952380952,1,0.0,1.0
494,28,114731.76,2,1,0,0,2,1.4435165047532268,0.3392857142857143,1,0.0,0.0
753,46,113909.69,3,0,1,0,0,1.233838817599869,0.20652173913043478,0,1.0,0.0
671,36,116695.27,1,0,0,0,0,0.6040038434213656,0.06944444444444445,1,1.0,0.0
696,42,0.0,1,0,1,1,0,0.0,0.10714285714285714,1,0.0,0.0
577,43,0.0,2,1,0,1,2,0.0,0.08139534883720931,1,0.0,1.0
587,36,0.0,2,1,0,1,2,0.0,0.041666666666666664,1,0.0,0.0
712,37,93978.96,2,0,0,0,0,1.5494586644600075,0.20270270270270271,1,1.0,0.0
498,35,121968.11,2,1,0,0,2,0.6475814340829987,0.07142857142857142,1,1.0,0.0
660,37,97324.91,1,0,0,0,0,4.178320538981309,0.06756756756756757,1,0.0,0.0
678,29,0.0,2,0,0,1,0,0.0,0.22413793103448276,1,0.0,1.0
530,37,0.0,2,1,0,1,2,0.0,0.22972972972972974,1,0.0,0.0
559,48,0.0,2,1,0,1,2,0.0,0.052083333333333336,0,0.0,0.0
624,42,145155.37,1,0,1,0,0,2.011271432619357,0.08333333333333333,1,0.0,0.0
592,28,137222.77,1,0,0,0,0,3.46438336382259,0.19642857142857142,1,0.0,0.0
767,48,0.0,2,1,0,1,2,0.0,0.19791666666666666,1,0.0,0.0
653,38,114268.22,2,1,0,0,2,1.2763715231682298,0.14473684210526316,0,1.0,0.0
678,27,0.0,2,1,0,1,2,0.0,0.09259259259259259,1,0.0,1.0
586,42,0.0,1,0,0,1,0,0.0,0.05952380952380952,0,0.0,1.0
550,40,150490.32,1,0,1,0,0,0.9040129402908803,0.2125,0,0.0,0.0
643,28,160858.13,2,0,0,0,0,5.924734081834177,0.3392857142857143,1,1.0,0.0
612,39,170288.38,1,1,0,0,1,2.8570845179242697,0.14102564102564102,1,0.0,1.0
674,27,111568.01,1,1,0,0,1,5.065015585290536,0.16666666666666666,0,1.0,0.0
657,29,83889.03,1,0,0,0,0,0.5480771605393994,0.25862068965517243,1,0.0,1.0
724,35,171982.95,2,1,0,0,2,1.0279048857038742,0.014285714285714285,0,1.0,0.0
500,34,0.0,2,0,0,1,0,0.0,0.1323529411764706,0,0.0,0.0
688,20,137624.4,2,1,0,0,2,0.696536897080474,0.425,1,0.0,0.0
599,50,121159.65,1,0,1,0,0,30.031714831734163,0.07,1,0.0,0.0
631,29,0.0,2,1,0,1,2,0.0,0.25862068965517243,1,0.0,0.0
634,52,0.0,2,1,0,1,2,0.0,0.028846153846153848,1,0.0,1.0
545,37,91184.01,1,0,0,0,0,0.8644865523644109,0.0945945945945946,1,0.0,0.0
644,18,0.0,2,0,0,1,0,0.0,0.4722222222222222,1,0.0,1.0
690,54,144027.8,1,1,1,0,1,1.3246125658292744,0.027777777777777776,0,1.0,0.0
711,34,0.0,2,1,0,1,2,0.0,0.19117647058823528,0,0.0,0.0
712,29,140170.61,1,1,0,0,1,3.672171625399779,0.29310344827586204,0,0.0,0.0
627,27,62092.9,1,1,0,0,1,0.5864014481711061,0.05555555555555555,1,0.0,0.0
694,39,0.0,1,1,0,1,1,0.0,0.08974358974358974,1,0.0,1.0
534,35,0.0,2,0,0,1,0,0.0,0.12857142857142856,1,0.0,1.0
603,45,0.0,1,0,0,1,0,0.0,0.2111111111111111,1,0.0,0.0
808,33,103516.87,1,0,0,0,0,0.9087697350863146,0.07575757575757576,0,0.0,0.0
723,30,0.0,3,0,1,1,0,0.0,0.05,1,0.0,1.0
585,35,0.0,2,0,1,1,0,0.0,0.07142857142857142,0,0.0,0.0
706,34,0.0,2,1,0,1,2,0.0,0.25,1,0.0,0.0
671,31,0.0,2,1,0,1,2,0.0,0.20967741935483872,0,0.0,0.0
597,43,85162.26,1,1,1,0,1,16.681865906117043,0.05813953488372093,1,0.0,1.0
646,43,143061.88,1,0,0,0,0,2.3097370621873923,0.19767441860465115,0,0.0,0.0
801,46,0.0,2,1,0,1,2,0.0,0.14130434782608695,0,0.0,1.0
731,33,137388.01,2,0,0,0,0,0.832646128209119,0.16666666666666666,0,0.0,1.0
620,25,137712.01,1,1,0,0,1,1.8072904752811916,0.06,0,1.0,0.0
484,40,106901.42,2,0,0,0,0,0.9055836921876358,0.1875,1,1.0,0.0
647,47,105603.21,2,1,0,0,2,0.6710849957963142,0.11702127659574468,1,0.0,1.0
688,40,150679.71,2,1,0,0,2,0.767883207735842,0.2125,0,1.0,0.0
680,30,108300.27,2,1,1,0,2,2.439988266456869,0.15,1,1.0,0.0
689,46,52016.08,2,1,0,0,2,0.712601265983192,0.16304347826086957,0,0.0,0.0
513,34,60515.13,1,0,0,0,0,0.4857840147018485,0.22058823529411764,1,1.0,0.0
553,35,158584.28,2,0,0,0,0,3.6338236655487615,0.07142857142857142,1,1.0,0.0
689,47,118812.5,2,0,0,0,0,3.8175855219484864,0.05319148936170213,1,1.0,0.0
517,46,0.0,1,0,0,1,0,0.0,0.09782608695652174,1,0.0,1.0
731,37,0.0,2,1,0,1,2,0.0,0.22972972972972974,1,0.0,0.0
687,47,91219.29,1,0,1,0,0,0.5742606588285332,0.031914893617021274,0,1.0,0.0
507,32,0.0,2,0,0,1,0,0.0,0.234375,1,0.0,1.0
468,22,76318.64,1,1,0,0,1,0.39181140639185574,0.06818181818181818,0,0.0,0.0
682,58,0.0,1,0,0,1,0,0.0,0.07758620689655173,0,0.0,1.0
603,24,0.0,1,1,1,1,1,0.0,0.14583333333333334,0,0.0,0.0
522,25,111432.13,1,1,0,0,1,0.6605946827264639,0.06,1,1.0,0.0
629,41,150148.51,1,0,0,0,0,21.643746026895307,0.25609756097560976,1,0.0,1.0
729,32,38550.06,1,1,0,0,1,0.21508561872838788,0.234375,0,0.0,0.0
574,39,119013.86,1,0,0,0,0,1.150749480941892,0.14102564102564102,0,0.0,0.0
677,39,111213.64,2,1,0,0,2,0.7535858358417029,0.01282051282051282,0,1.0,0.0
627,28,71097.23,1,1,0,0,1,0.5447834416774343,0.19642857142857142,1,1.0,0.0
788,36,109632.85,1,1,0,0,1,6.788357121583542,0.2916666666666667,1,0.0,1.0
697,63,148368.02,1,0,1,0,0,1.2482262785046458,0.11904761904761904,1,0.0,0.0
578,45,148600.91,1,0,1,0,0,1.0362819908263803,0.03333333333333333,1,0.0,0.0
519,48,71083.98,1,0,0,0,0,0.5152506523630037,0.21875,1,0.0,0.0
632,40,139625.34,1,0,1,0,0,1.4900687228159832,0.2375,0,0.0,0.0
679,39,0.0,1,0,1,1,0,0.0,0.11538461538461539,0,0.0,0.0
699,30,0.0,1,1,0,1,1,0.0,0.31666666666666665,1,0.0,0.0
615,64,81564.1,2,1,0,0,2,2.272164679643949,0.0078125,1,0.0,0.0
622,36,0.0,2,1,0,1,2,0.0,0.2638888888888889,1,0.0,1.0
755,28,124540.28,1,1,0,0,1,0.6594600668280312,0.26785714285714285,0,0.0,0.0
767,42,133616.39,1,0,0,0,0,4.669159025467558,0.05952380952380952,0,0.0,0.0
752,38,101648.5,2,0,0,0,0,0.5909712676169012,0.27631578947368424,0,1.0,0.0
633,26,124281.84,1,1,0,0,1,2.067313099980588,0.3269230769230769,0,0.0,0.0
717,59,0.0,2,1,0,1,2,0.0,0.07627118644067797,0,0.0,0.0
585,45,0.0,2,0,0,1,0,0.0,0.011111111111111112,1,0.0,1.0
751,37,183613.66,2,0,0,0,0,3.6917701766569606,0.25675675675675674,0,0.0,0.0
754,65,136186.44,1,1,1,0,1,1.1205939179592563,0.023076923076923078,1,1.0,0.0
495,47,137682.68,1,0,0,0,0,1.9372153521609703,0.22340425531914893,1,0.0,0.0
650,34,106005.54,1,1,0,0,1,0.7413165597548244,0.1323529411764706,1,0.0,0.0
529,31,152310.55,1,0,0,0,0,11.666613048390493,0.20967741935483872,0,0.0,0.0
585,43,0.0,2,0,0,1,0,0.0,0.05813953488372093,0,0.0,0.0
668,32,134446.04,1,1,0,0,1,1.208586620367761,0.046875,1,0.0,1.0
591,38,142289.28,1,1,0,0,1,1.1893134269225512,0.06578947368421052,0,0.0,0.0
731,19,0.0,2,1,0,1,2,0.0,0.34210526315789475,1,0.0,0.0
754,45,0.0,1,0,1,1,0,0.0,0.14444444444444443,0,0.0,0.0
650,46,149003.76,2,0,0,0,0,0.8422867950343417,0.20652173913043478,0,1.0,0.0
588,41,131341.46,2,1,0,0,2,18.667222858637224,0.06097560975609756,1,1.0,0.0
712,29,77919.78,1,0,0,0,0,0.635827685641074,0.25862068965517243,0,0.0,1.0
691,34,0.0,2,1,0,1,2,0.0,0.22058823529411764,0,0.0,0.0
771,41,108309.0,4,1,1,0,4,0.7876364586764109,0.25609756097560976,0,0.0,0.0
678,39,0.0,1,1,0,1,1,0.0,0.16666666666666666,0,0.0,1.0
719,40,0.0,2,0,0,1,0,0.0,0.2375,0,0.0,1.0
610,36,115462.02,1,1,0,0,1,2.711519222658191,0.20833333333333334,1,1.0,0.0
722,37,0.0,2,0,0,1,0,0.0,0.25675675675675674,1,0.0,1.0
758,23,122739.1,1,0,1,0,0,1.197900603776001,0.2391304347826087,0,1.0,0.0
709,32,0.0,2,0,0,1,0,0.0,0.078125,0,0.0,0.0
634,53,113781.5,2,1,1,0,2,1.0699175004619352,0.0660377358490566,0,1.0,0.0
678,49,0.0,2,1,0,1,2,0.0,0.030612244897959183,0,0.0,1.0
633,35,0.0,2,1,0,1,2,0.0,0.1,1,0.0,0.0
710,43,128284.45,1,0,1,0,0,3.88765615013566,0.22093023255813954,1,0.0,0.0
640,45,120591.19,1,0,0,0,0,0.6180203822227953,0.18888888888888888,1,1.0,0.0
656,63,0.0,2,1,0,1,2,0.0,0.1349206349206349,1,0.0,0.0
551,59,166968.28,1,0,1,0,0,1.0469231041260618,0.0423728813559322,0,0.0,0.0
786,39,0.0,2,0,0,1,0,0.0,0.19230769230769232,0,0.0,1.0
561,49,0.0,2,1,0,1,2,0.0,0.17346938775510204,0,0.0,0.0
807,42,0.0,2,1,0,1,2,0.0,0.13095238095238096,1,0.0,1.0
602,38,71667.97,2,0,0,0,0,0.5226931618172441,0.06578947368421052,1,1.0,0.0
727,31,82729.47,2,0,0,0,0,1.3739353510532768,0.11290322580645161,0,1.0,0.0
678,40,0.0,2,1,0,1,2,0.0,0.0375,1,0.0,0.0
730,23,0.0,2,0,0,1,0,0.0,0.3695652173913043,1,0.0,0.0
596,30,0.0,2,0,0,1,0,0.0,0.05,0,0.0,1.0
686,39,129626.19,2,1,0,0,2,1.2558053763186683,0.08974358974358974,1,1.0,0.0
684,26,114035.39,1,0,0,0,0,1.1770035543765318,0.09615384615384616,0,1.0,0.0
797,32,151922.94,1,0,0,0,0,17.112177660434828,0.046875,1,1.0,0.0
658,39,0.0,1,1,0,1,1,0.0,0.11538461538461539,0,0.0,0.0
653,27,107751.68,2,1,0,0,2,3.227023799041761,0.24074074074074073,0,0.0,1.0
641,37,0.0,2,0,0,1,0,0.0,0.17567567567567569,1,0.0,0.0
656,41,101179.23,2,1,0,0,2,2.8718310063037142,0.15853658536585366,0,0.0,1.0
750,36,0.0,2,1,0,1,2,0.0,0.18055555555555555,0,0.0,1.0
768,40,0.0,2,1,0,1,2,0.0,0.2125,0,0.0,0.0
568,33,0.0,2,0,0,1,0,0.0,0.22727272727272727,1,0.0,0.0
706,36,58571.18,2,0,0,0,0,1.4364479616314012,0.2638888888888889,1,1.0,0.0
430,38,153058.64,1,0,0,0,0,1.5401620495104211,0.2236842105263158,0,1.0,0.0
745,35,98270.34,1,0,0,0,0,0.7354549817716014,0.12857142857142856,1,1.0,0.0
747,43,130788.71,1,1,1,0,1,1.2886095018522898,0.03488372093023256,1,0.0,0.0
657,40,99165.84,1,1,1,0,1,0.8309874014276623,0.1875,1,1.0,0.0
639,42,0.0,2,0,0,1,0,0.0,0.10714285714285714,0,0.0,0.0
704,44,0.0,2,1,0,1,2,0.0,0.07954545454545454,1,0.0,0.0
651,23,115636.05,2,0,0,0,0,1.6425141324391146,0.1956521739130435,1,0.0,1.0
706,44,185932.18,2,0,0,0,0,2.8423734158880283,0.056818181818181816,0,1.0,0.0
632,30,72549.0,2,1,0,0,2,0.39702883711359616,0.08333333333333333,1,1.0,0.0
751,42,0.0,2,1,0,1,2,0.0,0.10714285714285714,1,0.0,0.0
767,35,0.0,2,0,0,1,0,0.0,0.07142857142857142,0,0.0,0.0
741,39,0.0,1,1,0,1,1,0.0,0.14102564102564102,1,0.0,0.0
651,29,121890.06,1,0,1,0,0,2.2352225346409806,0.1206896551724138,1,1.0,0.0
601,46,99786.07,1,1,1,0,1,3.052973423797181,0.05434782608695652,1,0.0,0.0
520,34,0.0,2,1,0,1,2,0.0,0.10294117647058823,1,0.0,0.0
626,27,115084.53,2,1,0,0,2,4.27689501022542,0.16666666666666666,1,1.0,0.0
811,30,0.0,2,1,0,1,2,0.0,0.21666666666666667,1,0.0,0.0
730,32,127661.69,1,0,0,0,0,2.09602700926387,0.296875,0,0.0,0.0
604,47,118907.6,1,1,1,0,1,2.488744331875554,0.09574468085106383,0,1.0,0.0
499,44,77627.33,2,0,0,0,0,0.7172859950798199,0.14772727272727273,0,1.0,0.0
754,40,160625.17,1,1,0,0,1,35.476218007762185,0.0625,1,0.0,1.0
716,29,0.0,2,0,0,1,0,0.0,0.29310344827586204,0,0.0,1.0
636,20,124266.86,1,0,0,0,0,1.235652441869819,0.525,0,0.0,0.0
470,25,127974.06,2,1,0,0,2,0.6983183214481473,0.34,0,0.0,0.0
444,43,0.0,2,1,0,1,2,0.0,0.08139534883720931,1,0.0,0.0
809,48,0.0,1,0,1,1,0,0.0,0.052083333333333336,0,0.0,1.0
850,30,104911.35,2,1,0,0,2,2.4435346038338612,0.11666666666666667,0,1.0,0.0
637,27,0.0,2,0,0,1,0,0.0,0.05555555555555555,1,0.0,0.0
512,43,0.0,2,1,0,1,2,0.0,0.03488372093023256,1,0.0,0.0
774,43,110646.54,1,0,0,0,0,1.016922524348083,0.03488372093023256,0,0.0,1.0
641,57,0.0,2,1,0,1,2,0.0,0.09649122807017543,1,0.0,0.0
586,42,126704.49,2,0,0,0,0,3.0396943140298394,0.15476190476190477,1,1.0,0.0
611,30,0.0,2,1,0,1,2,0.0,0.31666666666666665,1,0.0,0.0
660,31,84560.04,1,1,0,0,1,0.6137089419948797,0.04838709677419355,1,0.0,1.0
532,43,0.0,2,0,1,1,0,0.0,0.22093023255813954,1,0.0,0.0
557,38,129893.56,1,0,0,0,0,1.272505283509914,0.06578947368421052,0,1.0,0.0
730,25,167385.81,1,1,0,0,1,2.972655642992507,0.22,1,0.0,1.0
535,27,0.0,2,1,0,1,2,0.0,0.24074074074074073,0,0.0,0.0
773,36,105858.71,1,1,0,0,1,24.078224476566323,0.125,0,1.0,0.0
510,44,123070.89,1,0,1,0,0,4.323998174426583,0.10227272727272728,0,1.0,0.0
539,39,0.0,1,1,0,1,1,0.0,0.038461538461538464,1,0.0,0.0
690,48,0.0,2,1,0,1,2,0.0,0.052083333333333336,0,0.0,1.0
821,40,0.0,2,0,0,1,0,0.0,0.0375,0,0.0,0.0
687,35,125141.24,2,1,0,0,2,0.842485970095074,0.04285714285714286,1,1.0,0.0
557,46,96173.17,2,1,0,0,2,0.8263768705966722,0.09782608695652174,0,0.0,0.0
532,37,0.0,2,1,0,1,2,0.0,0.14864864864864866,0,0.0,1.0
540,39,0.0,2,0,0,1,0,0.0,0.0641025641025641,1,0.0,1.0
705,55,0.0,2,1,0,1,2,0.0,0.15454545454545454,0,0.0,0.0
542,35,127543.11,2,0,1,0,0,35.476218007762185,0.2714285714285714,0,1.0,0.0
706,38,0.0,2,0,0,1,0,0.0,0.039473684210526314,1,0.0,0.0
765,56,0.0,1,0,1,1,0,0.0,0.026785714285714284,0,0.0,0.0
529,67,103101.56,2,1,1,0,2,0.6694775206356344,0.12686567164179105,1,0.0,0.0
714,54,126113.28,1,0,0,0,0,1.1182398612216278,0.1388888888888889,1,0.0,0.0
582,41,40488.76,1,0,0,0,0,0.3150144989688386,0.036585365853658534,1,0.0,0.0
609,40,137389.77,2,0,0,0,0,0.8075897575886466,0.2625,0,1.0,0.0
518,28,85146.36,1,0,0,0,0,30.356399003169468,0.3392857142857143,0,0.0,0.0
791,35,129828.58,1,1,1,0,1,0.7136604447489507,0.15714285714285714,1,1.0,0.0
747,42,80214.36,1,0,1,0,0,0.696045641312927,0.10714285714285714,1,0.0,0.0
565,40,0.0,2,1,0,1,2,0.0,0.0625,0,0.0,0.0
735,34,141796.43,1,0,0,0,0,3.0919757284697234,0.04411764705882353,1,0.0,0.0
697,49,195238.29,4,1,1,0,4,1.4894072192789145,0.15306122448979592,0,0.0,0.0
813,27,111348.15,1,0,0,0,0,2.3985319060664585,0.24074074074074073,1,1.0,0.0
772,43,0.0,2,1,0,1,2,0.0,0.1511627906976744,1,0.0,0.0
606,71,0.0,2,1,0,1,2,0.0,0.11971830985915492,0,0.0,0.0
667,42,64404.26,2,0,0,0,0,2.474862402525115,0.25,0,1.0,0.0
637,40,154309.67,1,1,1,0,1,1.2311762317932176,0.2375,1,1.0,0.0
542,67,129431.36,1,1,0,0,1,6.063852733741427,0.15671641791044777,1,0.0,0.0
762,43,134204.67,1,1,0,0,1,0.9587964765241279,0.12790697674418605,0,0.0,1.0
698,39,0.0,2,1,0,1,2,0.0,0.11538461538461539,0,0.0,0.0
850,32,0.0,2,1,0,1,2,0.0,0.265625,0,0.0,0.0
621,50,0.0,2,0,1,1,0,0.0,0.11,0,0.0,0.0
671,48,116711.06,2,0,0,0,0,1.5281441237231645,0.19791666666666666,0,1.0,0.0
775,31,0.0,2,0,0,1,0,0.0,0.3064516129032258,1,0.0,0.0
504,34,54980.81,1,1,0,0,1,0.40158101386829154,0.014705882352941176,1,0.0,1.0
751,37,99773.85,2,0,0,0,0,1.8184700362258353,0.0945945945945946,0,0.0,1.0
691,30,101231.77,2,0,0,0,0,0.6467225799659159,0.25,1,1.0,0.0
841,32,117070.21,1,0,0,0,0,1.0316082909188322,0.078125,1,1.0,0.0
709,23,73314.04,2,0,0,0,0,1.1555076979428809,0.3695652173913043,1,1.0,0.0
673,37,0.0,1,1,0,1,1,0.0,0.06756756756756757,1,0.0,0.0
541,37,212314.03,1,1,0,0,1,1.426692602130127,0.25675675675675674,1,0.0,0.0
661,31,136067.82,2,0,0,0,0,2.0751880731279506,0.11290322580645161,0,0.0,0.0
784,42,109052.04,2,0,0,0,0,17.01133912066827,0.05952380952380952,0,0.0,1.0
742,35,79126.17,1,1,0,0,1,0.6230479203184478,0.07142857142857142,0,0.0,0.0
850,55,0.0,1,0,1,1,0,0.0,0.13636363636363635,0,0.0,1.0
443,35,108308.0,1,0,1,0,0,0.839387442776876,0.2714285714285714,0,0.0,0.0
778,48,102290.56,2,0,0,0,0,0.5599062160853951,0.07291666666666667,0,1.0,0.0
529,39,102025.08,2,0,0,0,0,8.259795774129069,0.16666666666666666,1,0.0,0.0
678,37,113383.07,1,1,0,0,1,0.8390978987153818,0.06756756756756757,0,1.0,0.0
516,65,102541.1,1,0,0,0,0,0.5649914469785955,0.14615384615384616,0,0.0,1.0
469,35,0.0,2,0,0,1,0,0.0,0.15714285714285714,1,0.0,1.0
786,40,0.0,2,0,0,1,0,0.0,0.1625,1,0.0,1.0
703,41,109941.51,1,0,0,0,0,0.9455847286981454,0.15853658536585366,0,0.0,0.0
579,41,141749.68,1,1,0,0,1,15.403337995094825,0.012195121951219513,1,1.0,0.0
565,38,0.0,2,1,0,1,2,0.0,0.14473684210526316,1,0.0,0.0
443,44,0.0,1,0,0,1,0,0.0,0.056818181818181816,1,0.0,0.0
589,37,85146.48,2,0,1,0,0,0.984453774371441,0.20270270270270271,1,0.0,0.0
691,44,134066.1,2,1,0,0,2,0.6785634767350526,0.14772727272727273,0,0.0,0.0
711,28,0.0,2,0,0,1,0,0.0,0.30357142857142855,0,0.0,0.0
775,27,0.0,1,1,0,1,1,0.0,0.16666666666666666,1,0.0,1.0
621,35,87619.29,1,0,0,0,0,35.476218007762185,0.21428571428571427,1,0.0,0.0
350,51,0.0,1,1,1,1,1,0.0,0.20588235294117646,1,0.0,0.0
668,30,0.0,2,0,0,1,0,0.0,0.2833333333333333,0,0.0,1.0
633,27,0.0,2,0,0,1,0,0.0,0.12962962962962962,1,0.0,1.0
697,43,103409.16,1,0,1,0,0,1.5458595264049484,0.19767441860465115,1,1.0,0.0
734,30,123040.38,1,1,0,0,1,1.6082856256256206,0.25,0,1.0,0.0
434,41,108128.52,1,1,0,0,1,1.904170300982071,0.10975609756097561,1,0.0,0.0
646,48,169023.33,2,1,0,0,2,0.9622266038288486,0.17708333333333334,1,1.0,0.0
764,30,0.0,2,1,0,1,2,0.0,0.18333333333333332,1,0.0,0.0
727,41,0.0,2,1,0,1,2,0.0,0.25609756097560976,0,0.0,1.0
724,29,0.0,2,1,0,1,2,0.0,0.22413793103448276,0,0.0,0.0
749,42,222267.63,1,0,1,0,0,2.198278703805811,0.2261904761904762,1,0.0,1.0
706,47,144090.42,1,0,1,0,0,1.0223532788254857,0.22340425531914893,0,1.0,0.0
728,30,114835.43,1,1,0,0,1,3.0489853701821046,0.35,1,0.0,0.0
636,44,0.0,2,0,0,1,0,0.0,0.056818181818181816,1,0.0,0.0
634,34,145030.92,1,1,0,0,1,3.467843090839314,0.10294117647058823,1,0.0,0.0
627,43,71240.3,1,1,0,0,1,0.5577187988021466,0.19767441860465115,1,0.0,0.0
518,59,138772.15,1,1,0,0,1,1.1202776230494134,0.09322033898305085,1,0.0,0.0
687,29,93617.07,1,1,0,0,1,0.8280891646953011,0.25862068965517243,0,0.0,1.0
622,23,0.0,2,1,0,1,2,0.0,0.3695652173913043,0,0.0,1.0
693,45,0.0,2,1,0,1,2,0.0,0.1,0,0.0,1.0
450,25,74237.2,2,1,0,0,2,0.37979918077132735,0.38,1,0.0,1.0
664,49,127421.78,2,0,1,0,0,1.1703197393406826,0.11224489795918367,0,1.0,0.0
663,28,61274.7,2,0,0,0,0,0.45036564136166535,0.30357142857142855,0,0.0,1.0
660,34,106486.66,2,1,0,0,2,0.5842451534222456,0.25,1,0.0,0.0
579,29,73194.52,2,1,0,0,2,0.5664768130724157,0.3620689655172414,0,0.0,0.0
655,44,146498.76,1,0,1,0,0,2.258883152459251,0.14772727272727273,0,1.0,0.0
683,47,0.0,2,0,0,1,0,0.0,0.031914893617021274,1,0.0,0.0
655,32,0.0,1,1,0,1,1,0.0,0.078125,0,0.0,0.0
575,30,0.0,2,0,0,1,0,0.0,0.2833333333333333,0,0.0,1.0
574,30,120355.0,1,0,0,0,0,0.8734392955879541,0.18333333333333332,1,0.0,1.0
795,32,117265.21,1,1,0,0,1,0.5912981877661978,0.078125,1,0.0,0.0
776,43,0.0,2,1,0,1,2,0.0,0.10465116279069768,0,0.0,0.0
707,52,0.0,1,0,1,1,0,0.0,0.14423076923076922,0,0.0,1.0
705,37,109974.22,1,1,1,0,1,3.0277686693994554,0.0945945945945946,0,1.0,0.0
678,44,98009.13,2,1,0,0,2,3.122716089347241,0.056818181818181816,0,1.0,0.0
663,34,0.0,1,1,0,1,1,0.0,0.3088235294117647,1,0.0,0.0
748,66,0.0,1,1,0,1,1,0.0,0.12878787878787878,1,0.0,0.0
677,34,171671.9,1,1,0,0,1,3.380780983863926,0.3088235294117647,0,0.0,1.0
634,63,0.0,2,0,1,1,0,0.0,0.16666666666666666,1,0.0,1.0
350,60,0.0,1,0,1,1,0,0.0,0.058333333333333334,0,0.0,0.0
727,61,128213.96,2,1,1,0,2,0.6793509545484219,0.00819672131147541,1,0.0,0.0
773,51,116197.65,2,1,0,0,2,1.340189544926092,0.16666666666666666,1,1.0,0.0
675,39,0.0,2,0,0,1,0,0.0,0.038461538461538464,1,0.0,0.0
649,36,86607.39,1,0,0,0,0,4.368354526787682,0.18055555555555555,0,0.0,1.0
552,29,0.0,2,0,0,1,0,0.0,0.3620689655172414,1,0.0,0.0
761,62,98854.34,1,0,1,0,0,1.137276801250593,0.08870967741935484,1,1.0,0.0
622,31,0.0,1,0,0,1,0,0.0,0.24193548387096775,1,0.0,0.0
615,59,0.0,2,1,0,1,2,0.0,0.1440677966101695,1,0.0,0.0
681,31,97338.19,2,0,0,0,0,2.018302114798614,0.14516129032258066,1,1.0,0.0
768,30,0.0,2,1,0,1,2,0.0,0.21666666666666667,1,0.0,0.0
617,34,0.0,2,0,0,1,0,0.0,0.27941176470588236,1,0.0,1.0
452,33,131698.57,2,0,0,0,0,0.8685813564538967,0.19696969696969696,0,0.0,0.0
807,37,130110.45,2,1,0,0,2,0.7560211727032616,0.28378378378378377,1,1.0,0.0
567,44,0.0,2,0,0,1,0,0.0,0.2159090909090909,1,0.0,1.0
603,24,165149.13,2,0,0,0,0,7.55510382775645,0.0625,1,0.0,1.0
617,37,101707.8,1,0,0,0,0,0.8211030386717139,0.25675675675675674,0,0.0,1.0
701,34,105588.66,1,1,0,0,1,1.4135896703693038,0.10294117647058823,0,0.0,0.0
820,39,111336.89,1,0,1,0,0,6.638532708536184,0.24358974358974358,1,1.0,0.0
438,60,78391.17,1,1,0,0,1,1.586043872001554,0.125,1,0.0,0.0
600,27,0.0,2,1,0,1,2,0.0,0.24074074074074073,0,0.0,1.0
782,34,0.0,1,0,1,1,0,0.0,0.27941176470588236,1,0.0,0.0
638,41,144326.09,1,0,1,0,0,1.9508574178317766,0.23170731707317074,0,1.0,0.0
850,27,101278.25,2,1,0,0,2,3.855842379820743,0.05555555555555555,1,1.0,0.0
741,19,108711.57,2,0,0,0,0,4.373259179548038,0.4473684210526316,0,1.0,0.0
689,73,108555.07,1,1,0,0,1,0.6462759603417632,0.02054794520547945,1,0.0,1.0
743,35,146781.24,1,0,0,0,0,0.775353906080386,0.04285714285714286,0,1.0,0.0
493,36,0.0,2,1,0,1,2,0.0,0.06944444444444445,0,0.0,0.0
416,35,0.0,1,0,0,1,0,0.0,0.24285714285714285,1,0.0,1.0
725,25,0.0,2,1,0,1,2,0.0,0.38,0,0.0,0.0
497,34,0.0,2,1,0,1,2,0.0,0.07352941176470588,1,0.0,0.0
537,66,103291.25,2,1,0,0,2,0.7904995638108491,0.12878787878787878,1,1.0,0.0
706,29,209490.21,1,1,1,0,1,1.5719386901754642,0.05172413793103448,0,0.0,1.0
651,38,0.0,3,0,1,1,0,0.0,0.06578947368421052,1,0.0,1.0
720,33,0.0,2,1,0,1,2,0.0,0.07575757575757576,1,0.0,0.0
797,45,0.0,1,0,0,1,0,0.0,0.18888888888888888,1,0.0,0.0
543,23,0.0,2,0,0,1,0,0.0,0.2391304347826087,1,0.0,1.0
454,34,0.0,2,0,0,1,0,0.0,0.1323529411764706,1,0.0,0.0
691,37,149405.18,1,1,0,0,1,1.0204393610932392,0.25675675675675674,1,0.0,0.0
510,52,191665.21,1,1,1,0,1,1.459599526507392,0.125,0,0.0,0.0
792,40,0.0,1,0,0,1,0,0.0,0.1875,0,0.0,1.0
721,41,135071.12,1,1,0,0,1,2.094832288407331,0.15853658536585366,1,0.0,0.0
765,41,0.0,2,1,0,1,2,0.0,0.06097560975609756,1,0.0,0.0
850,39,0.0,2,1,0,1,2,0.0,0.21794871794871795,1,0.0,1.0
681,38,181804.34,2,1,0,0,2,3.160786116378479,0.17105263157894737,1,1.0,0.0
586,60,47020.65,2,1,1,0,2,0.7435010572843676,0.058333333333333334,0,0.0,0.0
753,36,128518.98,1,1,1,0,1,2.8836067718178824,0.20833333333333334,0,0.0,0.0
593,38,142658.04,2,1,0,0,2,1.0540862437047482,0.14473684210526316,0,1.0,0.0
674,21,120150.39,2,1,0,0,2,3.5374733954305357,0.4523809523809524,0,0.0,0.0
610,35,81905.95,1,1,0,0,1,1.3291201068930885,0.21428571428571427,0,0.0,0.0
652,26,137998.2,2,1,0,0,2,0.8166019954817652,0.1346153846153846,1,0.0,0.0
850,26,123126.29,1,0,0,0,0,1.6543360078767737,0.3269230769230769,0,1.0,0.0
740,51,0.0,2,1,0,1,2,0.0,0.08823529411764706,0,0.0,0.0
637,43,135645.29,2,1,1,0,2,1.3379377151353282,0.03488372093023256,1,1.0,0.0
685,31,122449.31,2,1,0,0,2,0.6773742183115558,0.24193548387096775,1,0.0,1.0
558,40,161766.87,1,0,0,0,0,1.7511114474049125,0.1125,1,0.0,1.0
677,37,0.0,2,1,0,1,2,0.0,0.0945945945945946,0,0.0,0.0
592,36,123187.51,1,1,0,0,1,0.8431012847305515,0.2916666666666667,1,1.0,0.0
652,36,150956.71,1,0,0,0,0,2.0864446283315115,0.2638888888888889,1,1.0,0.0
662,42,105021.28,1,0,0,0,0,2.1769055153266623,0.15476190476190477,0,0.0,1.0
543,64,0.0,2,1,0,1,2,0.0,0.0703125,1,0.0,0.0
675,50,133204.91,1,1,0,0,1,16.1049381820468,0.03,0,0.0,1.0
643,35,0.0,2,1,0,1,2,0.0,0.18571428571428572,0,0.0,1.0
611,49,115488.52,2,1,1,0,2,0.8329031015274221,0.19387755102040816,0,1.0,0.0
412,29,0.0,2,0,0,1,0,0.0,0.1896551724137931,1,0.0,0.0
638,41,0.0,2,0,0,1,0,0.0,0.18292682926829268,1,0.0,1.0
824,38,0.0,2,0,0,1,0,0.0,0.09210526315789473,0,0.0,1.0
683,40,0.0,2,0,0,1,0,0.0,0.0375,0,0.0,0.0
562,39,130565.02,1,0,1,0,0,13.247638934547656,0.16666666666666666,0,1.0,0.0
599,41,91328.71,1,0,0,0,0,0.7891820647050295,0.06097560975609756,0,0.0,0.0
753,35,0.0,2,1,0,1,2,0.0,0.12857142857142856,1,0.0,0.0
594,50,81310.34,1,1,0,0,1,0.44221883829145536,0.15,1,0.0,0.0
657,34,107136.6,1,0,0,0,0,0.6961602625557469,0.10294117647058823,1,0.0,0.0
716,34,0.0,1,1,0,1,1,0.0,0.27941176470588236,1,0.0,1.0
850,43,0.0,2,1,0,1,2,0.0,0.1744186046511628,1,0.0,0.0
664,46,0.0,1,1,1,1,1,0.0,0.05434782608695652,1,0.0,0.0
558,33,108477.49,1,1,1,0,1,0.9943150044121,0.015151515151515152,1,0.0,0.0
606,40,144757.97,2,1,0,0,2,0.8685972605560709,0.0375,1,1.0,0.0
776,33,0.0,2,1,0,1,2,0.0,0.07575757575757576,1,0.0,1.0
557,36,113110.26,1,0,0,0,0,1.149329821641411,0.041666666666666664,1,0.0,1.0
614,27,106414.57,2,0,0,0,0,1.3730591582312723,0.35185185185185186,0,0.0,0.0
620,42,106920.91,1,1,0,0,1,0.8928820403634029,0.10714285714285714,1,0.0,1.0
695,35,0.0,2,0,0,1,0,0.0,0.21428571428571427,1,0.0,1.0
729,39,131513.26,1,1,0,0,1,0.6788972516467406,0.038461538461538464,0,1.0,0.0
571,53,0.0,2,0,0,1,0,0.0,0.04716981132075472,0,0.0,0.0
457,40,134320.23,2,0,0,0,0,0.890963784095541,0.2625,1,0.0,0.0
559,29,79715.36,1,0,0,0,0,0.9691450602334643,0.1206896551724138,0,0.0,0.0
664,38,74306.19,2,0,0,0,0,0.48126842981475754,0.11842105263157894,0,0.0,0.0
500,50,0.0,4,1,1,1,4,0.0,0.11,0,0.0,1.0
782,42,126428.38,1,0,0,0,0,3.1741121887168573,0.17857142857142858,1,1.0,0.0
708,38,99640.89,1,0,0,0,0,8.016019829093935,0.2236842105263158,1,0.0,1.0
681,43,66338.68,1,1,1,0,1,3.5336341119130688,0.08139534883720931,1,0.0,0.0
674,39,0.0,2,1,0,1,2,0.0,0.16666666666666666,0,0.0,1.0
697,43,128226.37,1,0,0,0,0,0.6802895187883108,0.2441860465116279,1,0.0,1.0
774,26,0.0,2,1,0,1,2,0.0,0.21153846153846154,0,0.0,0.0
624,36,0.0,2,0,0,1,0,0.0,0.18055555555555555,1,0.0,0.0
747,37,0.0,2,1,0,1,2,0.0,0.04054054054054054,1,0.0,1.0
715,32,0.0,2,0,0,1,0,0.0,0.328125,0,0.0,0.0
808,24,122168.65,1,0,0,0,0,0.7016829894817034,0.1875,1,0.0,0.0
678,43,178074.33,1,0,0,0,0,1.6128913138581011,0.1744186046511628,0,0.0,0.0
813,59,135078.41,1,0,1,0,0,0.7198919552459413,0.0423728813559322,1,1.0,0.0
687,38,69434.4,2,1,1,0,2,1.0428540338681545,0.2236842105263158,1,0.0,1.0
832,29,0.0,2,0,0,1,0,0.0,0.1896551724137931,0,0.0,0.0
668,72,0.0,2,1,0,1,2,0.0,0.034722222222222224,1,0.0,0.0
526,34,122726.56,1,1,0,0,1,2.623855972716093,0.10294117647058823,1,1.0,0.0
457,38,164496.99,1,1,0,0,1,1.0071556503965908,0.19736842105263158,0,0.0,0.0
649,38,0.0,1,0,0,1,0,0.0,0.2236842105263158,0,0.0,1.0
669,41,150219.41,2,0,0,0,0,1.3929837556610472,0.012195121951219513,0,0.0,0.0
668,42,187534.79,1,1,1,0,1,5.6999013112204,0.20238095238095238,1,0.0,0.0
466,30,0.0,1,0,0,1,0,0.0,0.11666666666666667,0,0.0,0.0
685,30,0.0,2,1,0,1,2,0.0,0.08333333333333333,1,0.0,0.0
610,34,103108.17,1,0,0,0,0,0.8206124865516966,0.014705882352941176,1,0.0,0.0
582,50,96486.57,2,1,0,0,2,4.742515367397034,0.13,0,1.0,0.0
702,36,90560.48,2,0,0,0,0,0.5196565533674868,0.2638888888888889,1,1.0,0.0
556,46,131764.96,1,1,1,0,1,1.2144050146329557,0.07608695652173914,1,0.0,1.0
812,24,92476.88,1,0,0,0,0,1.1108582125678725,0.0625,0,0.0,1.0
645,47,152076.93,1,0,1,0,0,1.2481568631957005,0.20212765957446807,1,1.0,0.0
809,43,0.0,2,1,0,1,2,0.0,0.05813953488372093,1,0.0,0.0
560,49,0.0,1,1,1,1,1,0.0,0.09183673469387756,1,0.0,0.0
744,29,43504.42,1,1,0,0,1,0.3645761813477473,0.05172413793103448,1,0.0,0.0
731,39,0.0,2,0,0,1,0,0.0,0.0641025641025641,0,0.0,1.0
471,28,0.0,2,1,0,1,2,0.0,0.19642857142857142,0,0.0,1.0
686,38,93569.86,3,0,1,0,0,9.229307756496626,0.06578947368421052,0,1.0,0.0
668,45,102486.21,2,1,0,0,2,0.6470895834550079,0.1,1,0.0,1.0
575,36,0.0,1,1,0,1,1,0.0,0.041666666666666664,1,0.0,0.0
435,37,114346.3,1,1,1,0,1,35.476218007762185,0.22972972972972974,1,1.0,0.0
743,23,110203.77,1,0,0,0,0,1.1529466351482904,0.15217391304347827,1,0.0,0.0
580,39,128362.59,1,0,0,0,0,1.4917906681985609,0.24358974358974358,0,0.0,0.0
599,49,143888.22,2,1,1,0,2,0.8655587570015841,0.21428571428571427,0,1.0,0.0
534,34,170600.78,1,1,0,0,1,32.547897274269154,0.16176470588235295,1,0.0,1.0
680,32,0.0,1,1,0,1,1,0.0,0.171875,0,0.0,0.0
631,46,0.0,2,1,0,1,2,0.0,0.22826086956521738,0,0.0,1.0
485,39,75339.64,1,1,0,0,1,1.06613462511618,0.0641025641025641,0,0.0,0.0
699,40,122038.34,1,0,0,0,0,1.1954422897870283,0.2125,0,0.0,0.0
712,34,0.0,2,1,0,1,2,0.0,0.04411764705882353,1,0.0,0.0
603,51,186825.57,1,0,1,0,0,1.99300357336743,0.16666666666666666,1,0.0,0.0
850,40,124788.18,1,0,0,0,0,1.9018784657702605,0.1625,1,0.0,0.0
584,41,0.0,2,1,0,1,2,0.0,0.08536585365853659,0,0.0,0.0
604,71,0.0,2,1,0,1,2,0.0,0.035211267605633804,0,0.0,0.0
586,51,138553.57,1,1,0,0,1,1.499380351448729,0.049019607843137254,1,0.0,0.0
467,39,0.0,2,1,0,1,2,0.0,0.14102564102564102,1,0.0,1.0
520,35,105387.89,1,1,0,0,1,4.205412516969233,0.2714285714285714,1,0.0,0.0
683,40,95053.1,1,1,1,0,1,0.8136885950517363,0.1125,1,0.0,1.0
557,36,0.0,1,1,0,1,1,0.0,0.09722222222222222,1,0.0,0.0
613,32,0.0,2,1,0,1,2,0.0,0.015625,0,0.0,1.0
786,34,137361.96,1,0,0,0,0,0.7478203899988833,0.10294117647058823,1,0.0,0.0
593,32,158537.42,1,0,0,0,0,0.9501703819748295,0.328125,1,0.0,1.0
670,29,0.0,2,0,0,1,0,0.0,0.3275862068965517,0,0.0,1.0
657,48,143595.87,1,0,1,0,0,1.4173118368188924,0.11458333333333333,0,1.0,0.0
718,32,169947.41,2,1,0,0,2,6.073854116631213,0.296875,1,1.0,0.0
623,24,148167.83,2,1,0,0,2,1.3534851222246844,0.3125,0,0.0,0.0
496,31,0.0,2,0,0,1,0,0.0,0.1774193548387097,1,0.0,0.0
429,39,48023.83,1,0,0,0,0,0.6414124961818164,0.16666666666666666,0,0.0,0.0
606,36,155655.46,1,1,1,0,1,0.8090683793954222,0.041666666666666664,1,0.0,0.0
499,46,0.0,2,0,0,1,0,0.0,0.14130434782608695,0,0.0,0.0
642,62,0.0,2,1,0,1,2,0.0,0.12096774193548387,1,0.0,0.0
641,52,0.0,1,0,1,1,0,0.0,0.08653846153846154,0,0.0,0.0
673,32,121240.76,1,0,0,0,0,1.0365051154250298,0.265625,1,0.0,0.0
570,36,0.0,2,0,0,1,0,0.0,0.09722222222222222,0,0.0,0.0
472,37,0.0,2,1,0,1,2,0.0,0.04054054054054054,0,0.0,0.0
550,35,129847.75,2,0,0,0,0,0.6580353667831572,0.2714285714285714,1,1.0,0.0
625,55,118772.71,4,0,1,0,0,0.8742633117666518,0.15454545454545454,0,1.0,0.0
516,46,0.0,2,1,0,1,2,0.0,0.05434782608695652,1,0.0,0.0
682,32,105163.88,2,1,0,0,2,0.6405734589922025,0.078125,1,1.0,0.0
620,28,0.0,2,1,0,1,2,0.0,0.30357142857142855,1,0.0,0.0
626,39,0.0,2,1,0,1,2,0.0,0.01282051282051282,0,0.0,0.0
623,29,0.0,2,0,0,1,0,0.0,0.05172413793103448,0,0.0,0.0
569,35,93934.63,1,0,0,0,0,0.5084439594146075,0.12857142857142856,0,0.0,0.0
724,69,117866.92,1,1,0,0,1,1.8924743958558752,0.07971014492753623,0,0.0,0.0
678,55,0.0,1,1,1,1,1,0.0,0.1,0,0.0,0.0
713,26,122857.46,2,0,1,0,0,0.8491482457842193,0.17307692307692307,0,0.0,1.0
631,32,0.0,2,1,0,1,2,0.0,0.328125,1,0.0,0.0
846,37,127103.97,1,1,0,0,1,3.0614597142791076,0.17567567567567569,0,0.0,0.0
660,43,0.0,1,1,1,1,1,0.0,0.03488372093023256,0,0.0,0.0
567,54,96402.96,1,0,1,0,0,1.8526101687879748,0.17592592592592593,1,0.0,0.0
731,31,132512.26,1,1,0,0,1,0.7144756355346763,0.04838709677419355,1,0.0,0.0
693,47,107604.66,1,1,0,0,1,1.3425364630711787,0.18085106382978725,1,0.0,1.0
772,34,0.0,2,0,0,1,0,0.0,0.27941176470588236,1,0.0,0.0
657,38,0.0,2,0,0,1,0,0.0,0.19736842105263158,1,0.0,0.0
774,34,120875.23,2,1,0,0,2,1.065841500433919,0.1323529411764706,1,1.0,0.0
667,37,71786.9,2,1,0,0,2,1.0598075256817703,0.25675675675675674,0,0.0,0.0
516,37,113143.12,1,0,0,0,0,33.62990880880761,0.22972972972972974,0,0.0,0.0
551,49,150777.72,2,1,0,0,2,1.1106337757545084,0.030612244897959183,1,0.0,1.0
542,35,174894.53,1,1,0,0,1,7.837338985595246,0.07142857142857142,1,0.0,1.0
623,28,0.0,1,0,0,1,0,0.0,0.26785714285714285,1,0.0,0.0
701,43,160416.56,1,1,0,0,1,4.304470686602215,0.05813953488372093,0,0.0,0.0
583,48,91246.53,1,0,1,0,0,1.5203077519816404,0.07291666666666667,1,0.0,0.0
731,46,0.0,2,0,0,1,0,0.0,0.22826086956521738,1,0.0,1.0
461,35,0.0,1,1,0,1,1,0.0,0.15714285714285714,0,0.0,0.0
702,23,98775.23,1,0,0,0,0,0.8618756989226295,0.32608695652173914,0,1.0,0.0
565,47,139756.12,1,0,1,0,0,0.84266329270417,0.22340425531914893,0,1.0,0.0
711,42,177626.77,3,1,1,0,3,10.835049640960074,0.08333333333333333,1,0.0,1.0
664,54,0.0,1,1,1,1,1,0.0,0.1574074074074074,1,0.0,0.0
518,50,0.0,1,0,1,1,0,0.0,0.09,1,0.0,1.0
728,42,0.0,2,1,0,1,2,0.0,0.20238095238095238,1,0.0,1.0
585,37,152496.82,1,1,0,0,1,1.5263680321222595,0.17567567567567569,1,1.0,0.0
573,52,0.0,2,1,0,1,2,0.0,0.16346153846153846,1,0.0,0.0
568,26,112930.28,2,0,0,0,0,5.1107236229071,0.057692307692307696,1,1.0,0.0
602,26,113674.2,1,0,1,0,0,0.5745120744663861,0.3269230769230769,0,1.0,0.0
603,44,0.0,1,0,0,1,0,0.0,0.2159090909090909,1,0.0,0.0
687,38,144450.58,1,1,0,0,1,1.052249878949864,0.013157894736842105,1,0.0,0.0
741,52,171236.3,2,0,1,0,0,7.842141659873415,0.028846153846153848,1,0.0,0.0
469,37,96776.49,1,1,0,0,1,0.8071981700842743,0.25675675675675674,1,0.0,1.0
477,58,145984.92,1,1,0,0,1,5.942632206694701,0.14655172413793102,0,1.0,0.0
737,43,96353.8,1,0,0,0,0,9.436459435107926,0.19767441860465115,1,1.0,0.0
835,25,0.0,2,1,0,1,2,0.0,0.3,1,0.0,0.0
717,33,115777.23,1,1,0,0,1,1.4204209100578953,0.015151515151515152,0,1.0,0.0
562,51,122822.0,2,0,0,0,0,3.7644040051233314,0.14705882352941177,0,0.0,0.0
758,61,0.0,2,1,0,1,2,0.0,0.040983606557377046,1,0.0,1.0
408,40,0.0,2,0,0,1,0,0.0,0.0875,1,0.0,0.0
650,32,79450.09,1,1,0,0,1,0.6714522409534696,0.140625,0,0.0,1.0
582,33,122394.0,1,1,0,0,1,5.53445116036994,0.07575757575757576,1,1.0,0.0
706,43,0.0,2,0,0,1,0,0.0,0.03488372093023256,0,0.0,1.0
567,41,134378.89,1,1,0,0,1,1.2707471180998893,0.012195121951219513,1,1.0,0.0
720,29,0.0,2,0,0,1,0,0.0,0.08620689655172414,1,0.0,0.0
631,31,88161.85,2,0,0,0,0,0.6907510098574118,0.08064516129032258,0,0.0,1.0
623,41,142412.13,1,0,0,0,0,4.948305384506869,0.06097560975609756,1,0.0,1.0
514,35,121030.9,1,0,0,0,0,12.091385538798443,0.1,1,0.0,0.0
650,35,165982.43,2,1,0,0,2,6.779452897420104,0.1,0,1.0,0.0
673,35,0.0,2,0,0,1,0,0.0,0.18571428571428572,0,0.0,1.0
504,32,206663.75,1,0,0,0,0,12.692041486365484,0.265625,0,0.0,0.0
723,37,94661.53,2,0,0,0,0,0.7807738576129376,0.0945945945945946,1,1.0,0.0
645,25,174400.36,1,0,0,0,0,4.087153685332468,0.02,1,0.0,0.0
664,41,123428.69,1,1,0,0,1,0.7483923460775622,0.18292682926829268,1,0.0,1.0
760,43,175735.5,1,1,0,0,1,1.1169277357723921,0.1511627906976744,1,0.0,1.0
766,36,78381.13,1,1,0,0,1,0.5095222339088074,0.1527777777777778,1,0.0,1.0
634,37,115345.86,2,0,0,0,0,0.6833981898629482,0.14864864864864866,1,0.0,0.0
640,31,118613.34,1,0,0,0,0,0.7040593717659426,0.3387096774193548,0,1.0,0.0
784,28,109960.06,2,1,0,0,2,0.6436779254241344,0.08928571428571429,1,1.0,0.0
547,42,142703.4,1,0,1,0,0,1.6553288429016677,0.03571428571428571,0,1.0,0.0
608,40,121729.42,1,0,0,0,0,1.9901663439082031,0.2125,0,1.0,0.0
547,35,0.0,1,1,0,1,1,0.0,0.12857142857142856,0,0.0,0.0
612,43,139496.35,2,1,0,0,2,1.808605505331766,0.10465116279069768,0,0.0,0.0
573,28,0.0,2,0,0,1,0,0.0,0.30357142857142855,1,0.0,1.0
615,32,138521.83,1,1,0,0,1,2.4345598534924715,0.171875,1,0.0,1.0
710,33,0.0,2,0,0,1,0,0.0,0.07575757575757576,0,0.0,0.0
674,38,83727.68,1,0,0,0,0,1.8434456678156685,0.27631578947368424,0,1.0,0.0
702,38,0.0,2,1,0,1,2,0.0,0.25,0,0.0,1.0
616,37,0.0,1,0,0,1,0,0.0,0.25675675675675674,1,0.0,0.0
688,32,124179.3,1,1,0,0,1,0.8949204796910353,0.203125,1,0.0,1.0
605,36,128829.25,1,0,0,0,0,0.675951136680655,0.20833333333333334,1,0.0,0.0
676,33,171490.78,1,0,0,0,0,2.168007490204883,0.19696969696969696,1,0.0,0.0
708,33,0.0,2,0,0,1,0,0.0,0.10606060606060606,1,0.0,1.0
745,38,0.0,2,1,0,1,2,0.0,0.19736842105263158,0,0.0,1.0
661,20,0.0,1,0,0,1,0,0.0,0.425,1,0.0,1.0
726,31,0.0,2,1,0,1,2,0.0,0.3064516129032258,1,0.0,0.0
475,40,160818.08,1,1,1,0,1,0.9479787363036746,0.1875,1,0.0,0.0
751,54,156367.6,2,1,0,0,2,1.3458974158579569,0.17592592592592593,1,1.0,0.0
645,59,121669.93,2,0,1,0,0,35.476218007762185,0.1440677966101695,0,1.0,0.0
775,42,133970.22,2,1,0,0,2,0.7132111270761586,0.15476190476190477,1,0.0,0.0
540,41,0.0,2,0,0,1,0,0.0,0.08536585365853659,1,0.0,0.0
591,34,96127.27,1,0,0,0,0,3.103576785761562,0.10294117647058823,0,0.0,0.0
596,60,121907.97,1,1,0,0,1,4.021369260934506,0.125,1,0.0,1.0
573,41,0.0,2,1,0,1,2,0.0,0.13414634146341464,1,0.0,1.0
577,31,0.0,1,1,0,1,1,0.0,0.20967741935483872,1,0.0,1.0
830,40,77701.64,1,1,0,0,1,3.9819672450390446,0.2125,0,1.0,0.0
663,67,0.0,3,1,0,1,3,0.0,0.1417910447761194,1,0.0,0.0
421,34,0.0,2,1,0,1,2,0.0,0.07352941176470588,1,0.0,0.0
718,34,113922.44,2,0,0,0,0,3.701999335786115,0.16176470588235295,1,0.0,1.0
655,61,183997.7,2,1,0,0,2,1.1412962235400501,0.040983606557377046,0,1.0,0.0
712,23,0.0,2,1,0,1,2,0.0,0.10869565217391304,1,0.0,0.0
663,28,0.0,2,1,0,1,2,0.0,0.16071428571428573,1,0.0,0.0
640,47,89799.46,2,1,1,0,2,6.514396685617533,0.13829787234042554,0,0.0,0.0
577,29,0.0,1,1,0,1,1,0.0,0.08620689655172414,1,0.0,1.0
546,36,85660.96,1,0,0,0,0,0.6355660276774551,0.20833333333333334,0,0.0,1.0
802,37,115569.21,1,1,0,0,1,0.9648143001533847,0.25675675675675674,1,1.0,0.0
590,45,81828.22,1,0,0,0,0,1.5685228211329454,0.05555555555555555,0,0.0,0.0
594,18,132694.73,1,0,0,0,0,0.7913070956409235,0.08333333333333333,1,1.0,0.0
577,51,108867.0,1,0,1,0,0,0.7731940092183572,0.049019607843137254,1,0.0,1.0
541,39,0.0,2,0,0,1,0,0.0,0.19230769230769232,1,0.0,0.0
781,27,0.0,2,0,0,1,0,0.0,0.2037037037037037,0,0.0,0.0
806,34,96152.68,2,0,0,0,0,0.669064981481716,0.07352941176470588,1,1.0,0.0
723,49,153855.52,1,1,1,0,1,0.8506731549569547,0.01020408163265306,0,1.0,0.0
535,45,0.0,2,0,0,1,0,0.0,0.05555555555555555,1,0.0,0.0
768,36,141334.95,1,1,0,0,1,1.1228510822545215,0.09722222222222222,0,0.0,0.0
653,41,104584.11,1,0,1,0,0,6.9135914358921475,0.036585365853658534,1,1.0,0.0
803,50,98173.02,1,0,1,0,0,4.371356628410495,0.17,0,1.0,0.0
545,44,0.0,2,1,0,1,2,0.0,0.03409090909090909,0,0.0,1.0
581,38,135157.05,1,1,0,0,1,4.105568823241016,0.09210526315789473,0,1.0,0.0
513,49,171601.27,1,0,0,0,0,1.3594889088391793,0.11224489795918367,0,1.0,0.0
731,29,179539.2,1,0,0,0,0,1.6028708603849873,0.1896551724137931,1,0.0,0.0
727,39,80615.46,2,0,0,0,0,0.4454795590620243,0.14102564102564102,1,1.0,0.0
560,47,0.0,1,0,1,1,0,0.0,0.031914893617021274,1,0.0,1.0
766,27,126285.73,1,0,1,0,0,0.7110075676531458,0.2037037037037037,1,1.0,0.0
630,23,137964.51,1,1,0,0,1,0.7903035173829872,0.1956521739130435,0,1.0,0.0
652,41,159434.03,1,0,0,0,0,0.8938141139004231,0.23170731707317074,1,1.0,0.0
729,40,113574.61,2,0,0,0,0,1.0984315030946714,0.1375,1,1.0,0.0
629,33,0.0,2,1,0,1,2,0.0,0.19696969696969696,0,0.0,0.0
667,33,124573.33,2,0,0,0,0,35.476218007762185,0.2878787878787879,1,1.0,0.0
671,31,105864.6,2,0,0,0,0,0.7272501699201901,0.20967741935483872,0,1.0,0.0
768,47,104552.61,1,0,1,0,0,2.1719314521892024,0.11702127659574468,0,1.0,0.0
732,35,0.0,2,0,0,1,0,0.0,0.1,0,0.0,0.0
546,30,0.0,2,1,0,1,2,0.0,0.18333333333333332,0,0.0,0.0
630,55,0.0,1,1,1,1,1,0.0,0.045454545454545456,1,0.0,0.0
765,46,119492.88,2,1,1,0,2,0.7159677695843683,0.18478260869565216,0,1.0,0.0
704,33,130499.09,2,1,0,0,2,1.7445152325983058,0.015151515151515152,0,0.0,0.0
470,48,140576.11,1,1,0,0,1,1.2017923085044673,0.13541666666666666,0,0.0,1.0
688,34,91025.58,2,1,0,0,2,0.5557660088897572,0.27941176470588236,0,1.0,0.0
685,33,0.0,3,1,1,1,3,0.0,0.045454545454545456,0,0.0,0.0
567,38,125877.65,2,1,0,0,2,1.1672330931410608,0.039473684210526314,0,0.0,0.0
720,64,45752.78,2,0,1,0,0,0.5746083983428171,0.0546875,1,0.0,1.0
609,39,121778.71,1,1,0,0,1,0.8798997143583192,0.08974358974358974,1,0.0,0.0
521,49,127948.57,1,1,0,0,1,0.7000671459166342,0.05102040816326531,0,1.0,0.0
556,30,0.0,2,1,0,1,2,0.0,0.25,0,0.0,0.0
662,30,115286.68,2,1,0,0,2,0.7706899682142232,0.18333333333333332,1,1.0,0.0
704,41,62078.21,2,0,0,0,0,0.4810337595786246,0.23170731707317074,1,1.0,0.0
750,38,0.0,2,0,0,1,0,0.0,0.039473684210526314,0,0.0,0.0
619,32,175406.13,2,1,1,0,2,1.0151203665556034,0.140625,0,0.0,1.0
468,26,131643.25,1,0,0,0,0,2.0429710123785716,0.057692307692307696,1,0.0,1.0
435,44,151739.65,1,0,0,0,0,0.9061112189296111,0.07954545454545454,1,1.0,0.0
529,43,93616.35,2,0,0,0,0,0.951872634841849,0.1511627906976744,1,0.0,0.0
702,60,138597.54,2,1,1,0,2,3.336677452880632,0.09166666666666666,0,1.0,0.0
608,41,0.0,2,1,0,1,2,0.0,0.13414634146341464,0,0.0,0.0
576,40,0.0,2,0,1,1,0,0.0,0.2375,1,0.0,0.0
666,27,85225.21,1,1,0,0,1,1.3210662935706665,0.05555555555555555,0,0.0,0.0
730,36,148749.29,2,0,0,0,0,1.6198024103863862,0.2361111111111111,0,0.0,0.0
647,52,130013.12,1,1,1,0,1,0.6813841981776804,0.14423076923076922,1,1.0,0.0
516,27,0.0,1,1,0,1,1,0.0,0.05555555555555555,0,0.0,1.0
711,81,0.0,2,1,0,1,2,0.0,0.08024691358024691,0,0.0,0.0
736,54,111729.47,2,1,0,0,2,1.3156795765123763,0.1388888888888889,1,0.0,0.0
768,36,180169.44,2,0,0,0,0,10.384669121291836,0.1527777777777778,0,0.0,0.0
427,40,0.0,2,1,0,1,2,0.0,0.2125,1,0.0,1.0
686,47,0.0,1,0,1,1,0,0.0,0.13829787234042554,0,0.0,1.0
690,42,0.0,2,1,0,1,2,0.0,0.13095238095238096,0,0.0,0.0
647,29,0.0,2,0,0,1,0,0.0,0.08620689655172414,0,0.0,1.0
714,35,0.0,2,1,0,1,2,0.0,0.1,1,0.0,0.0
736,36,103914.17,1,1,1,0,1,0.944357655360639,0.2361111111111111,0,1.0,0.0
608,34,88772.87,1,1,0,0,1,0.5258339488201282,0.1323529411764706,0,0.0,0.0
809,39,0.0,1,0,0,1,0,0.0,0.14102564102564102,0,0.0,0.0
745,40,131184.67,1,1,0,0,1,2.633351479887636,0.1625,0,0.0,0.0
781,38,117810.79,1,1,1,0,1,1.7949841947681153,0.06578947368421052,1,0.0,0.0
527,31,0.0,1,0,0,1,0,0.0,0.14516129032258066,1,0.0,0.0
595,32,92466.21,1,0,0,0,0,19.58075725811575,0.015625,0,1.0,0.0
850,38,102741.15,2,1,0,0,2,4.285193225683344,0.06578947368421052,0,1.0,0.0
569,37,178755.84,1,0,0,0,0,0.8940913720025346,0.25675675675675674,1,0.0,0.0
728,43,0.0,2,0,0,1,0,0.0,0.1744186046511628,1,0.0,0.0
473,32,146602.25,2,1,0,0,2,2.009682931460034,0.171875,0,1.0,0.0
738,29,0.0,2,1,0,1,2,0.0,0.08620689655172414,1,0.0,0.0
659,35,0.0,2,1,0,1,2,0.0,0.18571428571428572,1,0.0,0.0
597,38,115702.67,2,1,0,0,2,4.61701672582457,0.17105263157894737,1,0.0,1.0
445,61,137655.31,1,1,0,0,1,4.602188036176851,0.040983606557377046,0,1.0,0.0
671,29,0.0,2,0,0,1,0,0.0,0.1206896551724138,0,0.0,0.0
656,34,59877.33,1,0,1,0,0,4.266705953275063,0.19117647058823528,0,0.0,1.0
658,31,100082.14,1,1,0,0,1,2.0092425590553713,0.1774193548387097,1,0.0,0.0
698,52,107304.39,3,0,1,0,0,3.724900129550406,0.20192307692307693,1,1.0,0.0
655,38,0.0,1,1,0,1,1,0.0,0.25,1,0.0,1.0
772,41,96032.22,1,1,0,0,1,1.2664718976474867,0.25609756097560976,1,0.0,1.0
681,33,0.0,1,0,0,1,0,0.0,0.3181818181818182,1,0.0,1.0
688,29,144553.5,2,0,0,0,0,1.007650780605475,0.3275862068965517,1,1.0,0.0
633,40,86172.81,2,1,0,0,2,0.7347582705358751,0.1375,1,1.0,0.0
735,73,0.0,1,1,0,1,1,0.0,0.13013698630136986,1,0.0,0.0
521,29,87212.8,1,1,0,0,1,35.476218007762185,0.08620689655172414,0,1.0,0.0
541,36,0.0,2,0,0,1,0,0.0,0.1527777777777778,1,0.0,0.0
612,36,130700.92,2,0,0,0,0,1.6844247865164483,0.06944444444444445,0,1.0,0.0
562,62,0.0,2,0,0,1,0,0.0,0.056451612903225805,1,0.0,0.0
703,32,0.0,2,0,0,1,0,0.0,0.203125,0,0.0,0.0
710,23,0.0,2,1,0,1,2,0.0,0.2826086956521739,1,0.0,1.0
731,40,171325.98,1,1,1,0,1,1.0726694405753296,0.1375,0,0.0,1.0
703,58,92930.92,1,1,0,0,1,1.091381798050447,0.07758620689655173,1,0.0,1.0
618,40,0.0,1,0,0,1,0,0.0,0.0125,0,0.0,0.0
689,29,77556.79,2,1,0,0,2,0.6305468016636848,0.05172413793103448,0,0.0,0.0
718,33,102874.28,1,0,0,0,0,0.872984399627773,0.22727272727272727,1,0.0,0.0
608,37,146093.39,2,0,0,0,0,0.9097040799863458,0.14864864864864866,1,0.0,0.0
749,34,0.0,1,0,1,1,0,0.0,0.07352941176470588,1,0.0,1.0
753,51,79811.72,2,1,1,0,2,1.1692094213893178,0.08823529411764706,1,0.0,1.0
630,39,105473.74,1,0,1,0,0,1.7920680142748695,0.2692307692307692,1,0.0,1.0
693,43,121927.92,1,0,1,0,0,1.3856083149281302,0.03488372093023256,0,1.0,0.0
838,40,61671.19,1,1,1,0,1,0.40933921897831776,0.1625,0,0.0,1.0
756,39,149363.12,2,1,0,0,2,1.3690555006769516,0.14102564102564102,0,1.0,0.0
775,27,152309.37,1,0,0,0,0,1.4629236502646163,0.16666666666666666,0,0.0,0.0
635,33,0.0,2,0,0,1,0,0.0,0.16666666666666666,0,0.0,0.0
705,36,111629.29,1,1,0,0,1,5.118693644947579,0.041666666666666664,1,0.0,1.0
481,40,0.0,1,1,0,1,1,0.0,0.0875,1,0.0,0.0
727,49,96296.78,1,0,1,0,0,0.5056040708421718,0.15306122448979592,0,0.0,1.0
595,20,95830.43,1,0,0,0,0,0.5391608010758187,0.225,1,0.0,0.0
535,38,135919.33,1,0,0,0,0,1.6899787570413538,0.013157894736842105,0,0.0,0.0
578,59,185966.64,1,0,1,0,0,19.686467465981824,0.17796610169491525,1,0.0,0.0
597,29,0.0,2,1,0,1,2,0.0,0.1896551724137931,0,0.0,0.0
449,21,0.0,2,0,0,1,0,0.0,0.35714285714285715,0,0.0,0.0
850,43,92244.83,2,0,0,0,0,1.6786825215970742,0.19767441860465115,0,1.0,0.0
494,35,112727.06,2,0,0,0,0,0.6134675447178239,0.2714285714285714,0,0.0,0.0
676,34,100359.54,1,0,0,0,0,2.1798677129616273,0.25,0,0.0,0.0
818,43,105301.5,1,1,0,0,1,1.3338997365047183,0.2441860465116279,1,1.0,0.0
712,45,112994.65,1,0,0,0,0,0.5695304044845233,0.14444444444444443,1,0.0,1.0
672,40,89025.88,2,0,0,0,0,0.4713027505120751,0.1125,1,1.0,0.0
636,35,95478.17,1,0,0,0,0,0.5639993185566775,0.2714285714285714,1,0.0,0.0
698,37,0.0,2,0,0,1,0,0.0,0.22972972972972974,1,0.0,0.0
597,43,119127.46,2,0,0,0,0,2.1344830008177613,0.1744186046511628,0,1.0,0.0
717,28,128206.79,1,1,0,0,1,2.36225206879575,0.16071428571428573,1,0.0,0.0
614,49,0.0,2,0,0,1,0,0.0,0.030612244897959183,1,0.0,0.0
708,23,71433.08,1,0,0,0,0,0.6888530864022522,0.1956521739130435,0,1.0,0.0
507,36,118214.32,3,0,1,0,0,0.9924716459928187,0.2638888888888889,1,1.0,0.0
581,27,102258.11,2,0,0,0,0,0.5252555184695499,0.2037037037037037,0,0.0,0.0
579,39,151963.26,2,0,0,0,0,0.9560466419456277,0.0641025641025641,0,0.0,1.0
504,46,163764.84,1,1,1,0,1,0.9917715552990474,0.05434782608695652,0,0.0,1.0
737,32,128551.36,2,1,0,0,2,0.6787161666474221,0.234375,0,0.0,0.0
540,31,118158.74,1,1,0,0,1,0.747704924495615,0.3387096774193548,0,0.0,1.0
609,32,118520.41,1,0,0,0,0,31.054901375089088,0.234375,1,0.0,0.0
778,24,0.0,2,1,0,1,2,0.0,0.1875,1,0.0,0.0
621,40,163823.37,1,0,0,0,0,1.8300101641557511,0.2625,1,0.0,0.0
665,63,104469.58,1,1,1,0,1,4.151159722740992,0.11904761904761904,1,1.0,0.0
608,47,0.0,1,1,0,1,1,0.0,0.13829787234042554,0,0.0,0.0
680,36,0.0,2,0,0,1,0,0.0,0.20833333333333334,1,0.0,1.0
663,46,141726.88,1,1,0,0,1,2.4327357696929686,0.05434782608695652,0,1.0,0.0
627,35,137852.96,1,1,1,0,1,0.8002135714584663,0.07142857142857142,0,1.0,0.0
607,26,0.0,1,0,0,1,0,0.0,0.057692307692307696,1,0.0,0.0
681,43,154100.3,1,0,0,0,0,1.343966608992209,0.19767441860465115,0,0.0,0.0
766,45,0.0,2,0,0,1,0,0.0,0.14444444444444443,0,0.0,0.0
694,30,0.0,3,1,0,1,3,0.0,0.08333333333333333,1,0.0,0.0
411,54,0.0,1,1,0,1,1,0.0,0.17592592592592593,0,0.0,0.0
742,39,140004.96,1,1,0,0,1,1.5056437054815748,0.21794871794871795,1,0.0,0.0
673,43,127132.96,1,1,1,0,1,21.15262043136165,0.19767441860465115,1,0.0,1.0
529,61,0.0,2,1,0,1,2,0.0,0.02459016393442623,1,0.0,0.0
519,38,125328.56,1,0,0,0,0,0.6658384808061472,0.19736842105263158,0,0.0,0.0
573,35,0.0,2,0,0,1,0,0.0,0.2714285714285714,1,0.0,0.0
453,28,139986.65,1,0,0,0,0,1.0229371692263847,0.125,0,1.0,0.0
798,39,119787.76,1,1,0,0,1,0.7293044056861602,0.16666666666666666,0,1.0,0.0
693,34,107556.06,2,0,0,0,0,0.6955598876949098,0.3088235294117647,0,0.0,1.0
637,44,0.0,2,0,0,1,0,0.0,0.056818181818181816,0,0.0,0.0
672,47,0.0,1,0,0,1,0,0.0,0.031914893617021274,1,0.0,0.0
597,28,142705.95,1,0,0,0,0,1.1215988853328098,0.017857142857142856,0,0.0,0.0
543,42,0.0,1,1,0,1,1,0.0,0.17857142857142858,1,0.0,0.0
695,56,0.0,2,0,0,1,0,0.0,0.08035714285714286,0,0.0,1.0
584,35,161613.94,2,1,0,0,2,1.0902243374827543,0.18571428571428572,1,0.0,0.0
652,58,116353.2,2,1,0,0,2,0.6012964079793741,0.0603448275862069,0,1.0,0.0
601,38,60013.81,1,1,0,0,1,1.5784364187732847,0.11842105263157894,1,0.0,0.0
628,28,0.0,2,1,0,1,2,0.0,0.16071428571428573,1,0.0,1.0
607,32,144272.07,2,0,0,0,0,0.8170276262598777,0.296875,1,1.0,0.0
646,46,0.0,2,0,0,1,0,0.0,0.18478260869565216,0,0.0,0.0
572,30,117696.67,1,0,0,0,0,1.1671067487650828,0.21666666666666667,1,0.0,0.0
801,58,79954.61,2,1,0,0,2,2.622736154834528,0.02586206896551724,1,0.0,1.0
597,26,149989.39,1,0,0,0,0,3.5432032066839936,0.3269230769230769,0,0.0,0.0
613,40,124339.9,1,0,0,0,0,0.6432131133226128,0.1875,1,0.0,0.0
529,29,135759.4,1,0,1,0,0,1.203382996147934,0.15517241379310345,1,1.0,0.0
794,37,0.0,2,0,0,1,0,0.0,0.25675675675675674,0,0.0,1.0
557,34,83074.0,1,0,0,0,0,0.6261502799865716,0.10294117647058823,1,0.0,0.0
499,28,141792.61,1,1,0,0,1,6.444266235693369,0.16071428571428573,0,0.0,0.0
544,26,0.0,1,0,1,1,0,0.0,0.25,0,0.0,0.0
739,30,0.0,1,0,0,1,0,0.0,0.21666666666666667,0,0.0,0.0
458,43,106870.12,2,0,0,0,0,1.0626930522902664,0.03488372093023256,0,1.0,0.0
528,31,120962.59,1,0,0,0,0,22.31654462567639,0.3064516129032258,1,0.0,0.0
773,51,0.0,2,0,1,1,0,0.0,0.08823529411764706,1,0.0,1.0
646,30,0.0,2,0,0,1,0,0.0,0.18333333333333332,0,0.0,0.0
564,31,110527.17,1,1,0,0,1,1.269525878005926,0.016129032258064516,1,0.0,0.0
624,52,133723.43,1,0,1,0,0,27.51176914736688,0.009615384615384616,0,1.0,0.0
682,52,112670.48,1,0,1,0,0,5.3433354658527366,0.10576923076923077,0,0.0,0.0
726,44,0.0,2,1,0,1,2,0.0,0.056818181818181816,0,0.0,0.0
560,24,116084.32,1,0,0,0,0,1.2936247223791648,0.0625,1,0.0,0.0
382,36,0.0,1,1,1,1,1,0.0,0.013888888888888888,1,0.0,1.0
457,38,0.0,2,0,0,1,0,0.0,0.17105263157894737,0,0.0,1.0
673,37,0.0,2,1,0,1,2,0.0,0.28378378378378377,0,0.0,0.0
584,40,82441.75,1,0,0,0,0,1.0196484711596128,0.1125,0,0.0,0.0
629,39,0.0,2,1,1,1,2,0.0,0.2692307692307692,0,0.0,0.0
584,37,134171.8,4,1,1,0,4,1.891659033350811,0.28378378378378377,0,1.0,0.0
724,30,0.0,2,1,0,1,2,0.0,0.35,1,0.0,0.0
644,31,0.0,2,1,0,1,2,0.0,0.1774193548387097,1,0.0,0.0
676,48,124442.38,1,0,1,0,0,8.257880637285966,0.052083333333333336,0,1.0,0.0
499,31,0.0,1,0,0,1,0,0.0,0.14516129032258066,1,0.0,0.0
598,60,0.0,1,0,1,1,0,0.0,0.075,1,0.0,0.0
655,37,108862.76,1,0,1,0,0,1.3683776274547463,0.12162162162162163,0,1.0,0.0
559,28,141099.43,1,1,0,0,1,9.040042874706806,0.125,1,0.0,0.0
543,67,128843.67,1,1,0,0,1,0.9571379478489077,0.007462686567164179,0,0.0,0.0
679,39,86843.61,1,1,0,0,1,0.543344500504844,0.01282051282051282,1,0.0,0.0
594,32,120074.97,2,1,0,0,2,0.7368244615841444,0.140625,0,1.0,0.0
586,27,130231.8,2,1,0,0,2,0.6767814024724863,0.2037037037037037,1,0.0,0.0
776,31,0.0,2,0,0,1,0,0.0,0.1774193548387097,0,0.0,0.0
699,39,109724.38,1,1,0,0,1,0.6095006876606422,0.0641025641025641,1,0.0,0.0
847,35,111743.43,1,1,0,0,1,0.6086736105111774,0.15714285714285714,0,1.0,0.0
582,35,121309.17,2,1,0,0,2,4.219204310567004,0.24285714285714285,1,1.0,0.0
648,38,82697.28,1,0,0,0,0,1.1048744737144123,0.27631578947368424,1,0.0,0.0
618,49,44301.43,3,1,1,0,3,0.4937176182404383,0.19387755102040816,0,0.0,0.0
543,31,138317.94,1,0,0,0,0,2.2365355948679864,0.14516129032258066,0,0.0,0.0
642,49,120688.61,1,0,1,0,0,4.872130238236147,0.09183673469387756,1,1.0,0.0
462,27,176913.52,1,0,0,0,0,2.1952763100634867,0.16666666666666666,1,0.0,0.0
640,47,89047.14,1,0,0,0,0,0.7657515333796268,0.13829787234042554,1,0.0,1.0
740,40,114318.78,2,0,1,0,0,0.883898820958244,0.1125,1,1.0,0.0
773,50,0.0,2,0,0,1,0,0.0,0.09,0,0.0,0.0
583,32,94753.55,2,1,0,0,2,5.220572638171949,0.234375,0,1.0,0.0
589,46,0.0,2,1,0,1,2,0.0,0.22826086956521738,0,0.0,1.0
509,35,0.0,2,1,0,1,2,0.0,0.24285714285714285,1,0.0,0.0
612,32,106520.73,2,0,0,0,0,0.6014954501913005,0.296875,1,1.0,0.0
505,37,134006.39,1,1,0,0,1,1.429589207926929,0.013513513513513514,1,0.0,1.0
546,25,132837.7,1,0,0,0,0,1.009034601355688,0.14,0,1.0,0.0
681,41,120549.29,2,0,0,0,0,0.6860176376144974,0.012195121951219513,0,0.0,0.0
762,20,139432.55,1,1,0,0,1,1.6287359462329554,0.075,1,0.0,0.0
786,29,80895.44,2,0,0,0,0,1.2455690885600272,0.25862068965517243,1,0.0,1.0
629,34,0.0,2,0,0,1,0,0.0,0.19117647058823528,1,0.0,1.0
787,39,171646.76,1,1,0,0,1,1.7029739158801322,0.19230769230769232,0,0.0,1.0
713,42,109121.71,1,1,0,0,1,0.6500196069099005,0.011904761904761904,1,0.0,1.0
541,39,109844.81,1,0,0,0,0,4.343369356466904,0.16666666666666666,0,0.0,0.0
451,31,140931.82,1,1,0,0,1,6.911888657890698,0.24193548387096775,0,0.0,0.0
644,49,0.0,2,1,0,1,2,0.0,0.21428571428571427,1,0.0,1.0
686,32,0.0,2,1,0,1,2,0.0,0.203125,1,0.0,0.0
847,41,101543.51,4,0,1,0,0,6.336105881817053,0.08536585365853659,0,1.0,0.0
765,37,102708.77,1,0,0,0,0,11.300574002537187,0.20270270270270271,1,1.0,0.0
678,37,149000.91,2,1,0,0,2,6.938853242753135,0.22972972972972974,0,1.0,0.0
539,20,83459.86,1,1,0,0,1,0.5687071403393182,0.025,1,0.0,0.0
800,40,75893.11,2,0,0,0,0,0.5725049849796207,0.0875,0,0.0,0.0
799,39,167395.6,2,1,0,0,2,1.1996379778674593,0.19230769230769232,0,1.0,0.0
629,61,0.0,2,1,0,1,2,0.0,0.10655737704918032,0,0.0,0.0
734,52,71283.09,2,1,0,0,2,1.828457444420817,0.125,0,1.0,0.0
542,31,0.0,2,1,0,1,2,0.0,0.11290322580645161,0,0.0,0.0
414,60,0.0,2,1,0,1,2,0.0,0.058333333333333334,1,0.0,1.0
675,38,104016.88,1,0,1,0,0,4.713080254809394,0.039473684210526314,0,0.0,0.0
683,38,127616.56,1,0,0,0,0,1.0304366506208018,0.14473684210526316,0,0.0,0.0
748,32,154737.88,2,1,0,0,2,0.896308270320871,0.171875,1,0.0,0.0
596,29,0.0,2,1,0,1,2,0.0,0.08620689655172414,1,0.0,1.0
642,35,125476.31,1,1,0,0,1,1.3671941763747608,0.12857142857142856,1,0.0,0.0
499,21,176511.08,1,1,0,0,1,1.1467624801830443,0.16666666666666666,0,0.0,0.0
649,47,110783.28,1,1,0,0,1,1.5511268649235044,0.18085106382978725,0,0.0,1.0
739,42,141642.92,2,0,0,0,0,0.8227841689458705,0.05952380952380952,1,0.0,0.0
616,31,0.0,2,1,0,1,2,0.0,0.04838709677419355,1,0.0,0.0
560,33,0.0,1,1,0,1,1,0.0,0.2878787878787879,0,0.0,1.0
427,42,75681.52,1,1,0,0,1,1.3254438781765006,0.03571428571428571,1,1.0,0.0
435,54,0.0,1,0,1,1,0,0.0,0.06481481481481481,1,0.0,0.0
633,29,0.0,1,1,0,1,1,0.0,0.25862068965517243,1,0.0,0.0
443,35,161111.45,1,0,0,0,0,11.55114549680735,0.18571428571428572,1,0.0,0.0
727,62,0.0,2,1,0,1,2,0.0,0.08870967741935484,1,0.0,0.0
674,45,72494.69,1,1,0,0,1,0.5176610318646917,0.14444444444444443,0,0.0,0.0
661,31,133964.3,1,1,0,0,1,0.8061004367942108,0.11290322580645161,0,0.0,0.0
619,34,0.0,1,0,0,1,0,0.0,0.04411764705882353,1,0.0,1.0
562,27,0.0,2,0,0,1,0,0.0,0.12962962962962962,0,0.0,0.0
633,61,157201.48,1,1,0,0,1,3.1209576087813238,0.05737704918032787,1,0.0,0.0
551,48,95679.29,1,0,0,0,0,1.0073720429020698,0.11458333333333333,0,0.0,1.0
720,29,106230.92,1,1,1,0,1,1.5196484711450253,0.25862068965517243,0,1.0,0.0
688,32,0.0,2,1,0,1,2,0.0,0.171875,0,0.0,0.0
635,36,81231.85,2,0,0,0,0,0.4129059683606253,0.2638888888888889,0,1.0,0.0
561,31,81480.27,2,1,0,0,2,1.2490154148961612,0.04838709677419355,0,0.0,0.0
850,33,73059.38,1,1,0,0,1,0.39219774320653633,0.25757575757575757,1,0.0,0.0
636,36,117559.05,2,1,0,0,2,1.0536391444983297,0.1527777777777778,1,0.0,0.0
461,74,186445.31,2,1,0,0,2,0.9475347797717759,0.02027027027027027,0,1.0,0.0
771,38,137657.71,2,0,0,0,0,1.886068006172639,0.14473684210526316,0,1.0,0.0
713,36,133889.35,1,1,0,0,1,0.9345465256568783,0.2361111111111111,1,0.0,0.0
658,45,134562.8,1,1,0,0,1,0.8448739800867295,0.2111111111111111,0,1.0,0.0
586,56,100781.75,2,1,0,0,2,1.8509245554726854,0.16964285714285715,0,1.0,0.0
737,30,174356.13,1,0,0,0,0,5.4606595781330745,0.2833333333333333,1,0.0,0.0
742,27,190125.43,2,0,0,0,0,8.72351487226876,0.2037037037037037,1,1.0,0.0
824,26,146266.0,1,0,1,0,0,6.677404127531087,0.28846153846153844,1,0.0,0.0
701,41,164046.1,1,0,0,0,0,3.3203054713174853,0.23170731707317074,1,1.0,0.0
623,43,123536.52,2,0,0,0,0,0.7974753262420542,0.10465116279069768,0,0.0,1.0
744,36,0.0,2,1,0,1,2,0.0,0.2916666666666667,1,0.0,0.0
698,38,171848.38,1,0,0,0,0,10.133495690938735,0.039473684210526314,0,0.0,1.0
616,40,0.0,2,0,0,1,0,0.0,0.2375,1,0.0,0.0
662,39,139562.05,2,0,0,0,0,2.2642495881546894,0.14102564102564102,0,0.0,0.0
594,37,0.0,2,1,0,1,2,0.0,0.06756756756756757,1,0.0,0.0
685,40,168001.34,2,1,0,0,2,1.003584500453969,0.0625,1,0.0,0.0
742,27,0.0,2,1,0,1,2,0.0,0.018518518518518517,1,0.0,0.0
678,83,123356.63,1,1,0,0,1,1.32733723346139,0.0783132530120482,1,1.0,0.0
651,47,0.0,2,1,0,1,2,0.0,0.05319148936170213,1,0.0,1.0
585,50,125845.66,1,0,1,0,0,13.330670285191907,0.05,1,1.0,0.0
579,40,45408.85,2,0,0,0,0,2.423885350148474,0.2625,1,1.0,0.0
722,37,125977.81,1,0,0,0,0,0.78655794188211,0.013513513513513514,0,1.0,0.0
613,51,147262.11,1,1,1,0,1,2.745793268558451,0.14705882352941177,0,1.0,0.0
694,42,133767.19,1,0,0,0,0,3.6742959511577835,0.20238095238095238,1,0.0,0.0
550,49,108806.96,3,0,1,0,0,1.7707183579200079,0.01020408163265306,1,1.0,0.0
741,42,106036.52,1,0,1,0,0,0.5446490786427376,0.15476190476190477,1,0.0,0.0
668,69,0.0,1,1,0,1,1,0.0,0.13768115942028986,0,0.0,1.0
529,27,0.0,2,1,0,1,2,0.0,0.05555555555555555,0,0.0,0.0
636,31,0.0,2,1,0,1,2,0.0,0.20967741935483872,1,0.0,0.0
563,61,82182.1,1,0,1,0,0,0.7692942069825941,0.02459016393442623,1,0.0,1.0
767,35,0.0,2,0,0,1,0,0.0,0.2714285714285714,0,0.0,0.0
644,50,76817.0,4,0,1,0,0,0.39118076480608527,0.19,1,0.0,0.0
780,71,142550.25,2,1,0,0,2,1.1636016096283843,0.13380281690140844,1,1.0,0.0
635,41,0.0,2,1,0,1,2,0.0,0.25609756097560976,0,0.0,1.0
641,35,103711.56,1,1,1,0,1,0.5388587371192954,0.07142857142857142,1,1.0,0.0
593,40,0.0,1,1,0,1,1,0.0,0.0625,0,0.0,1.0
540,35,128369.75,2,0,0,0,0,0.647491149751724,0.21428571428571427,0,1.0,0.0
663,35,0.0,2,1,0,1,2,0.0,0.15714285714285714,1,0.0,1.0
630,34,0.0,2,1,0,1,2,0.0,0.27941176470588236,1,0.0,0.0
605,19,166133.28,1,1,0,0,1,1.5383282286684903,0.4473684210526316,1,1.0,0.0
710,62,148214.36,1,0,1,0,0,3.0514274232100953,0.1532258064516129,0,1.0,0.0
755,78,121206.96,1,1,0,0,1,1.5944614851134917,0.07051282051282051,0,0.0,0.0
641,25,0.0,2,1,0,1,2,0.0,0.42,1,0.0,1.0
737,50,127552.85,2,0,0,0,0,30.182094171708737,0.09,1,1.0,0.0
695,49,159458.53,1,0,0,0,0,1.1738499076318982,0.19387755102040816,1,0.0,0.0
466,47,102085.72,1,1,1,0,1,0.5562125702663939,0.11702127659574468,0,1.0,0.0
558,58,142537.18,1,1,0,0,1,1.6052780387785814,0.04310344827586207,1,1.0,0.0
665,29,182781.74,2,1,0,0,2,2.8678888315323556,0.05172413793103448,1,0.0,1.0
737,45,0.0,2,0,0,1,0,0.0,0.23333333333333334,1,0.0,0.0
654,29,0.0,2,1,0,1,2,0.0,0.25862068965517243,1,0.0,0.0
619,28,0.0,2,0,0,1,0,0.0,0.125,0,0.0,0.0
845,43,152063.59,2,0,0,0,0,1.5530787839494333,0.08139534883720931,0,1.0,0.0
727,28,110997.76,1,0,0,0,0,1.0942773463455722,0.08928571428571429,0,0.0,0.0
582,50,148942.0,1,1,0,0,1,1.273603984084867,0.05,1,0.0,0.0
716,41,0.0,1,1,0,1,1,0.0,0.23170731707317074,1,0.0,0.0
660,36,84438.57,1,1,0,0,1,0.46535316985331154,0.013888888888888888,0,0.0,1.0
664,34,93920.47,1,0,0,0,0,0.5220269596228174,0.22058823529411764,0,0.0,0.0
801,43,158713.08,2,0,0,0,0,1.6098760954014895,0.10465116279069768,1,0.0,0.0
615,42,0.0,3,1,0,1,3,0.0,0.10714285714285714,1,0.0,1.0
718,63,123204.88,1,1,0,0,1,1.2254339077658798,0.11904761904761904,1,1.0,0.0
667,40,72945.29,2,0,0,0,0,0.7373238319055921,0.2125,1,0.0,0.0
670,37,178742.71,1,1,0,0,1,0.9190113122438327,0.013513513513513514,1,0.0,1.0
590,43,0.0,2,1,0,1,2,0.0,0.19767441860465115,1,0.0,0.0
739,40,0.0,1,0,0,1,0,0.0,0.2125,0,0.0,1.0
373,42,0.0,1,0,1,1,0,0.0,0.17857142857142858,1,0.0,0.0
418,46,0.0,1,1,1,1,1,0.0,0.20652173913043478,0,0.0,0.0
837,29,0.0,2,1,0,1,2,0.0,0.3275862068965517,0,0.0,0.0
645,43,140121.17,1,0,1,0,0,12.39604465794386,0.22093023255813954,1,1.0,0.0
552,39,132906.88,1,1,0,0,1,0.8896910495220318,0.0641025641025641,1,1.0,0.0
580,45,179334.83,2,1,0,0,2,1.059243381679121,0.05555555555555555,1,1.0,0.0
684,35,137179.39,1,1,0,0,1,3.6811749650007743,0.1,1,0.0,0.0
634,35,0.0,2,1,0,1,2,0.0,0.1,1,0.0,1.0
607,49,119960.29,2,0,0,0,0,1.1638808365872952,0.19387755102040816,0,0.0,0.0
802,29,127414.55,1,1,0,0,1,0.9476010433428143,0.3275862068965517,1,0.0,0.0
736,36,0.0,1,0,0,1,0,0.0,0.18055555555555555,0,0.0,0.0
629,40,137409.19,1,0,1,0,0,0.7812724906426985,0.2375,0,0.0,0.0
737,28,0.0,2,0,0,1,0,0.0,0.30357142857142855,1,0.0,0.0
718,39,0.0,1,1,0,1,1,0.0,0.0641025641025641,0,0.0,1.0
561,43,0.0,4,0,1,1,0,0.0,0.10465116279069768,1,0.0,0.0
641,31,112494.99,1,1,0,0,1,3.490099774762198,0.3064516129032258,1,0.0,0.0
677,30,78133.15,1,1,0,0,1,0.4484563461160528,0.05,1,0.0,0.0
641,36,0.0,2,0,0,1,0,0.0,0.041666666666666664,0,0.0,1.0
658,32,145553.07,1,1,0,0,1,4.6228221900948245,0.171875,0,0.0,1.0
659,48,123593.22,2,0,1,0,0,1.4986435077166187,0.09375,1,1.0,0.0
567,47,0.0,1,0,1,1,0,0.0,0.05319148936170213,0,0.0,0.0
584,26,146286.22,1,0,0,0,0,1.3917924083559174,0.019230769230769232,0,0.0,0.0
709,35,111827.27,2,0,0,0,0,8.822190998826098,0.04285714285714286,0,0.0,1.0
690,26,0.0,2,1,0,1,2,0.0,0.09615384615384616,0,0.0,1.0
627,70,94416.78,1,1,0,0,1,0.6498035450669475,0.02142857142857143,1,0.0,0.0
765,45,91549.78,1,1,0,0,1,1.9420646052518813,0.05555555555555555,1,0.0,1.0
645,38,59568.57,1,1,0,0,1,0.355157766393351,0.19736842105263158,0,0.0,0.0
716,23,94464.81,2,1,0,0,2,0.5081433818743522,0.10869565217391304,0,0.0,0.0
771,57,0.0,1,0,1,1,0,0.0,0.07894736842105263,0,0.0,0.0
687,44,95368.14,2,1,0,0,2,35.476218007762185,0.19318181818181818,1,1.0,0.0
717,33,102185.42,2,0,0,0,0,4.3983010321986935,0.3181818181818182,0,1.0,0.0
524,32,144875.71,1,0,0,0,0,0.771678424706713,0.046875,1,0.0,0.0
679,39,0.0,2,1,0,1,2,0.0,0.14102564102564102,1,0.0,1.0
538,32,0.0,1,1,0,1,1,0.0,0.078125,0,0.0,0.0
752,37,113291.05,2,1,0,0,2,0.85522985306549,0.14864864864864866,0,1.0,0.0
846,61,0.0,2,1,0,1,2,0.0,0.00819672131147541,1,0.0,1.0
532,39,0.0,2,0,0,1,0,0.0,0.01282051282051282,0,0.0,1.0
670,43,111677.88,1,0,1,0,0,0.6244978004040748,0.22093023255813954,1,1.0,0.0
597,35,131101.04,1,1,0,0,1,0.6797954117233029,0.24285714285714285,0,1.0,0.0
627,52,76101.81,2,1,0,0,2,0.4293731047873962,0.028846153846153848,1,1.0,0.0
700,40,0.0,2,0,0,1,0,0.0,0.0625,0,0.0,1.0
766,52,92510.9,2,1,0,0,2,1.397559408537946,0.14423076923076922,0,0.0,0.0
488,34,0.0,2,1,0,1,2,0.0,0.07352941176470588,0,0.0,0.0
694,39,77652.4,1,1,0,0,1,3.056147546951641,0.14102564102564102,1,0.0,0.0
639,31,98360.03,1,0,0,0,0,4.68943827831493,0.11290322580645161,0,0.0,0.0
705,46,115518.07,1,0,1,0,0,1.509134649928997,0.09782608695652174,0,1.0,0.0
810,69,27288.43,1,1,0,0,1,0.24692975986984092,0.050724637681159424,1,1.0,0.0
638,36,0.0,1,0,0,1,0,0.0,0.18055555555555555,0,0.0,0.0
595,43,0.0,2,0,0,1,0,0.0,0.12790697674418605,0,0.0,1.0
575,36,0.0,1,1,1,1,1,0.0,0.20833333333333334,1,0.0,0.0
850,31,131996.66,2,1,0,0,2,0.738449339107482,0.20967741935483872,1,0.0,0.0
419,27,121580.42,1,1,0,0,1,0.9024573729911429,0.09259259259259259,0,0.0,1.0
640,55,132436.34,1,0,0,0,0,35.476218007762185,0.19090909090909092,1,0.0,0.0
570,34,0.0,2,1,0,1,2,0.0,0.3088235294117647,1,0.0,1.0
640,46,107978.4,2,0,0,0,0,0.6927151435881584,0.11956521739130435,0,1.0,0.0
689,40,78119.59,4,0,1,0,0,0.6550341043803832,0.1125,0,1.0,0.0
725,26,98684.15,1,0,0,0,0,0.7379822866273555,0.25,1,0.0,0.0
751,44,0.0,2,0,0,1,0,0.0,0.23863636363636365,0,0.0,0.0
544,53,0.0,1,0,1,1,0,0.0,0.1792452830188679,0,0.0,1.0
768,43,129264.05,2,0,0,0,0,6.749679131372859,0.05813953488372093,0,1.0,0.0
648,37,131753.41,1,0,0,0,0,1.5162252618571215,0.17567567567567569,1,1.0,0.0
577,33,0.0,2,0,0,1,0,0.0,0.19696969696969696,0,0.0,1.0
639,27,0.0,1,1,0,1,1,0.0,0.09259259259259259,0,0.0,1.0
686,26,57422.62,1,1,0,0,1,0.7251209742595063,0.057692307692307696,1,1.0,0.0
657,28,0.0,2,1,0,1,2,0.0,0.26785714285714285,0,0.0,0.0
613,34,144094.2,1,0,0,0,0,3.2372527760391416,0.16176470588235295,1,0.0,0.0
701,33,147510.34,1,0,0,0,0,0.7738737751879567,0.2878787878787879,1,0.0,0.0
578,28,161592.76,1,0,0,0,0,0.9086627613035598,0.30357142857142855,0,0.0,1.0
689,40,0.0,2,1,0,1,2,0.0,0.0375,0,0.0,0.0
687,72,0.0,2,1,0,1,2,0.0,0.0625,0,0.0,1.0
499,53,75225.53,2,0,1,0,0,0.5193336421583415,0.02830188679245283,0,0.0,1.0
693,39,0.0,2,0,0,1,0,0.0,0.01282051282051282,0,0.0,1.0
737,70,87542.89,2,1,0,0,2,2.0560659929832075,0.1357142857142857,0,0.0,0.0
651,32,144581.96,1,1,0,0,1,1.650281187757175,0.265625,0,0.0,0.0
753,33,122568.05,2,1,0,0,2,1.4798999297890592,0.16666666666666666,1,0.0,0.0
523,24,172231.93,1,1,0,0,1,1.1101343696791752,0.22916666666666666,0,0.0,1.0
458,28,171932.26,2,1,0,0,2,17.948423883314334,0.08928571428571429,0,1.0,0.0
643,39,0.0,2,1,0,1,2,0.0,0.19230769230769232,1,0.0,0.0
638,34,0.0,2,0,0,1,0,0.0,0.22058823529411764,0,0.0,1.0
685,38,111798.06,2,1,0,0,2,1.0940679934934119,0.11842105263157894,1,1.0,0.0
684,38,0.0,3,0,0,1,0,0.0,0.11842105263157894,1,0.0,0.0
670,27,79336.61,1,1,0,0,1,3.0314610631276966,0.2037037037037037,0,0.0,0.0
701,63,120916.52,3,0,1,0,0,0.8354716712574479,0.05555555555555555,1,1.0,0.0
705,31,142905.51,1,1,0,0,1,2.4581254944228164,0.11290322580645161,0,0.0,0.0
593,27,0.0,3,0,1,1,0,0.0,0.3888888888888889,1,0.0,1.0
651,33,96834.78,1,0,0,0,0,0.8903063089104661,0.045454545454545456,0,0.0,0.0
741,37,105261.76,2,1,0,0,2,0.704070658991359,0.25675675675675674,1,0.0,0.0
596,54,123544.0,1,1,1,0,1,1.0268314829937062,0.027777777777777776,1,1.0,0.0
581,41,127913.71,2,1,0,0,2,2.893520362748392,0.06097560975609756,1,1.0,0.0
689,28,95328.6,1,0,1,0,0,15.549610887007983,0.19642857142857142,0,0.0,1.0
544,30,73218.89,1,1,0,0,1,0.5774465607378179,0.15,1,0.0,0.0
718,41,0.0,2,1,1,1,2,0.0,0.036585365853658534,0,0.0,0.0
583,35,149995.72,2,0,0,0,0,3.5590775082424653,0.24285714285714285,1,1.0,0.0
663,28,123674.28,2,1,0,0,2,1.4056099706544891,0.30357142857142855,1,1.0,0.0
666,33,124125.26,1,0,0,0,0,1.5158337587225135,0.07575757575757576,1,1.0,0.0
524,29,159035.45,1,0,1,0,0,35.476218007762185,0.1206896551724138,1,0.0,1.0
599,27,0.0,2,0,0,1,0,0.0,0.2037037037037037,1,0.0,0.0
667,27,156811.74,1,1,0,0,1,1.0495848192135142,0.2777777777777778,1,0.0,0.0
727,52,0.0,2,1,0,1,2,0.0,0.08653846153846154,1,0.0,0.0
689,55,0.0,2,1,0,1,2,0.0,0.08181818181818182,0,0.0,1.0
639,39,150555.83,1,0,0,0,0,4.950024280646796,0.16666666666666666,1,0.0,0.0
678,28,109137.12,1,1,0,0,1,1.855587166696619,0.08928571428571429,1,0.0,0.0
523,36,158351.02,2,0,0,0,0,1.019609668760668,0.2361111111111111,1,0.0,0.0
650,47,0.0,1,0,0,1,0,0.0,0.20212765957446807,0,0.0,0.0
744,35,0.0,2,1,0,1,2,0.0,0.21428571428571427,1,0.0,1.0
697,40,0.0,2,1,0,1,2,0.0,0.1125,1,0.0,0.0
800,46,0.0,2,0,0,1,0,0.0,0.14130434782608695,0,0.0,1.0
664,24,0.0,1,1,0,1,1,0.0,0.3125,1,0.0,0.0
740,39,0.0,2,0,0,1,0,0.0,0.24358974358974358,1,0.0,0.0
835,56,0.0,2,1,0,1,2,0.0,0.044642857142857144,0,0.0,0.0
559,52,0.0,1,0,1,1,0,0.0,0.04807692307692308,1,0.0,0.0
676,36,82729.49,1,0,0,0,0,0.7269016419485197,0.041666666666666664,1,0.0,1.0
613,45,142765.24,2,0,0,0,0,4.108275384776975,0.2111111111111111,0,1.0,0.0
713,25,121172.97,1,1,0,0,1,2.1534212381095568,0.18,0,0.0,0.0
751,28,132932.14,2,1,0,0,2,2.850695892709366,0.375,0,1.0,0.0
523,22,123374.46,1,1,0,0,1,0.9877258859929969,0.38636363636363635,1,0.0,0.0
775,74,161371.5,1,1,0,0,1,1.1964883759606315,0.006756756756756757,0,1.0,0.0
608,45,0.0,2,0,1,1,0,0.0,0.1,1,0.0,1.0
673,51,79563.36,2,1,0,0,2,0.46203529333675797,0.16666666666666666,1,0.0,0.0
616,46,0.0,2,0,0,1,0,0.0,0.05434782608695652,1,0.0,0.0
650,48,138232.24,1,0,0,0,0,2.4000411141232916,0.15625,0,1.0,0.0
655,41,0.0,1,0,1,1,0,0.0,0.13414634146341464,0,0.0,0.0
782,53,81571.05,1,0,1,0,0,0.44583733645326185,0.02830188679245283,0,1.0,0.0
781,35,0.0,2,0,0,1,0,0.0,0.04285714285714286,1,0.0,1.0
593,33,95927.04,1,0,0,0,0,0.48088779247745567,0.015151515151515152,0,0.0,0.0
505,35,116932.59,1,0,0,0,0,1.2836498055192316,0.24285714285714285,1,0.0,1.0
707,40,0.0,2,0,1,1,0,0.0,0.0375,1,0.0,0.0
692,36,79551.12,1,1,0,0,1,0.446244355481046,0.09722222222222222,0,0.0,0.0
813,30,116416.94,1,1,0,0,1,1.356695003170988,0.05,1,1.0,0.0
850,37,88141.1,1,0,0,0,0,0.8037662187493504,0.12162162162162163,1,0.0,1.0
753,32,177729.13,1,1,0,0,1,1.0995158592622711,0.203125,1,0.0,0.0
850,32,0.0,1,1,0,1,1,0.0,0.171875,0,0.0,1.0
671,32,123912.78,2,1,0,0,2,0.8450282547213045,0.203125,1,0.0,1.0
791,33,0.0,1,1,1,1,1,0.0,0.10606060606060606,0,0.0,0.0
624,80,0.0,1,1,0,1,1,0.0,0.04375,1,0.0,0.0
649,35,108306.44,1,1,0,0,1,0.5626681540033511,0.12857142857142856,0,0.0,0.0
732,48,102962.62,1,0,1,0,0,0.8519597844834896,0.09375,0,1.0,0.0
664,36,103502.22,1,1,0,0,1,0.7079842908837793,0.013888888888888888,0,0.0,0.0
789,43,119654.44,2,1,1,0,2,0.806224835466162,0.19767441860465115,1,1.0,0.0
680,33,183768.47,1,0,0,0,0,1.119717755902909,0.3181818181818182,1,0.0,0.0
701,37,0.0,2,0,0,1,0,0.0,0.04054054054054054,1,0.0,0.0
684,25,0.0,2,1,0,1,2,0.0,0.06,0,0.0,0.0
586,52,140900.97,1,1,0,0,1,2.0939396690944214,0.125,0,0.0,0.0
522,25,94049.92,2,0,0,0,0,0.9107186985571802,0.22,0,1.0,0.0
739,27,98926.4,1,1,0,0,1,0.9247966130627203,0.3148148148148148,0,0.0,1.0
835,18,142872.36,1,1,0,0,1,1.214553695231542,0.1388888888888889,1,1.0,0.0
790,29,46057.96,2,1,0,0,2,0.24269304040823134,0.1206896551724138,1,0.0,1.0
671,48,119769.77,1,1,0,0,1,1.8137687376057512,0.13541666666666666,0,0.0,0.0
560,44,143244.97,1,0,0,0,0,1.451871824964092,0.125,0,0.0,0.0
651,28,79562.98,1,1,0,0,1,1.0652659845167327,0.375,1,0.0,0.0
682,69,0.0,2,1,0,1,2,0.0,0.09420289855072464,1,0.0,0.0
808,41,0.0,1,1,0,1,1,0.0,0.012195121951219513,1,0.0,0.0
644,26,96659.64,2,1,0,0,2,0.6965120727407463,0.3269230769230769,1,0.0,1.0
688,29,0.0,2,0,0,1,0,0.0,0.05172413793103448,1,0.0,0.0
617,26,165947.99,2,1,0,0,2,0.982898193494752,0.09615384615384616,0,0.0,0.0
738,33,92676.3,1,0,0,0,0,0.8758032493900176,0.13636363636363635,1,0.0,0.0
663,45,83195.12,1,1,0,0,1,1.7089117167969994,0.12222222222222222,1,0.0,0.0
515,48,129387.94,1,1,1,0,1,0.8744974465876585,0.11458333333333333,1,0.0,0.0
845,28,0.0,2,1,0,1,2,0.0,0.3392857142857143,0,0.0,0.0
639,38,130233.14,1,1,0,0,1,1.5908844263706892,0.25,1,0.0,1.0
557,32,123502.53,1,1,0,0,1,1.7686727922116978,0.109375,0,0.0,0.0
543,37,140894.06,2,1,0,0,2,1.1934087180445838,0.22972972972972974,1,1.0,0.0
585,44,163867.86,1,1,0,0,1,1.45875281815283,0.17045454545454544,1,1.0,0.0
610,27,0.0,2,0,0,1,0,0.0,0.09259259259259259,0,0.0,0.0
727,18,93816.7,2,0,0,0,0,0.7435554215949817,0.1388888888888889,0,1.0,0.0
540,40,0.0,2,0,0,1,0,0.0,0.2125,0,0.0,1.0
418,35,0.0,2,1,0,1,2,0.0,0.21428571428571427,1,0.0,0.0
660,32,114668.89,1,0,0,0,0,1.3553281091175566,0.015625,0,0.0,0.0
850,38,146756.68,1,0,0,0,0,1.8750148365374504,0.14473684210526316,1,1.0,0.0
618,46,150213.71,1,0,1,0,0,1.2448361830739938,0.14130434782608695,0,0.0,0.0
642,18,111183.53,2,1,0,0,2,11.046824809359398,0.3055555555555556,1,1.0,0.0
850,40,99816.46,1,1,1,0,1,0.608671615810315,0.2375,0,0.0,0.0
739,34,0.0,1,0,0,1,0,0.0,0.27941176470588236,1,0.0,0.0
508,41,0.0,2,1,0,1,2,0.0,0.13414634146341464,0,0.0,0.0
667,41,0.0,2,0,0,1,0,0.0,0.15853658536585366,1,0.0,0.0
741,60,0.0,1,1,0,1,1,0.0,0.09166666666666666,0,0.0,0.0
592,29,0.0,2,1,0,1,2,0.0,0.25862068965517243,1,0.0,0.0
651,45,86714.06,1,0,1,0,0,1.009819043449998,0.14444444444444443,0,1.0,0.0
773,52,0.0,2,0,0,1,0,0.0,0.04807692307692308,1,0.0,1.0
850,41,132838.07,1,1,0,0,1,0.7575669975205916,0.2073170731707317,1,0.0,1.0
550,42,128707.31,1,0,1,0,0,2.039940786434134,0.25,0,1.0,0.0
783,40,0.0,2,0,0,1,0,0.0,0.1625,1,0.0,0.0
777,29,0.0,2,0,0,1,0,0.0,0.08620689655172414,1,0.0,0.0
659,29,123192.12,1,1,1,0,1,2.162311897987113,0.22413793103448276,1,0.0,0.0
727,46,115248.11,4,0,1,0,0,0.8814184086469596,0.07608695652173914,1,1.0,0.0
603,38,59360.77,1,1,0,0,1,0.3100458136889092,0.2236842105263158,1,0.0,0.0
644,37,0.0,2,1,0,1,2,0.0,0.25675675675675674,1,0.0,1.0
647,35,112668.7,1,1,0,0,1,0.9191045679298063,0.18571428571428572,0,0.0,0.0
648,37,138503.51,2,0,0,0,0,2.4206769509331605,0.20270270270270271,0,1.0,0.0
721,57,0.0,1,1,0,1,1,0.0,0.02631578947368421,1,0.0,1.0
524,29,0.0,2,1,0,1,2,0.0,0.25862068965517243,1,0.0,0.0
626,34,0.0,2,1,0,1,2,0.0,0.10294117647058823,0,0.0,0.0
569,43,0.0,2,0,0,1,0,0.0,0.1744186046511628,1,0.0,0.0
578,36,157267.95,2,0,0,0,0,1.1111657896936422,0.041666666666666664,1,0.0,1.0
769,40,133871.05,1,1,0,0,1,2.6472937383401933,0.2375,0,0.0,0.0
694,31,141989.27,2,0,0,0,0,5.436490105223177,0.14516129032258066,1,1.0,0.0
664,41,0.0,1,1,0,1,1,0.0,0.13414634146341464,0,0.0,0.0
646,38,0.0,2,0,0,1,0,0.0,0.19736842105263158,1,0.0,0.0
779,29,46388.16,3,0,1,0,0,0.3625767213541696,0.1206896551724138,0,0.0,0.0
782,72,148666.99,1,0,1,0,0,35.476218007762185,0.0763888888888889,0,1.0,0.0
769,34,115101.5,1,0,1,0,0,1.9898988449574355,0.22058823529411764,1,1.0,0.0
655,67,148363.38,1,1,0,0,1,0.7934033087415641,0.09701492537313433,1,1.0,0.0
623,46,0.0,1,0,1,1,0,0.0,0.09782608695652174,1,0.0,1.0
705,39,144102.32,1,1,0,0,1,12.33397926623848,0.21794871794871795,0,0.0,1.0
686,41,128876.71,3,1,1,0,3,1.2051271765172993,0.13414634146341464,1,0.0,0.0
678,36,118448.15,2,0,0,0,0,2.227598695729526,0.18055555555555555,1,1.0,0.0
738,39,0.0,2,1,0,1,2,0.0,0.14102564102564102,1,0.0,0.0
703,28,0.0,2,1,0,1,2,0.0,0.3392857142857143,1,0.0,0.0
554,42,0.0,2,1,0,1,2,0.0,0.03571428571428571,1,0.0,1.0
582,38,135979.01,4,1,1,0,4,1.775554930243217,0.25,0,0.0,0.0
644,37,117271.8,2,0,1,0,0,1.1252443893126547,0.17567567567567569,1,0.0,0.0
724,29,0.0,1,0,0,1,0,0.0,0.15517241379310345,1,0.0,0.0
593,33,0.0,2,0,0,1,0,0.0,0.045454545454545456,1,0.0,0.0
710,30,0.0,2,0,0,1,0,0.0,0.35,0,0.0,1.0
631,35,129205.49,1,1,0,0,1,1.6324674632230312,0.24285714285714285,1,0.0,0.0
739,41,0.0,1,0,1,1,0,0.0,0.2073170731707317,0,0.0,1.0
644,18,0.0,1,1,1,1,1,0.0,0.4166666666666667,1,0.0,1.0
652,35,104015.54,2,1,0,0,2,1.8840364086357122,0.21428571428571427,1,1.0,0.0
554,37,0.0,2,0,0,1,0,0.0,0.0945945945945946,1,0.0,1.0
483,30,0.0,2,0,0,1,0,0.0,0.31666666666666665,0,0.0,0.0
669,42,103873.39,1,0,0,0,0,0.6989545026219864,0.03571428571428571,0,1.0,0.0
841,52,112383.03,1,0,1,0,0,1.3141544226629047,0.0673076923076923,0,1.0,0.0
662,34,117731.79,2,1,0,0,2,2.1358484548487993,0.07352941176470588,1,0.0,0.0
821,45,135827.33,2,1,0,0,2,1.0307160639000368,0.011111111111111112,1,1.0,0.0
783,38,114135.17,1,0,0,0,0,0.7446626230223098,0.25,1,0.0,0.0
850,28,0.0,2,1,0,1,2,0.0,0.3392857142857143,0,0.0,0.0
559,62,118756.62,1,1,0,0,1,5.8303542497599254,0.10483870967741936,1,0.0,0.0
602,34,98382.72,1,0,0,0,0,2.4879933237235416,0.25,1,0.0,1.0
563,41,100520.92,1,1,1,0,1,5.1778075389671265,0.06097560975609756,1,1.0,0.0
695,35,79858.13,2,1,0,0,2,0.6239956724035085,0.21428571428571427,0,0.0,1.0
546,20,0.0,1,1,0,1,1,0.0,0.325,0,0.0,0.0
719,76,95052.29,1,0,0,0,0,0.5393164106483743,0.13815789473684212,0,1.0,0.0
539,42,177728.55,1,0,0,0,0,1.6924170470343034,0.03571428571428571,1,1.0,0.0
632,71,83116.68,1,1,0,0,1,3.0116092172257014,0.04929577464788732,1,0.0,0.0
772,34,111565.91,1,1,0,0,1,0.9214670206864004,0.22058823529411764,1,1.0,0.0
708,40,83015.71,1,0,0,0,0,0.8211997812658646,0.2125,1,0.0,1.0
668,28,124511.01,1,0,0,0,0,1.0897243442496263,0.05357142857142857,0,1.0,0.0
738,67,130652.52,1,1,0,0,1,5.739630096431833,0.022388059701492536,0,0.0,0.0
785,55,0.0,2,1,0,1,2,0.0,0.1,1,0.0,0.0
597,61,0.0,2,1,0,1,2,0.0,0.09016393442622951,1,0.0,0.0
531,37,121854.45,1,0,0,0,0,0.8260067033910454,0.20270270270270271,1,0.0,0.0
509,26,0.0,2,1,0,1,2,0.0,0.40384615384615385,1,0.0,0.0
508,35,86893.28,1,0,0,0,0,1.4634455574676695,0.04285714285714286,1,0.0,0.0
749,32,79523.13,1,1,0,0,1,0.5044311696760503,0.234375,0,1.0,0.0
621,55,131033.76,1,1,1,0,1,1.7312678507513684,0.13636363636363635,0,1.0,0.0
659,33,89939.62,1,0,0,0,0,0.6587000294197153,0.22727272727272727,0,0.0,0.0
634,59,95727.05,1,0,1,0,0,0.9774010520684009,0.059322033898305086,0,1.0,0.0
675,39,0.0,2,1,0,1,2,0.0,0.19230769230769232,1,0.0,0.0
770,31,155047.56,2,1,0,0,2,0.8332963033308621,0.11290322580645161,1,0.0,0.0
736,29,0.0,2,0,0,1,0,0.0,0.3275862068965517,0,0.0,0.0
524,44,118569.03,2,0,0,0,0,1.443882476722578,0.23863636363636365,1,0.0,0.0
674,28,0.0,1,1,0,1,1,0.0,0.19642857142857142,1,0.0,0.0
700,44,0.0,2,0,0,1,0,0.0,0.2159090909090909,1,0.0,1.0
741,35,0.0,2,0,0,1,0,0.0,0.04285714285714286,0,0.0,0.0
455,40,0.0,3,1,0,1,3,0.0,0.0375,1,0.0,0.0
608,37,130461.02,1,0,0,0,0,5.93864390037395,0.06756756756756757,1,0.0,1.0
776,36,0.0,2,0,0,1,0,0.0,0.041666666666666664,1,0.0,0.0
635,33,0.0,3,0,1,1,0,0.0,0.045454545454545456,1,0.0,0.0
746,37,0.0,2,1,0,1,2,0.0,0.12162162162162163,0,0.0,0.0
692,47,0.0,2,0,1,1,0,0.0,0.07446808510638298,0,0.0,1.0
683,35,61172.04,1,0,0,0,0,0.7374379340757055,0.2714285714285714,1,0.0,1.0
591,35,90194.34,2,0,0,0,0,1.5805386680620206,0.07142857142857142,0,1.0,0.0
581,24,95508.2,1,1,0,0,1,2.087337179823411,0.14583333333333334,0,0.0,0.0
684,35,99967.76,1,1,0,0,1,0.5651629313555598,0.1,1,1.0,0.0
561,37,101470.29,1,1,0,0,1,1.142180012098271,0.12162162162162163,1,0.0,1.0
718,33,70541.06,1,0,0,0,0,0.7962302102404457,0.13636363636363635,0,1.0,0.0
590,31,112211.61,1,0,0,0,0,4.272706399486415,0.27419354838709675,1,0.0,0.0
573,47,154543.98,1,0,0,0,0,5.223245581867889,0.18085106382978725,0,0.0,0.0
350,40,111098.85,1,1,1,0,1,0.64471579142352,0.0125,0,0.0,0.0
504,44,131873.07,2,1,1,0,2,0.8344404740842882,0.011363636363636364,0,1.0,0.0
813,27,137275.36,1,1,0,0,1,1.1861265507089693,0.05555555555555555,1,0.0,1.0
641,31,153316.14,1,0,0,0,0,2.558296744196757,0.11290322580645161,1,0.0,1.0
662,22,0.0,2,1,0,1,2,0.0,0.4318181818181818,0,0.0,0.0
497,44,121250.04,1,1,0,0,1,1.5214755735804166,0.056818181818181816,1,0.0,1.0
716,31,109578.04,2,1,0,0,2,2.127542617141683,0.27419354838709675,1,0.0,0.0
526,37,53573.18,1,0,0,0,0,0.8526420546737592,0.14864864864864866,0,0.0,0.0
760,34,58003.41,1,0,0,0,0,0.64200632892478,0.19117647058823528,0,1.0,0.0
669,31,113000.66,1,0,0,0,0,2.7922894712521886,0.20967741935483872,0,0.0,0.0
655,27,0.0,2,0,0,1,0,0.0,0.3888888888888889,1,0.0,0.0
547,49,0.0,1,0,1,1,0,0.0,0.05102040816326531,0,0.0,0.0
648,40,139973.65,1,1,1,0,1,35.476218007762185,0.1375,0,1.0,0.0
790,31,151290.16,1,1,0,0,1,0.8773591361353279,0.08064516129032258,0,0.0,0.0
744,50,121498.11,2,1,1,0,2,1.1455334766388148,0.03,0,1.0,0.0
761,32,103515.39,2,1,0,0,2,0.5827802060742229,0.140625,0,0.0,1.0
750,35,0.0,1,0,0,1,0,0.0,0.1,0,0.0,0.0
680,34,0.0,2,1,0,1,2,0.0,0.27941176470588236,1,0.0,0.0
704,38,106687.76,1,0,0,0,0,0.613933104113018,0.17105263157894737,1,0.0,1.0
521,41,0.0,2,1,0,1,2,0.0,0.06097560975609756,0,0.0,0.0
452,35,0.0,2,1,0,1,2,0.0,0.24285714285714285,0,0.0,0.0
695,31,106089.2,1,0,0,0,0,1.0658087891059034,0.1774193548387097,0,0.0,0.0
850,71,69608.14,1,0,1,0,0,0.7110533391082636,0.14788732394366197,1,0.0,1.0
625,31,0.0,2,1,0,1,2,0.0,0.1774193548387097,1,0.0,0.0
608,40,96202.32,1,0,0,0,0,0.596952080858374,0.1875,0,1.0,0.0
715,38,0.0,2,1,0,1,2,0.0,0.013157894736842105,0,0.0,0.0
834,33,0.0,2,0,0,1,0,0.0,0.16666666666666666,1,0.0,1.0
469,33,127818.52,1,0,0,0,0,0.7818688018501792,0.045454545454545456,1,0.0,0.0
480,40,0.0,1,0,1,1,0,0.0,0.1875,0,0.0,0.0
527,58,137318.42,1,1,0,0,1,1.0885677194893915,0.0603448275862069,1,1.0,0.0
834,34,0.0,2,0,0,1,0,0.0,0.16176470588235295,1,0.0,1.0
583,40,55776.39,2,0,0,0,0,2.071821221978179,0.1125,0,0.0,0.0
696,32,84421.62,1,1,0,0,1,1.6136953890141221,0.140625,1,1.0,0.0
606,32,83161.65,1,1,0,0,1,0.7114729756424581,0.171875,1,0.0,0.0
713,39,0.0,2,1,0,1,2,0.0,0.2692307692307692,0,0.0,0.0
821,42,87807.29,2,1,0,0,2,1.358934430047848,0.08333333333333333,1,1.0,0.0
550,30,0.0,2,0,0,1,0,0.0,0.15,0,0.0,0.0
675,39,0.0,2,0,0,1,0,0.0,0.16666666666666666,0,0.0,0.0
748,39,0.0,2,1,0,1,2,0.0,0.08974358974358974,1,0.0,1.0
606,40,95293.86,2,1,0,0,2,0.9825468637001119,0.2375,1,1.0,0.0
726,30,92847.59,1,0,0,0,0,0.6352677081450344,0.25,1,1.0,0.0
547,30,0.0,2,1,0,1,2,0.0,0.21666666666666667,1,0.0,0.0
758,35,0.0,2,0,0,1,0,0.0,0.15714285714285714,1,0.0,1.0
596,37,0.0,1,1,0,1,1,0.0,0.06756756756756757,1,0.0,0.0
720,34,0.0,2,1,0,1,2,0.0,0.10294117647058823,1,0.0,1.0
674,37,0.0,1,0,0,1,0,0.0,0.0945945945945946,1,0.0,0.0
756,32,0.0,2,0,0,1,0,0.0,0.140625,0,0.0,0.0
649,78,68345.86,2,1,0,0,2,0.47939214864511787,0.057692307692307696,1,1.0,0.0
613,28,76656.4,2,1,0,0,2,0.4132771603668322,0.26785714285714285,1,1.0,0.0
643,62,0.0,2,0,0,1,0,0.0,0.1532258064516129,1,0.0,0.0
600,31,0.0,2,1,0,1,2,0.0,0.27419354838709675,1,0.0,0.0
735,39,60374.98,1,0,0,0,0,1.5009414604047162,0.038461538461538464,1,0.0,1.0
585,34,0.0,1,1,0,1,1,0.0,0.04411764705882353,0,0.0,0.0
724,33,88046.88,1,1,1,0,1,0.47098125749123443,0.13636363636363635,1,1.0,0.0
635,29,0.0,2,0,0,1,0,0.0,0.08620689655172414,1,0.0,1.0
472,19,0.0,2,0,0,1,0,0.0,0.5,1,0.0,0.0
590,36,0.0,2,0,0,1,0,0.0,0.041666666666666664,1,0.0,0.0
651,63,129968.67,1,1,0,0,1,10.984941930587167,0.1349206349206349,0,0.0,1.0
686,39,157731.6,2,0,0,0,0,0.9687387914134242,0.11538461538461539,0,1.0,0.0
606,32,0.0,2,1,0,1,2,0.0,0.203125,1,0.0,0.0
781,33,89276.48,1,0,0,0,0,12.827080459770114,0.10606060606060606,1,0.0,0.0
593,45,138825.19,1,0,0,0,0,12.818837501777505,0.1,1,0.0,0.0
793,63,103729.79,2,1,0,0,2,1.2922117333013092,0.07142857142857142,1,0.0,0.0
791,31,75499.24,1,0,0,0,0,3.403144627439809,0.3387096774193548,0,0.0,0.0
850,68,169445.4,1,1,0,0,1,0.9093537284541849,0.08088235294117647,1,0.0,0.0
698,57,111359.55,2,0,0,0,0,1.0533839671020502,0.16666666666666666,0,0.0,0.0
846,34,142388.61,2,1,1,0,2,2.0818679650920013,0.3088235294117647,0,0.0,0.0
765,42,123311.39,2,1,0,0,2,1.4880218667121037,0.10714285714285714,1,0.0,0.0
574,52,115532.52,1,0,0,0,0,0.5886747321787109,0.14423076923076922,1,0.0,1.0
617,51,167273.71,1,0,1,0,0,1.7901580413256528,0.20588235294117646,0,1.0,0.0
581,25,77886.53,2,0,0,0,0,0.5181364829239181,0.22,1,0.0,0.0
710,37,135795.63,1,1,0,0,1,2.918791993912898,0.17567567567567569,1,1.0,0.0
550,32,97514.07,1,1,0,0,1,0.4896763500462791,0.265625,1,0.0,0.0
533,51,127545.56,2,0,1,0,0,1.6031363491361614,0.12745098039215685,1,1.0,0.0
779,49,106160.37,1,0,0,0,0,0.9081696228414472,0.19387755102040816,1,0.0,0.0
763,23,0.0,2,0,0,1,0,0.0,0.10869565217391304,0,0.0,0.0
563,36,143680.47,2,1,0,0,2,2.261538127365041,0.125,0,0.0,1.0
678,38,124483.53,1,0,0,0,0,0.9859744986131562,0.09210526315789473,1,0.0,1.0
644,31,86006.3,1,1,0,0,1,1.1634429707828113,0.1774193548387097,0,0.0,1.0
682,43,111094.05,2,1,0,0,2,1.7175871169428714,0.1744186046511628,0,1.0,0.0
625,22,0.0,2,0,0,1,0,0.0,0.4318181818181818,1,0.0,0.0
733,36,0.0,2,1,0,1,2,0.0,0.041666666666666664,1,0.0,1.0
512,30,0.0,2,0,0,1,0,0.0,0.21666666666666667,0,0.0,0.0
642,41,115171.71,1,1,0,0,1,3.0569415590568614,0.18292682926829268,0,0.0,0.0
737,22,111543.26,2,0,0,0,0,1.0490404062491034,0.4772727272727273,0,1.0,0.0
575,57,137936.94,1,1,0,0,1,1.6328510787603552,0.14912280701754385,0,0.0,0.0
543,37,122304.65,2,0,0,0,0,3.597227328476428,0.0945945945945946,0,1.0,0.0
521,41,120586.54,1,1,0,0,1,5.884523585860927,0.2073170731707317,1,1.0,0.0
637,32,0.0,2,1,0,1,2,0.0,0.109375,1,0.0,0.0
714,40,46520.69,1,1,0,0,1,0.48114109004972166,0.2375,1,0.0,0.0
726,56,105473.74,1,1,0,0,1,2.2906316985082213,0.044642857142857144,0,0.0,1.0
680,34,0.0,2,0,0,1,0,0.0,0.22058823529411764,0,0.0,1.0
812,39,115730.71,3,1,1,0,3,0.6235479417763998,0.14102564102564102,1,1.0,0.0
757,30,145396.49,1,1,0,0,1,0.7330589589756892,0.11666666666666667,1,0.0,1.0
710,62,131078.42,2,0,1,0,0,1.0982713329293667,0.056451612903225805,1,0.0,1.0
516,47,128298.74,1,0,1,0,0,0.8575249421566008,0.20212765957446807,0,1.0,0.0
803,40,165526.71,1,0,0,0,0,13.425714651863723,0.1625,0,0.0,0.0
560,38,83714.41,1,1,0,0,1,2.51795607238795,0.14473684210526316,0,0.0,0.0
679,36,0.0,2,1,0,1,2,0.0,0.09722222222222222,0,0.0,0.0
526,32,125540.05,1,0,0,0,0,1.4465237526963877,0.234375,1,0.0,0.0
485,41,100254.76,2,1,0,0,2,7.8893109437056514,0.06097560975609756,1,0.0,0.0
625,36,0.0,2,0,1,1,0,0.0,0.09722222222222222,0,0.0,0.0
773,43,138150.57,1,1,0,0,1,0.7789355166968354,0.1744186046511628,1,0.0,1.0
530,45,0.0,1,1,1,1,1,0.0,0.03333333333333333,0,0.0,0.0
616,43,95984.21,1,1,1,0,1,0.8327369608811253,0.1744186046511628,0,1.0,0.0
651,23,0.0,2,1,0,1,2,0.0,0.45652173913043476,1,0.0,0.0
586,38,136858.42,1,1,0,0,1,0.7235637390035389,0.06578947368421052,1,1.0,0.0
607,29,102609.0,1,0,0,0,0,0.6285065568432481,0.25862068965517243,1,1.0,0.0
724,39,0.0,2,1,0,1,2,0.0,0.08974358974358974,1,0.0,1.0
733,64,0.0,2,1,0,1,2,0.0,0.0546875,1,0.0,0.0
667,70,77356.92,2,1,0,0,2,3.704308201519325,0.05,1,1.0,0.0
700,32,110923.15,2,1,1,0,2,0.6853588896809273,0.265625,0,0.0,0.0
659,78,151675.65,1,1,0,0,1,3.034746928100966,0.03205128205128205,1,0.0,1.0
710,22,0.0,3,0,0,1,0,0.0,0.38636363636363635,1,0.0,1.0
760,37,0.0,1,0,1,1,0,0.0,0.20270270270270271,1,0.0,0.0
677,25,0.0,2,0,0,1,0,0.0,0.14,0,0.0,0.0
798,29,80204.11,2,0,0,0,0,1.1421146436371952,0.29310344827586204,0,1.0,0.0
758,35,0.0,2,0,0,1,0,0.0,0.21428571428571427,1,0.0,0.0
715,45,0.0,2,1,0,1,2,0.0,0.1,1,0.0,0.0
752,32,115587.49,2,1,0,0,2,1.1367942630130314,0.296875,1,1.0,0.0
586,46,106968.96,1,1,1,0,1,1.3477596380807475,0.18478260869565216,1,1.0,0.0
818,36,0.0,2,1,0,1,2,0.0,0.125,1,0.0,0.0
490,41,139659.04,1,1,0,0,1,0.7923686982823535,0.012195121951219513,0,1.0,0.0
610,69,86038.21,3,0,1,0,0,0.4463857926412882,0.07971014492753623,0,1.0,0.0
627,24,102773.2,2,0,1,0,0,1.809577839357031,0.22916666666666666,1,1.0,0.0
533,35,0.0,2,1,0,1,2,0.0,0.24285714285714285,0,0.0,0.0
708,51,70754.18,1,1,1,0,1,0.7614441250334693,0.16666666666666666,0,0.0,0.0
681,59,122781.51,1,1,0,0,1,0.8759599466211783,0.07627118644067797,1,0.0,0.0
690,21,0.0,2,1,0,1,2,0.0,0.40476190476190477,1,0.0,0.0
656,68,153545.11,1,1,0,0,1,0.822964225562517,0.11029411764705882,1,1.0,0.0
673,40,121629.22,1,1,0,0,1,35.476218007762185,0.0375,1,0.0,1.0
806,36,167983.17,2,1,0,0,2,1.5741248113672195,0.2361111111111111,1,1.0,0.0
648,43,81153.82,1,1,1,0,1,0.5614865998518687,0.1744186046511628,0,0.0,1.0
501,35,99760.84,1,1,0,0,1,7.339392548254481,0.18571428571428572,1,0.0,0.0
556,43,125890.72,1,1,0,0,1,1.681772609452526,0.10465116279069768,0,1.0,0.0
627,27,0.0,2,0,0,1,0,0.0,0.09259259259259259,0,0.0,0.0
652,31,119148.55,1,0,0,0,0,0.7956964020995688,0.08064516129032258,1,0.0,0.0
807,60,72948.58,2,1,0,0,2,4.202988414621499,0.025,0,1.0,0.0
708,21,133974.36,2,0,0,0,0,2.663766184730955,0.40476190476190477,1,1.0,0.0
619,27,154483.98,1,0,0,0,0,0.9877761376364856,0.05555555555555555,1,0.0,0.0
601,40,98627.13,2,0,0,0,0,1.264795933350509,0.2625,1,0.0,0.0
445,64,136770.67,1,1,0,0,1,3.1312640427701517,0.0390625,1,0.0,0.0
800,39,95252.72,1,0,0,0,0,6.84909695168163,0.11538461538461539,1,1.0,0.0
554,33,117413.95,1,1,0,0,1,9.196141995372713,0.10606060606060606,1,0.0,0.0
714,54,137986.58,2,1,1,0,2,2.6892967662543845,0.08333333333333333,1,1.0,0.0
656,44,143571.52,1,0,0,0,0,1.126535856918514,0.23863636363636365,1,0.0,0.0
520,49,121197.64,1,0,1,0,0,1.6698874168088464,0.11224489795918367,1,0.0,0.0
480,39,121626.9,1,1,0,0,1,1.4753539975494645,0.14102564102564102,1,0.0,1.0
660,30,84440.1,2,1,0,0,2,1.3960045616428527,0.05,1,1.0,0.0
532,36,0.0,2,1,0,1,2,0.0,0.125,1,0.0,0.0
679,42,0.0,2,0,0,1,0,0.0,0.03571428571428571,1,0.0,0.0
780,26,140356.7,1,0,0,0,0,1.1981434997522307,0.1346153846153846,0,0.0,0.0
747,29,0.0,2,1,0,1,2,0.0,0.25862068965517243,1,0.0,0.0
705,39,92224.56,1,1,0,0,1,1.6916272991154337,0.08974358974358974,0,0.0,0.0
732,43,0.0,2,0,0,1,0,0.0,0.22093023255813954,0,0.0,0.0
515,40,121355.99,1,0,0,0,0,0.8770949591464491,0.2625,1,0.0,1.0
816,40,109003.26,1,1,0,0,1,1.3697049919604491,0.2375,0,1.0,0.0
641,48,147341.43,1,1,1,0,1,0.9357411084658472,0.07291666666666667,0,0.0,0.0
509,18,102983.91,1,0,0,0,0,0.5995398656751019,0.4166666666666667,1,0.0,0.0
601,49,96252.98,2,0,0,0,0,0.923158741366455,0.09183673469387756,0,1.0,0.0
527,39,0.0,2,0,1,1,0,0.0,0.11538461538461539,1,0.0,0.0
455,27,155879.09,2,0,0,0,0,2.2024295816786403,0.2037037037037037,0,0.0,0.0
803,34,142929.16,2,1,0,0,2,1.2442627597532387,0.1323529411764706,1,1.0,0.0
553,32,64082.09,1,1,0,0,1,0.5870442425278429,0.234375,1,0.0,0.0
724,28,0.0,1,0,0,1,0,0.0,0.19642857142857142,0,0.0,0.0
610,45,0.0,2,1,0,1,2,0.0,0.03333333333333333,0,0.0,0.0
559,39,0.0,2,1,0,1,2,0.0,0.0641025641025641,0,0.0,1.0
825,35,118336.95,1,0,1,0,0,4.492102934594829,0.18571428571428572,0,1.0,0.0
819,28,168253.21,1,1,0,0,1,1.636702148460109,0.30357142857142855,0,0.0,1.0
772,42,101979.16,1,0,0,0,0,1.1215192256680673,0.011904761904761904,0,1.0,0.0
685,23,164902.43,1,0,0,0,0,1.1682507838287568,0.2391304347826087,1,0.0,1.0
506,43,0.0,2,0,0,1,0,0.0,0.05813953488372093,1,0.0,0.0
642,22,111812.52,2,1,0,0,2,0.6108422965404521,0.4772727272727273,1,1.0,0.0
627,40,0.0,2,1,0,1,2,0.0,0.2625,1,0.0,1.0
600,30,119755.0,1,1,0,0,1,5.479797436705835,0.08333333333333333,1,1.0,0.0
653,46,119556.1,1,0,1,0,0,1.5278514188868582,0.010869565217391304,1,0.0,0.0
762,35,119349.69,3,1,1,0,3,2.5331472786477733,0.1,0,0.0,1.0
569,30,139528.23,1,1,0,0,1,4.198690273678154,0.11666666666666667,0,0.0,1.0
756,40,94773.11,1,0,0,0,0,0.8293016060551993,0.0375,1,0.0,0.0
673,31,108345.22,1,1,0,0,1,2.7921845278577475,0.04838709677419355,1,0.0,0.0
637,36,166939.88,1,1,0,0,1,2.3024361099035446,0.2638888888888889,0,0.0,0.0
644,33,174571.36,1,1,0,0,1,3.972578792734131,0.22727272727272727,1,0.0,0.0
658,35,71829.34,1,1,0,0,1,1.0540983568065472,0.2714285714285714,1,0.0,1.0
649,36,0.0,2,1,0,1,2,0.0,0.2361111111111111,0,0.0,0.0
603,39,76769.68,1,0,0,0,0,1.5918825058495756,0.24358974358974358,0,0.0,0.0
820,39,104614.29,1,0,1,0,0,1.6999554594509567,0.038461538461538464,0,0.0,0.0
712,27,0.0,1,0,0,1,0,0.0,0.3888888888888889,1,0.0,1.0
645,31,128927.93,1,1,0,0,1,35.476218007762185,0.04838709677419355,0,1.0,0.0
705,31,110941.93,2,0,0,0,0,0.6786028511344716,0.3064516129032258,0,1.0,0.0
590,29,99250.08,1,1,0,0,1,0.7656388651397461,0.3620689655172414,0,0.0,1.0
631,36,0.0,2,0,0,1,0,0.0,0.041666666666666664,1,0.0,0.0
604,34,0.0,2,1,0,1,2,0.0,0.22058823529411764,1,0.0,0.0
643,48,0.0,2,0,0,1,0,0.0,0.17708333333333334,1,0.0,1.0
690,30,0.0,2,1,0,1,2,0.0,0.18333333333333332,0,0.0,1.0
558,31,0.0,1,0,0,1,0,0.0,0.24193548387096775,1,0.0,0.0
637,51,104682.83,1,0,1,0,0,1.8940961453978038,0.029411764705882353,1,1.0,0.0
648,45,118886.55,1,0,0,0,0,2.302320785007853,0.12222222222222222,0,1.0,0.0
652,28,156823.7,2,0,0,0,0,0.7910300459232499,0.30357142857142855,1,0.0,1.0
808,39,124216.93,1,1,0,0,1,0.7245362550057348,0.08974358974358974,1,1.0,0.0
551,26,144258.52,1,0,0,0,0,2.897933478626567,0.09615384615384616,0,0.0,0.0
711,26,128793.63,1,0,0,0,0,6.6860455639164105,0.36538461538461536,1,1.0,0.0
467,28,126315.26,1,0,1,0,0,3.9046098195719416,0.375,1,1.0,0.0
789,40,0.0,2,0,0,1,0,0.0,0.1125,0,0.0,1.0
602,33,0.0,2,1,0,1,2,0.0,0.16666666666666666,1,0.0,1.0
576,39,0.0,2,1,0,1,2,0.0,0.038461538461538464,1,0.0,0.0
584,38,115341.55,1,1,0,0,1,0.6642800554177433,0.039473684210526314,1,0.0,0.0
593,32,99162.29,1,0,0,0,0,0.7723815479848091,0.203125,1,0.0,0.0
705,48,156848.13,2,1,1,0,2,1.5767283777799783,0.03125,0,1.0,0.0
595,64,105736.32,1,1,1,0,1,1.1756744991729187,0.0390625,0,1.0,0.0
699,41,200117.76,2,0,0,0,0,2.1256706926192876,0.036585365853658534,0,1.0,0.0
516,46,62212.29,1,1,1,0,1,0.36236750715825683,0.14130434782608695,0,0.0,0.0
838,31,0.0,2,0,0,1,0,0.0,0.08064516129032258,1,0.0,0.0
587,39,0.0,2,1,0,1,2,0.0,0.2692307692307692,1,0.0,0.0
750,38,151532.4,1,1,0,0,1,3.254830994401384,0.14473684210526316,1,0.0,0.0
581,39,121523.51,1,0,1,0,0,0.7517388562356428,0.038461538461538464,1,1.0,0.0
484,41,0.0,1,1,0,1,1,0.0,0.13414634146341464,1,0.0,0.0
576,26,0.0,2,1,0,1,2,0.0,0.3269230769230769,1,0.0,1.0
567,46,68238.51,2,1,0,0,2,0.6227642648894012,0.03260869565217391,0,1.0,0.0
638,30,136808.53,2,1,0,0,2,1.282852935801246,0.31666666666666665,1,0.0,1.0
646,24,92398.08,1,1,0,0,1,4.889229660461343,0.020833333333333332,1,1.0,0.0
658,40,143566.12,1,1,0,0,1,0.757170490743806,0.1375,0,0.0,0.0
590,38,0.0,2,1,0,1,2,0.0,0.25,0,0.0,1.0
546,25,127728.24,2,1,0,0,2,1.21321563659222,0.3,1,0.0,1.0
603,34,0.0,2,0,0,1,0,0.0,0.27941176470588236,0,0.0,0.0
619,38,119658.49,1,1,0,0,1,13.837222668075924,0.27631578947368424,0,0.0,1.0
678,34,0.0,2,1,0,1,2,0.0,0.19117647058823528,0,0.0,0.0
459,26,149879.66,1,0,0,0,0,2.996564179860636,0.17307692307692307,1,0.0,0.0
671,28,119859.52,2,0,0,0,0,0.9556372378225927,0.30357142857142855,1,1.0,0.0
501,43,104533.24,1,0,1,0,0,1.2885518435285777,0.1511627906976744,1,0.0,1.0
719,37,145382.61,1,0,0,0,0,1.8080257591165432,0.28378378378378377,1,0.0,1.0
681,37,121231.39,1,1,0,0,1,0.8282695125160658,0.17567567567567569,0,0.0,1.0
706,24,141078.57,1,1,0,0,1,5.780991703365082,0.10416666666666667,1,0.0,1.0
763,32,108465.65,2,0,1,0,0,1.7912384498717164,0.046875,0,1.0,0.0
716,39,70657.61,2,1,0,0,2,0.923906060707101,0.038461538461538464,1,0.0,0.0
507,40,120105.43,1,0,1,0,0,1.304416101436194,0.0875,1,1.0,0.0
678,55,129646.91,1,1,1,0,1,0.7041202197841588,0.08181818181818182,1,1.0,0.0
775,30,191091.74,2,1,0,0,2,1.9869917640778367,0.35,0,0.0,0.0
544,38,0.0,1,1,0,1,1,0.0,0.2236842105263158,1,0.0,0.0
756,27,0.0,2,1,0,1,2,0.0,0.3148148148148148,1,0.0,0.0
757,43,131433.33,2,1,1,0,2,35.476218007762185,0.12790697674418605,0,1.0,0.0
742,33,137937.95,1,1,0,0,1,2.6842391526442895,0.045454545454545456,1,1.0,0.0
591,49,0.0,2,0,0,1,0,0.0,0.07142857142857142,1,0.0,0.0
667,24,0.0,2,0,0,1,0,0.0,0.1875,1,0.0,0.0
787,32,0.0,2,1,0,1,2,0.0,0.140625,1,0.0,0.0
718,43,93143.39,1,0,0,0,0,0.5558945536133443,0.011627906976744186,0,0.0,0.0
521,38,0.0,2,0,0,1,0,0.0,0.17105263157894737,1,0.0,0.0
607,40,112544.45,1,1,0,0,1,5.671682821638826,0.0375,1,0.0,1.0
633,34,123034.43,2,1,0,0,2,3.2110424250522756,0.10294117647058823,0,0.0,0.0
588,37,0.0,2,1,0,1,2,0.0,0.06756756756756757,1,0.0,1.0
724,33,119278.44,1,1,0,0,1,0.6050159767291013,0.2878787878787879,0,1.0,0.0
720,44,0.0,2,0,0,1,0,0.0,0.10227272727272728,1,0.0,0.0
521,39,0.0,2,1,0,1,2,0.0,0.19230769230769232,1,0.0,0.0
620,36,169312.72,1,0,0,0,0,3.728115919180167,0.20833333333333334,1,0.0,1.0
505,33,106506.77,3,0,1,0,0,2.3435493119644564,0.10606060606060606,0,1.0,0.0
728,43,128412.61,1,1,0,0,1,0.9236635401136671,0.19767441860465115,0,0.0,1.0
486,62,118356.89,2,0,1,0,0,0.704355077128491,0.1532258064516129,1,1.0,0.0
584,42,137479.13,1,0,0,0,0,5.355613340033736,0.08333333333333333,1,1.0,0.0
687,40,0.0,2,0,0,1,0,0.0,0.0375,0,0.0,1.0
771,50,105229.72,1,1,1,0,1,6.462678134066382,0.07,1,0.0,0.0
678,41,148088.11,1,0,0,0,0,10.514544749689719,0.06097560975609756,1,0.0,0.0
751,48,0.0,1,1,1,1,1,0.0,0.09375,0,0.0,0.0
670,33,126679.69,1,1,0,0,1,3.2109753881226575,0.25757575757575757,1,0.0,0.0
675,31,90826.27,2,0,0,0,0,1.5069429569714694,0.08064516129032258,1,0.0,1.0
684,24,143582.89,1,1,0,0,1,6.373453887049472,0.3541666666666667,1,0.0,1.0
637,21,125712.2,1,0,0,0,0,0.7180539689994149,0.5,0,0.0,0.0
760,32,0.0,1,1,0,1,1,0.0,0.078125,0,0.0,1.0
662,37,155187.3,1,0,0,0,0,3.1715019680453196,0.12162162162162163,1,0.0,1.0
680,49,0.0,2,0,0,1,0,0.0,0.21428571428571427,1,0.0,0.0
604,40,155455.43,1,1,0,0,1,1.3686523097457053,0.1375,1,0.0,1.0
764,40,100480.53,1,0,0,0,0,0.8096954882519429,0.2375,0,0.0,0.0
521,77,0.0,2,1,0,1,2,0.0,0.08441558441558442,0,0.0,0.0
684,56,127585.98,3,1,1,0,3,1.5830608271111337,0.0625,0,1.0,0.0
795,40,101891.1,1,1,0,0,1,0.5566424720012789,0.0625,0,0.0,0.0
678,61,0.0,2,1,0,1,2,0.0,0.13934426229508196,0,0.0,1.0
589,38,0.0,1,0,1,1,0,0.0,0.11842105263157894,1,0.0,0.0
660,28,128929.88,1,1,0,0,1,0.650928549708334,0.125,0,0.0,1.0
646,39,121681.91,2,1,0,0,2,1.9691391478881524,0.16666666666666666,1,1.0,0.0
706,56,139603.22,1,1,0,0,1,1.6160658709925297,0.0625,0,1.0,0.0
730,27,0.0,2,0,0,1,0,0.0,0.2777777777777778,0,0.0,0.0
606,36,0.0,2,1,0,1,2,0.0,0.2916666666666667,0,0.0,0.0
690,36,91760.11,1,1,0,0,1,0.6757703338062836,0.2916666666666667,0,0.0,1.0
645,41,93925.3,1,0,1,0,0,0.7575651011903716,0.06097560975609756,1,1.0,0.0
579,38,175739.36,1,1,0,0,1,0.9099464069956462,0.11842105263157894,0,0.0,0.0
481,28,0.0,2,0,0,1,0,0.0,0.375,0,0.0,0.0
492,45,170295.04,2,0,0,0,0,1.0337024116560838,0.2111111111111111,1,1.0,0.0
739,58,101579.28,1,1,0,0,1,1.4075092355458045,0.04310344827586207,1,0.0,0.0
624,55,118793.6,1,1,1,0,1,1.250156014826723,0.13636363636363635,1,0.0,0.0
682,44,115282.3,1,0,0,0,0,4.850437994900578,0.07954545454545454,1,0.0,0.0
701,34,107980.37,1,1,0,0,1,0.9045419948810369,0.19117647058823528,0,0.0,1.0
718,44,133866.22,1,1,0,0,1,0.9627183671168063,0.03409090909090909,0,0.0,0.0
496,34,102723.35,2,0,0,0,0,0.5680162012047723,0.04411764705882353,0,0.0,0.0
543,41,0.0,2,1,0,1,2,0.0,0.13414634146341464,1,0.0,1.0
616,44,193213.02,2,1,0,0,2,1.406272060225147,0.17045454545454544,0,0.0,1.0
635,53,117005.55,1,1,1,0,1,0.9462826483367203,0.16037735849056603,1,1.0,0.0
652,31,132862.59,1,0,0,0,0,0.8406072449618802,0.04838709677419355,1,0.0,1.0
688,26,0.0,2,0,0,1,0,0.0,0.019230769230769232,1,0.0,0.0
678,49,204510.94,1,1,1,0,1,35.476218007762185,0.07142857142857142,0,0.0,0.0
757,36,65349.71,1,0,0,0,0,1.0125358223903576,0.041666666666666664,1,1.0,0.0
667,36,139753.35,1,0,0,0,0,1.7497129162401517,0.2361111111111111,1,0.0,0.0
725,29,0.0,2,1,0,1,2,0.0,0.22413793103448276,0,0.0,0.0
632,50,107959.39,1,1,1,0,1,15.452925279903354,0.11,0,1.0,0.0
694,38,195926.39,1,1,0,0,1,2.290897953132133,0.14473684210526316,0,0.0,0.0
803,36,0.0,2,1,0,1,2,0.0,0.041666666666666664,1,0.0,0.0
814,31,87772.52,1,0,0,0,0,0.4655936095040539,0.20967741935483872,0,0.0,0.0
611,38,71018.6,2,0,0,0,0,29.0430173926201,0.11842105263157894,1,0.0,0.0
755,38,111096.91,1,1,0,0,1,5.621209499349318,0.11842105263157894,1,1.0,0.0
425,40,166776.6,2,1,0,0,2,0.9659927477823649,0.2375,1,1.0,0.0
850,34,101266.51,1,0,0,0,0,3.022612018393587,0.19117647058823528,0,0.0,0.0
677,18,134796.87,2,1,0,0,2,1.1735764178795212,0.4722222222222222,1,0.0,1.0
797,46,0.0,1,0,0,1,0,0.0,0.18478260869565216,0,0.0,0.0
692,43,118588.83,1,1,1,0,1,0.735468128314686,0.2441860465116279,0,1.0,0.0
735,28,160454.15,2,1,0,0,2,1.3957605641423465,0.19642857142857142,1,1.0,0.0
609,77,0.0,1,1,0,1,1,0.0,0.01948051948051948,1,0.0,0.0
700,42,0.0,2,1,0,1,2,0.0,0.20238095238095238,0,0.0,0.0
526,36,91132.18,1,0,0,0,0,1.5681970432974128,0.1527777777777778,0,0.0,1.0
693,57,0.0,2,1,0,1,2,0.0,0.16666666666666666,0,0.0,1.0
748,20,0.0,2,0,0,1,0,0.0,0.375,0,0.0,0.0
657,36,0.0,2,1,0,1,2,0.0,0.2361111111111111,1,0.0,1.0
739,25,113113.12,1,0,0,0,0,0.8756087038879251,0.22,0,1.0,0.0
784,23,0.0,1,1,0,1,1,0.0,0.10869565217391304,1,0.0,1.0
744,41,190409.34,2,1,0,0,2,1.3761631043329086,0.18292682926829268,1,1.0,0.0
645,44,0.0,2,1,0,1,2,0.0,0.23863636363636365,1,0.0,0.0
669,33,0.0,2,1,0,1,2,0.0,0.2878787878787879,0,0.0,0.0
615,34,83503.11,2,1,1,0,2,1.141914595354044,0.04411764705882353,1,0.0,0.0
724,53,139687.66,2,1,0,0,2,10.815991117250435,0.02830188679245283,0,1.0,0.0
850,47,137301.87,1,0,0,0,0,3.0956774514872465,0.20212765957446807,0,0.0,0.0
625,39,129845.26,1,1,0,0,1,1.3463017808536766,0.2692307692307692,0,1.0,0.0
635,46,0.0,2,1,0,1,2,0.0,0.18478260869565216,1,0.0,1.0
724,37,125489.4,1,0,0,0,0,1.0583434320194738,0.17567567567567569,1,1.0,0.0
550,47,0.0,2,1,0,1,2,0.0,0.05319148936170213,1,0.0,0.0
645,45,155417.61,1,1,0,0,1,35.476218007762185,0.14444444444444443,1,0.0,0.0
714,29,0.0,2,1,0,1,2,0.0,0.15517241379310345,1,0.0,1.0
520,46,85216.61,1,0,1,0,0,0.7260478184811654,0.22826086956521738,0,0.0,0.0
633,25,0.0,1,0,0,1,0,0.0,0.06,1,0.0,0.0
537,37,0.0,1,1,0,1,1,0.0,0.17567567567567569,1,0.0,0.0
764,38,113607.47,1,0,0,0,0,1.24712548792223,0.11842105263157894,1,0.0,1.0
795,33,104552.72,1,1,1,0,1,0.865109983605951,0.2878787878787879,0,1.0,0.0
573,44,0.0,2,0,0,1,0,0.0,0.2159090909090909,1,0.0,1.0
702,44,0.0,1,0,1,1,0,0.0,0.2159090909090909,1,0.0,1.0
740,33,126524.11,1,0,0,0,0,0.9244087340782673,0.07575757575757576,1,1.0,0.0
479,34,117593.48,2,0,0,0,0,1.0378096976867475,0.16176470588235295,1,0.0,0.0
627,33,83199.05,1,0,0,0,0,0.5221612601752788,0.13636363636363635,0,1.0,0.0
479,35,125920.98,1,1,0,0,1,6.17427985274418,0.12857142857142856,1,0.0,1.0
623,48,118469.38,1,1,0,0,1,0.7470108218454675,0.11458333333333333,1,0.0,0.0
512,40,153537.57,2,0,0,0,0,6.646035235712032,0.2125,0,1.0,0.0
609,41,0.0,1,1,0,1,1,0.0,0.15853658536585366,1,0.0,0.0
518,42,151027.05,2,0,0,0,0,1.2651124542169954,0.17857142857142858,1,0.0,0.0
833,34,144751.81,1,0,0,0,0,0.869517012916326,0.10294117647058823,0,0.0,0.0
758,26,155739.76,1,0,0,0,0,0.9078228992995869,0.17307692307692307,1,0.0,0.0
611,27,0.0,2,1,0,1,2,0.0,0.2777777777777778,1,0.0,0.0
583,33,122531.86,1,0,0,0,0,9.04278153006884,0.22727272727272727,1,0.0,0.0
610,50,113957.01,2,0,1,0,0,0.579852595730217,0.03,1,1.0,0.0
637,33,103377.81,1,0,0,0,0,1.2245540730611586,0.22727272727272727,0,0.0,0.0
683,32,0.0,2,1,0,1,2,0.0,0.296875,0,0.0,0.0
774,40,93017.47,2,0,0,0,0,0.48545214009479776,0.2375,1,0.0,0.0
677,58,90022.85,1,1,0,0,1,30.11522841620725,0.02586206896551724,0,0.0,0.0
741,35,74371.49,1,0,0,0,0,0.7467266726889564,0.18571428571428572,1,0.0,1.0
498,42,152039.7,1,1,1,0,1,2.844725824132955,0.08333333333333333,1,1.0,0.0
655,46,137145.12,1,0,1,0,0,1.1910396587330674,0.16304347826086957,0,1.0,0.0
613,40,0.0,1,0,0,1,0,0.0,0.1125,1,0.0,0.0
602,35,90602.42,2,1,0,0,2,1.7525863014472376,0.21428571428571427,1,1.0,0.0
659,36,123841.49,2,0,0,0,0,1.2789050333560528,0.18055555555555555,1,0.0,0.0
673,47,183579.54,2,1,0,0,2,5.391700789519903,0.031914893617021274,1,1.0,0.0
606,30,180307.73,2,1,0,0,2,35.476218007762185,0.2833333333333333,1,0.0,1.0
775,30,0.0,2,0,0,1,0,0.0,0.15,1,0.0,0.0
841,28,0.0,2,1,0,1,2,0.0,0.16071428571428573,1,0.0,1.0
714,33,35016.6,1,0,0,0,0,0.6524660468569026,0.10606060606060606,1,1.0,0.0
597,53,88381.21,1,0,1,0,0,1.273766745342809,0.08490566037735849,0,0.0,0.0
726,36,0.0,1,0,0,1,0,0.0,0.06944444444444445,1,0.0,1.0
644,28,155060.41,1,0,0,0,0,5.313832995436682,0.26785714285714285,1,0.0,0.0
800,29,0.0,2,0,0,1,0,0.0,0.08620689655172414,0,0.0,0.0
771,39,0.0,2,0,0,1,0,0.0,0.14102564102564102,1,0.0,0.0
516,35,57369.61,1,1,0,0,1,0.5641020220397545,0.3,1,0.0,0.0
709,36,0.0,1,1,1,1,1,0.0,0.20833333333333334,0,0.0,0.0
772,42,75075.31,2,0,1,0,0,0.808221530265201,0.08333333333333333,1,1.0,0.0
792,28,130142.79,1,0,0,0,0,3.407612580508162,0.16071428571428573,0,0.0,0.0
